analysis_name,yearly_aggregate,window_size,config_type,r_squared,p_value,aic,bic,is_normal,is_homoscedastic,no_autocorrelation,durbin_watson,cv_r2_score,cv_r2_std,vif_PPT,vif_spline_0,vif_spline_1,vif_spline_2,p_value_spline_0,p_value_spline_1,p_value_spline_2,knots,vif_ortho_PPT_lag1,p_value_lag1,vif_ortho_PPT_lag2,p_value_lag2,vif_ortho_PPT_lag3,p_value_lag3,vif_ortho_PPT_lag4,p_value_lag4,vif_ortho_PPT_lag5,p_value_lag5,vif_ortho_sin_cycle,vif_ortho_cos_cycle,p_value_sin,p_value_cos
CPER_yearly_False_window_1_lags_none_sinusoidal_no_spline,False,1,spline_lags_none_sinusoidal_no,0.533,0.0,512.492,520.546,True,True,True,1.687,0.262,0,1.0,1.0,1.0,1.0,0.107,0.694,0.748,"[np.float64(170.3429997), np.float64(286.766), np.float64(326.4964), np.float64(376.7428), np.float64(501.904)]",,,,,,,,,,,,,,
CPER_yearly_False_window_1_lags_1_sinusoidal_no_spline,False,1,spline_lags_1_sinusoidal_no,0.556,0.0,499.254,508.755,True,True,True,1.647,-0.375,0,1.0,1.043,1.226,1.013,0.111,0.426,0.582,"[np.float64(170.3429997), np.float64(286.6935), np.float64(317.512), np.float64(372.922), np.float64(501.904)]",1.281,0.189,,,,,,,,,,,,
CPER_yearly_False_window_1_lags_2_sinusoidal_no_spline,False,1,spline_lags_2_sinusoidal_no,0.508,0.001,489.361,498.693,True,True,True,1.694,-6.137,0,1.0,1.023,1.453,1.008,0.153,0.536,0.991,"[np.float64(170.3429997), np.float64(286.621), np.float64(312.628), np.float64(351.3428), np.float64(501.904)]",,,1.484,0.99,,,,,,,,,,
CPER_yearly_False_window_1_lags_3_sinusoidal_no_spline,False,1,spline_lags_3_sinusoidal_no,0.514,0.023,476.144,485.302,True,True,True,1.679,0.173,0,1.0,1.338,1.194,1.017,0.276,0.449,0.96,"[np.float64(170.3429997), np.float64(286.5485), np.float64(308.5084), np.float64(341.926301), np.float64(501.904)]",,,,,1.549,0.725,,,,,,,,
CPER_yearly_False_window_1_lags_4_sinusoidal_no_spline,False,1,spline_lags_4_sinusoidal_no,0.514,0.002,463.219,472.198,True,True,True,1.644,0.399,0,1.0,1.014,1.061,1.002,0.17,0.596,0.613,"[np.float64(170.3429997), np.float64(286.766), np.float64(320.5068), np.float64(362.1324), np.float64(501.904)]",,,,,,,1.077,0.777,,,,,,
CPER_yearly_False_window_1_lags_5_sinusoidal_no_spline,False,1,spline_lags_5_sinusoidal_no,0.543,0.111,448.469,457.263,True,True,True,1.7,0.294,0,1.0,1.172,1.094,1.021,0.364,0.557,0.987,"[np.float64(170.3429997), np.float64(286.6935), np.float64(323.2404), np.float64(367.5272), np.float64(501.904)]",,,,,,,,,1.287,0.211,,,,
CPER_yearly_False_window_1_lags_none_sinusoidal_yes_spline,False,1,spline_lags_none_sinusoidal_yes,0.598,0.0,510.976,522.252,True,True,True,1.907,0.229,0,1.0,1.048,1.068,1.044,0.13,0.655,0.441,"[np.float64(170.3429997), np.float64(286.766), np.float64(326.4964), np.float64(376.7428), np.float64(501.904)]",,,,,,,,,,,1.107,1.052,0.732,0.038
CPER_yearly_False_window_1_lags_1_sinusoidal_yes_spline,False,1,spline_lags_1_sinusoidal_yes,0.638,0.0,495.851,508.519,False,True,True,2.001,-2.583,0,1.0,1.077,1.313,1.088,0.178,0.439,0.286,"[np.float64(170.3429997), np.float64(286.6935), np.float64(317.512), np.float64(372.922), np.float64(501.904)]",1.297,0.207,,,,,,,,,1.117,1.063,0.925,0.017
CPER_yearly_False_window_1_lags_2_sinusoidal_yes_spline,False,1,spline_lags_2_sinusoidal_yes,0.586,0.002,487.309,499.752,False,True,True,1.996,-1.329,0,1.0,1.058,1.545,1.038,0.205,0.628,0.791,"[np.float64(170.3429997), np.float64(286.621), np.float64(312.628), np.float64(351.3428), np.float64(501.904)]",,,1.511,0.929,,,,,,,1.109,1.021,0.761,0.034
CPER_yearly_False_window_1_lags_3_sinusoidal_yes_spline,False,1,spline_lags_3_sinusoidal_yes,0.602,0.019,473.312,485.523,False,True,True,2.041,0.269,0,1.0,1.379,1.243,1.034,0.265,0.62,0.885,"[np.float64(170.3429997), np.float64(286.5485), np.float64(308.5084), np.float64(341.926301), np.float64(501.904)]",,,,,1.552,0.758,,,,,1.093,1.011,0.711,0.027
CPER_yearly_False_window_1_lags_4_sinusoidal_yes_spline,False,1,spline_lags_4_sinusoidal_yes,0.632,0.0,458.025,469.997,True,True,True,1.963,0.428,0,1.0,1.068,1.1,1.02,0.256,0.789,0.522,"[np.float64(170.3429997), np.float64(286.766), np.float64(320.5068), np.float64(362.1324), np.float64(501.904)]",,,,,,,1.078,0.62,,,1.094,1.015,0.841,0.01
CPER_yearly_False_window_1_lags_5_sinusoidal_yes_spline,False,1,spline_lags_5_sinusoidal_yes,0.611,0.054,447.283,459.009,False,True,True,1.979,0.148,0,1.0,1.241,1.129,1.066,0.353,0.722,0.91,"[np.float64(170.3429997), np.float64(286.6935), np.float64(323.2404), np.float64(367.5272), np.float64(501.904)]",,,,,,,,,1.288,0.319,1.141,1.007,0.871,0.053
CPER_yearly_True_window_1_lags_none_sinusoidal_no_spline,True,1,spline_lags_none_sinusoidal_no,0.533,0.0,512.492,520.546,True,True,True,1.687,0.262,0,1.0,1.0,1.0,1.0,0.107,0.694,0.748,"[np.float64(170.3429997), np.float64(286.766), np.float64(326.4964), np.float64(376.7428), np.float64(501.904)]",,,,,,,,,,,,,,
CPER_yearly_True_window_1_lags_1_sinusoidal_no_spline,True,1,spline_lags_1_sinusoidal_no,0.556,0.0,499.254,508.755,True,True,True,1.647,-0.375,0,1.0,1.043,1.226,1.013,0.111,0.426,0.582,"[np.float64(170.3429997), np.float64(286.6935), np.float64(317.512), np.float64(372.922), np.float64(501.904)]",1.281,0.189,,,,,,,,,,,,
CPER_yearly_True_window_1_lags_2_sinusoidal_no_spline,True,1,spline_lags_2_sinusoidal_no,0.508,0.001,489.361,498.693,True,True,True,1.694,-6.137,0,1.0,1.023,1.453,1.008,0.153,0.536,0.991,"[np.float64(170.3429997), np.float64(286.621), np.float64(312.628), np.float64(351.3428), np.float64(501.904)]",,,1.484,0.99,,,,,,,,,,
CPER_yearly_True_window_1_lags_3_sinusoidal_no_spline,True,1,spline_lags_3_sinusoidal_no,0.514,0.023,476.144,485.302,True,True,True,1.679,0.173,0,1.0,1.338,1.194,1.017,0.276,0.449,0.96,"[np.float64(170.3429997), np.float64(286.5485), np.float64(308.5084), np.float64(341.926301), np.float64(501.904)]",,,,,1.549,0.725,,,,,,,,
CPER_yearly_True_window_1_lags_4_sinusoidal_no_spline,True,1,spline_lags_4_sinusoidal_no,0.514,0.002,463.219,472.198,True,True,True,1.644,0.399,0,1.0,1.014,1.061,1.002,0.17,0.596,0.613,"[np.float64(170.3429997), np.float64(286.766), np.float64(320.5068), np.float64(362.1324), np.float64(501.904)]",,,,,,,1.077,0.777,,,,,,
CPER_yearly_True_window_1_lags_5_sinusoidal_no_spline,True,1,spline_lags_5_sinusoidal_no,0.543,0.111,448.469,457.263,True,True,True,1.7,0.294,0,1.0,1.172,1.094,1.021,0.364,0.557,0.987,"[np.float64(170.3429997), np.float64(286.6935), np.float64(323.2404), np.float64(367.5272), np.float64(501.904)]",,,,,,,,,1.287,0.211,,,,
CPER_yearly_True_window_1_lags_none_sinusoidal_yes_spline,True,1,spline_lags_none_sinusoidal_yes,0.598,0.0,510.976,522.252,True,True,True,1.907,0.229,0,1.0,1.048,1.068,1.044,0.13,0.655,0.441,"[np.float64(170.3429997), np.float64(286.766), np.float64(326.4964), np.float64(376.7428), np.float64(501.904)]",,,,,,,,,,,1.107,1.052,0.732,0.038
CPER_yearly_True_window_1_lags_1_sinusoidal_yes_spline,True,1,spline_lags_1_sinusoidal_yes,0.638,0.0,495.851,508.519,False,True,True,2.001,-2.583,0,1.0,1.077,1.313,1.088,0.178,0.439,0.286,"[np.float64(170.3429997), np.float64(286.6935), np.float64(317.512), np.float64(372.922), np.float64(501.904)]",1.297,0.207,,,,,,,,,1.117,1.063,0.925,0.017
CPER_yearly_True_window_1_lags_2_sinusoidal_yes_spline,True,1,spline_lags_2_sinusoidal_yes,0.586,0.002,487.309,499.752,False,True,True,1.996,-1.329,0,1.0,1.058,1.545,1.038,0.205,0.628,0.791,"[np.float64(170.3429997), np.float64(286.621), np.float64(312.628), np.float64(351.3428), np.float64(501.904)]",,,1.511,0.929,,,,,,,1.109,1.021,0.761,0.034
CPER_yearly_True_window_1_lags_3_sinusoidal_yes_spline,True,1,spline_lags_3_sinusoidal_yes,0.602,0.019,473.312,485.523,False,True,True,2.041,0.269,0,1.0,1.379,1.243,1.034,0.265,0.62,0.885,"[np.float64(170.3429997), np.float64(286.5485), np.float64(308.5084), np.float64(341.926301), np.float64(501.904)]",,,,,1.552,0.758,,,,,1.093,1.011,0.711,0.027
CPER_yearly_True_window_1_lags_4_sinusoidal_yes_spline,True,1,spline_lags_4_sinusoidal_yes,0.632,0.0,458.025,469.997,True,True,True,1.963,0.428,0,1.0,1.068,1.1,1.02,0.256,0.789,0.522,"[np.float64(170.3429997), np.float64(286.766), np.float64(320.5068), np.float64(362.1324), np.float64(501.904)]",,,,,,,1.078,0.62,,,1.094,1.015,0.841,0.01
CPER_yearly_True_window_1_lags_5_sinusoidal_yes_spline,True,1,spline_lags_5_sinusoidal_yes,0.611,0.054,447.283,459.009,False,True,True,1.979,0.148,0,1.0,1.241,1.129,1.066,0.353,0.722,0.91,"[np.float64(170.3429997), np.float64(286.6935), np.float64(323.2404), np.float64(367.5272), np.float64(501.904)]",,,,,,,,,1.288,0.319,1.141,1.007,0.871,0.053
CPER_yearly_False_window_2_lags_none_sinusoidal_no_spline,False,2,spline_lags_none_sinusoidal_no,0.549,0.0,491.572,499.627,False,True,False,0.969,0.357,0,1.0,1.0,1.0,1.0,0.83,0.507,0.291,"[np.float64(207.39100000000002), np.float64(291.3966), np.float64(312.4708), np.float64(332.8744), np.float64(438.27700000000004)]",,,,,,,,,,,,,,
CPER_yearly_False_window_2_lags_1_sinusoidal_no_spline,False,2,spline_lags_1_sinusoidal_no,0.527,0.0,481.727,491.228,True,True,False,0.885,0.279,0,1.0,1.011,1.027,1.004,0.749,0.537,0.674,"[np.float64(207.39100000000002), np.float64(290.151), np.float64(316.0395), np.float64(337.06775), np.float64(438.27700000000004)]",1.043,0.402,,,,,,,,,,,,
CPER_yearly_False_window_2_lags_2_sinusoidal_no_spline,False,2,spline_lags_2_sinusoidal_no,0.477,0.002,471.195,480.528,False,True,False,0.89,0.088,0,1.0,1.022,1.19,1.109,0.775,0.668,0.744,"[np.float64(207.39100000000002), np.float64(296.3526), np.float64(316.9666), np.float64(337.317), np.float64(438.27700000000004)]",,,1.321,0.998,,,,,,,,,,
CPER_yearly_False_window_2_lags_3_sinusoidal_no_spline,False,2,spline_lags_3_sinusoidal_no,0.509,0.012,457.113,466.271,False,True,False,0.903,0.328,0,1.0,1.108,1.099,1.008,0.987,0.545,0.964,"[np.float64(207.39100000000002), np.float64(287.9298), np.float64(307.892), np.float64(331.7615), np.float64(438.27700000000004)]",,,,,1.214,0.421,,,,,,,,
CPER_yearly_False_window_2_lags_4_sinusoidal_no_spline,False,2,spline_lags_4_sinusoidal_no,0.504,0.014,444.788,453.767,False,True,False,1.006,-0.032,0,1.0,1.076,1.154,1.0,0.935,0.62,0.645,"[np.float64(207.39100000000002), np.float64(294.9774), np.float64(313.2836), np.float64(332.4), np.float64(438.27700000000004)]",,,,,,,1.23,0.351,,,,,,
CPER_yearly_False_window_2_lags_5_sinusoidal_no_spline,False,2,spline_lags_5_sinusoidal_no,0.54,0.084,429.998,438.792,False,True,False,1.072,0.339,0,1.0,1.126,1.435,1.036,0.795,0.983,0.734,"[np.float64(207.39100000000002), np.float64(293.6022), np.float64(311.5183), np.float64(331.6338), np.float64(438.27700000000004)]",,,,,,,,,1.597,0.1,,,,
CPER_yearly_False_window_2_lags_none_sinusoidal_yes_spline,False,2,spline_lags_none_sinusoidal_yes,0.634,0.0,487.869,499.145,True,True,False,1.119,0.357,0,1.0,1.032,1.108,1.018,0.953,0.684,0.431,"[np.float64(207.39100000000002), np.float64(291.3966), np.float64(312.4708), np.float64(332.8744), np.float64(438.27700000000004)]",,,,,,,,,,,1.131,1.027,0.945,0.013
CPER_yearly_False_window_2_lags_1_sinusoidal_yes_spline,False,2,spline_lags_1_sinusoidal_yes,0.657,0.0,474.228,486.896,True,True,False,1.139,0.408,0,1.0,1.054,1.16,1.018,0.888,0.738,0.932,"[np.float64(207.39100000000002), np.float64(290.151), np.float64(316.0395), np.float64(337.06775), np.float64(438.27700000000004)]",1.044,0.249,,,,,,,,,1.173,1.016,0.784,0.003
CPER_yearly_False_window_2_lags_2_sinusoidal_yes_spline,False,2,spline_lags_2_sinusoidal_yes,0.627,0.001,463.366,475.809,True,True,False,1.319,0.364,0,1.0,1.067,1.496,1.214,0.778,0.79,0.29,"[np.float64(207.39100000000002), np.float64(296.3526), np.float64(316.9666), np.float64(337.317), np.float64(438.27700000000004)]",,,1.393,0.886,,,,,,,1.29,1.094,0.819,0.003
CPER_yearly_False_window_2_lags_3_sinusoidal_yes_spline,False,2,spline_lags_3_sinusoidal_yes,0.652,0.002,449.438,461.649,False,True,False,1.303,-0.447,0,1.0,1.153,1.297,1.021,0.903,0.789,0.745,"[np.float64(207.39100000000002), np.float64(287.9298), np.float64(307.892), np.float64(331.7615), np.float64(438.27700000000004)]",,,,,1.219,0.708,,,,,1.206,1.047,0.867,0.003
CPER_yearly_False_window_2_lags_4_sinusoidal_yes_spline,False,2,spline_lags_4_sinusoidal_yes,0.655,0.001,436.791,448.763,False,True,False,1.229,0.429,0,1.0,1.172,1.253,1.018,0.794,0.884,0.819,"[np.float64(207.39100000000002), np.float64(294.9774), np.float64(313.2836), np.float64(332.4), np.float64(438.27700000000004)]",,,,,,,1.231,0.627,,,1.182,1.03,0.779,0.003
CPER_yearly_False_window_2_lags_5_sinusoidal_yes_spline,False,2,spline_lags_5_sinusoidal_yes,0.651,0.014,425.211,436.937,False,True,False,1.273,0.559,0,1.0,1.223,1.478,1.094,0.97,0.893,0.807,"[np.float64(207.39100000000002), np.float64(293.6022), np.float64(311.5183), np.float64(331.6338), np.float64(438.27700000000004)]",,,,,,,,,1.601,0.328,1.157,1.036,0.935,0.011
CPER_yearly_True_window_2_lags_none_sinusoidal_no_spline,True,2,spline_lags_none_sinusoidal_no,0.549,0.0,491.572,499.627,False,True,False,0.969,0.357,0,1.0,1.0,1.0,1.0,0.83,0.507,0.291,"[np.float64(207.39100000000002), np.float64(291.3966), np.float64(312.4708), np.float64(332.8744), np.float64(438.27700000000004)]",,,,,,,,,,,,,,
CPER_yearly_True_window_2_lags_1_sinusoidal_no_spline,True,2,spline_lags_1_sinusoidal_no,0.527,0.0,481.727,491.228,True,True,False,0.885,0.279,0,1.0,1.011,1.027,1.004,0.749,0.537,0.674,"[np.float64(207.39100000000002), np.float64(290.151), np.float64(316.0395), np.float64(337.06775), np.float64(438.27700000000004)]",1.043,0.402,,,,,,,,,,,,
CPER_yearly_True_window_2_lags_2_sinusoidal_no_spline,True,2,spline_lags_2_sinusoidal_no,0.477,0.002,471.195,480.528,False,True,False,0.89,0.088,0,1.0,1.022,1.19,1.109,0.775,0.668,0.744,"[np.float64(207.39100000000002), np.float64(296.3526), np.float64(316.9666), np.float64(337.317), np.float64(438.27700000000004)]",,,1.321,0.998,,,,,,,,,,
CPER_yearly_True_window_2_lags_3_sinusoidal_no_spline,True,2,spline_lags_3_sinusoidal_no,0.509,0.012,457.113,466.271,False,True,False,0.903,0.328,0,1.0,1.108,1.099,1.008,0.987,0.545,0.964,"[np.float64(207.39100000000002), np.float64(287.9298), np.float64(307.892), np.float64(331.7615), np.float64(438.27700000000004)]",,,,,1.214,0.421,,,,,,,,
CPER_yearly_True_window_2_lags_4_sinusoidal_no_spline,True,2,spline_lags_4_sinusoidal_no,0.504,0.014,444.788,453.767,False,True,False,1.006,-0.032,0,1.0,1.076,1.154,1.0,0.935,0.62,0.645,"[np.float64(207.39100000000002), np.float64(294.9774), np.float64(313.2836), np.float64(332.4), np.float64(438.27700000000004)]",,,,,,,1.23,0.351,,,,,,
CPER_yearly_True_window_2_lags_5_sinusoidal_no_spline,True,2,spline_lags_5_sinusoidal_no,0.54,0.084,429.998,438.792,False,True,False,1.072,0.339,0,1.0,1.126,1.435,1.036,0.795,0.983,0.734,"[np.float64(207.39100000000002), np.float64(293.6022), np.float64(311.5183), np.float64(331.6338), np.float64(438.27700000000004)]",,,,,,,,,1.597,0.1,,,,
CPER_yearly_True_window_2_lags_none_sinusoidal_yes_spline,True,2,spline_lags_none_sinusoidal_yes,0.634,0.0,487.869,499.145,True,True,False,1.119,0.357,0,1.0,1.032,1.108,1.018,0.953,0.684,0.431,"[np.float64(207.39100000000002), np.float64(291.3966), np.float64(312.4708), np.float64(332.8744), np.float64(438.27700000000004)]",,,,,,,,,,,1.131,1.027,0.945,0.013
CPER_yearly_True_window_2_lags_1_sinusoidal_yes_spline,True,2,spline_lags_1_sinusoidal_yes,0.657,0.0,474.228,486.896,True,True,False,1.139,0.408,0,1.0,1.054,1.16,1.018,0.888,0.738,0.932,"[np.float64(207.39100000000002), np.float64(290.151), np.float64(316.0395), np.float64(337.06775), np.float64(438.27700000000004)]",1.044,0.249,,,,,,,,,1.173,1.016,0.784,0.003
CPER_yearly_True_window_2_lags_2_sinusoidal_yes_spline,True,2,spline_lags_2_sinusoidal_yes,0.627,0.001,463.366,475.809,True,True,False,1.319,0.364,0,1.0,1.067,1.496,1.214,0.778,0.79,0.29,"[np.float64(207.39100000000002), np.float64(296.3526), np.float64(316.9666), np.float64(337.317), np.float64(438.27700000000004)]",,,1.393,0.886,,,,,,,1.29,1.094,0.819,0.003
CPER_yearly_True_window_2_lags_3_sinusoidal_yes_spline,True,2,spline_lags_3_sinusoidal_yes,0.652,0.002,449.438,461.649,False,True,False,1.303,-0.447,0,1.0,1.153,1.297,1.021,0.903,0.789,0.745,"[np.float64(207.39100000000002), np.float64(287.9298), np.float64(307.892), np.float64(331.7615), np.float64(438.27700000000004)]",,,,,1.219,0.708,,,,,1.206,1.047,0.867,0.003
CPER_yearly_True_window_2_lags_4_sinusoidal_yes_spline,True,2,spline_lags_4_sinusoidal_yes,0.655,0.001,436.791,448.763,False,True,False,1.229,0.429,0,1.0,1.172,1.253,1.018,0.794,0.884,0.819,"[np.float64(207.39100000000002), np.float64(294.9774), np.float64(313.2836), np.float64(332.4), np.float64(438.27700000000004)]",,,,,,,1.231,0.627,,,1.182,1.03,0.779,0.003
CPER_yearly_True_window_2_lags_5_sinusoidal_yes_spline,True,2,spline_lags_5_sinusoidal_yes,0.651,0.014,425.211,436.937,False,True,False,1.273,0.559,0,1.0,1.223,1.478,1.094,0.97,0.893,0.807,"[np.float64(207.39100000000002), np.float64(293.6022), np.float64(311.5183), np.float64(331.6338), np.float64(438.27700000000004)]",,,,,,,,,1.601,0.328,1.157,1.036,0.935,0.011
CPER_yearly_False_window_3_lags_none_sinusoidal_no_spline,False,3,spline_lags_none_sinusoidal_no,0.552,0.0,479.553,487.608,True,True,False,0.586,-0.185,0,1.0,1.0,1.0,1.0,0.45,0.556,0.598,"[np.float64(222.30433323333332), np.float64(300.559733), np.float64(316.8552), np.float64(355.409334), np.float64(430.78399999999993)]",,,,,,,,,,,,,,
CPER_yearly_False_window_3_lags_1_sinusoidal_no_spline,False,3,spline_lags_1_sinusoidal_no,0.521,0.0,469.872,479.373,True,True,False,0.554,0.408,0,1.0,1.068,1.004,1.049,0.408,0.677,0.801,"[np.float64(222.30433323333332), np.float64(298.530667), np.float64(314.920667), np.float64(343.955), np.float64(430.78399999999993)]",1.121,0.602,,,,,,,,,,,,
CPER_yearly_False_window_3_lags_2_sinusoidal_no_spline,False,3,spline_lags_2_sinusoidal_no,0.499,0.001,458.41,467.743,True,True,False,0.564,-0.043,0,1.0,1.09,1.126,1.058,0.562,0.675,0.934,"[np.float64(222.30433323333332), np.float64(288.4932), np.float64(310.472667), np.float64(332.457067), np.float64(430.78399999999993)]",,,1.274,0.93,,,,,,,,,,
CPER_yearly_False_window_3_lags_3_sinusoidal_no_spline,False,3,spline_lags_3_sinusoidal_no,0.524,0.01,445.306,454.464,True,True,False,0.578,0.248,0,1.0,1.132,1.093,1.011,0.765,0.596,0.888,"[np.float64(222.30433323333332), np.float64(292.4175), np.float64(319.944133), np.float64(335.9568), np.float64(430.78399999999993)]",,,,,1.236,0.414,,,,,,,,
CPER_yearly_False_window_3_lags_4_sinusoidal_no_spline,False,3,spline_lags_4_sinusoidal_no,0.539,0.031,431.974,440.953,True,True,False,0.673,0.141,0,1.0,1.157,1.087,1.013,0.803,0.616,0.952,"[np.float64(222.30433323333332), np.float64(292.227), np.float64(312.0644), np.float64(339.456533), np.float64(430.78399999999993)]",,,,,,,1.257,0.152,,,,,,
CPER_yearly_False_window_3_lags_5_sinusoidal_no_spline,False,3,spline_lags_5_sinusoidal_no,0.618,0.397,414.124,422.919,True,True,False,0.743,0.452,0,1.0,1.386,1.253,1.011,0.462,0.821,0.682,"[np.float64(222.30433323333332), np.float64(292.025917), np.float64(310.1086), np.float64(326.152933), np.float64(430.78399999999993)]",,,,,,,,,1.65,0.011,,,,
CPER_yearly_False_window_3_lags_none_sinusoidal_yes_spline,False,3,spline_lags_none_sinusoidal_yes,0.686,0.0,470.413,481.69,True,True,False,0.775,0.321,0,1.0,1.038,1.195,1.002,0.848,0.287,0.615,"[np.float64(222.30433323333332), np.float64(300.559733), np.float64(316.8552), np.float64(355.409334), np.float64(430.78399999999993)]",,,,,,,,,,,1.196,1.039,0.53,0.001
CPER_yearly_False_window_3_lags_1_sinusoidal_yes_spline,False,3,spline_lags_1_sinusoidal_yes,0.707,0.0,456.135,468.803,True,True,False,0.98,0.599,0,1.0,1.091,1.283,1.062,0.621,0.784,0.572,"[np.float64(222.30433323333332), np.float64(298.530667), np.float64(314.920667), np.float64(343.955), np.float64(430.78399999999993)]",1.124,0.501,,,,,,,,,1.29,1.022,0.614,0.0
CPER_yearly_False_window_3_lags_2_sinusoidal_yes_spline,False,3,spline_lags_2_sinusoidal_yes,0.723,0.0,441.717,454.16,True,True,False,1.004,0.473,0,1.0,1.112,1.437,1.061,0.907,0.848,0.97,"[np.float64(222.30433323333332), np.float64(288.4932), np.float64(310.472667), np.float64(332.457067), np.float64(430.78399999999993)]",,,1.298,0.918,,,,,,,1.293,1.019,0.718,0.0
CPER_yearly_False_window_3_lags_3_sinusoidal_yes_spline,False,3,spline_lags_3_sinusoidal_yes,0.733,0.001,429.595,441.805,False,True,False,0.97,0.653,0,1.0,1.166,1.408,1.037,0.903,0.867,0.91,"[np.float64(222.30433323333332), np.float64(292.4175), np.float64(319.944133), np.float64(335.9568), np.float64(430.78399999999993)]",,,,,1.251,0.511,,,,,1.35,1.01,0.917,0.0
CPER_yearly_False_window_3_lags_4_sinusoidal_yes_spline,False,3,spline_lags_4_sinusoidal_yes,0.729,0.002,418.423,430.395,False,True,False,0.92,0.552,0,1.0,1.183,1.273,1.045,0.979,0.82,0.818,"[np.float64(222.30433323333332), np.float64(292.227), np.float64(312.0644), np.float64(339.456533), np.float64(430.78399999999993)]",,,,,,,1.263,0.249,,,1.233,1.005,0.799,0.0
CPER_yearly_False_window_3_lags_5_sinusoidal_yes_spline,False,3,spline_lags_5_sinusoidal_yes,0.744,0.079,405.327,417.053,False,True,False,0.996,0.621,0,1.0,1.446,1.417,1.038,0.569,0.946,0.99,"[np.float64(222.30433323333332), np.float64(292.025917), np.float64(310.1086), np.float64(326.152933), np.float64(430.78399999999993)]",,,,,,,,,1.653,0.044,1.237,1.01,0.794,0.002
CPER_yearly_True_window_3_lags_none_sinusoidal_no_spline,True,3,spline_lags_none_sinusoidal_no,0.552,0.0,479.553,487.608,True,True,False,0.586,-0.185,0,1.0,1.0,1.0,1.0,0.45,0.556,0.598,"[np.float64(222.30433323333332), np.float64(300.559733), np.float64(316.8552), np.float64(355.409334), np.float64(430.78399999999993)]",,,,,,,,,,,,,,
CPER_yearly_True_window_3_lags_1_sinusoidal_no_spline,True,3,spline_lags_1_sinusoidal_no,0.521,0.0,469.872,479.373,True,True,False,0.554,0.408,0,1.0,1.068,1.004,1.049,0.408,0.677,0.801,"[np.float64(222.30433323333332), np.float64(298.530667), np.float64(314.920667), np.float64(343.955), np.float64(430.78399999999993)]",1.121,0.602,,,,,,,,,,,,
CPER_yearly_True_window_3_lags_2_sinusoidal_no_spline,True,3,spline_lags_2_sinusoidal_no,0.499,0.001,458.41,467.743,True,True,False,0.564,-0.043,0,1.0,1.09,1.126,1.058,0.562,0.675,0.934,"[np.float64(222.30433323333332), np.float64(288.4932), np.float64(310.472667), np.float64(332.457067), np.float64(430.78399999999993)]",,,1.274,0.93,,,,,,,,,,
CPER_yearly_True_window_3_lags_3_sinusoidal_no_spline,True,3,spline_lags_3_sinusoidal_no,0.524,0.01,445.306,454.464,True,True,False,0.578,0.248,0,1.0,1.132,1.093,1.011,0.765,0.596,0.888,"[np.float64(222.30433323333332), np.float64(292.4175), np.float64(319.944133), np.float64(335.9568), np.float64(430.78399999999993)]",,,,,1.236,0.414,,,,,,,,
CPER_yearly_True_window_3_lags_4_sinusoidal_no_spline,True,3,spline_lags_4_sinusoidal_no,0.539,0.031,431.974,440.953,True,True,False,0.673,0.141,0,1.0,1.157,1.087,1.013,0.803,0.616,0.952,"[np.float64(222.30433323333332), np.float64(292.227), np.float64(312.0644), np.float64(339.456533), np.float64(430.78399999999993)]",,,,,,,1.257,0.152,,,,,,
CPER_yearly_True_window_3_lags_5_sinusoidal_no_spline,True,3,spline_lags_5_sinusoidal_no,0.618,0.397,414.124,422.919,True,True,False,0.743,0.452,0,1.0,1.386,1.253,1.011,0.462,0.821,0.682,"[np.float64(222.30433323333332), np.float64(292.025917), np.float64(310.1086), np.float64(326.152933), np.float64(430.78399999999993)]",,,,,,,,,1.65,0.011,,,,
CPER_yearly_True_window_3_lags_none_sinusoidal_yes_spline,True,3,spline_lags_none_sinusoidal_yes,0.686,0.0,470.413,481.69,True,True,False,0.775,0.321,0,1.0,1.038,1.195,1.002,0.848,0.287,0.615,"[np.float64(222.30433323333332), np.float64(300.559733), np.float64(316.8552), np.float64(355.409334), np.float64(430.78399999999993)]",,,,,,,,,,,1.196,1.039,0.53,0.001
CPER_yearly_True_window_3_lags_1_sinusoidal_yes_spline,True,3,spline_lags_1_sinusoidal_yes,0.707,0.0,456.135,468.803,True,True,False,0.98,0.599,0,1.0,1.091,1.283,1.062,0.621,0.784,0.572,"[np.float64(222.30433323333332), np.float64(298.530667), np.float64(314.920667), np.float64(343.955), np.float64(430.78399999999993)]",1.124,0.501,,,,,,,,,1.29,1.022,0.614,0.0
CPER_yearly_True_window_3_lags_2_sinusoidal_yes_spline,True,3,spline_lags_2_sinusoidal_yes,0.723,0.0,441.717,454.16,True,True,False,1.004,0.473,0,1.0,1.112,1.437,1.061,0.907,0.848,0.97,"[np.float64(222.30433323333332), np.float64(288.4932), np.float64(310.472667), np.float64(332.457067), np.float64(430.78399999999993)]",,,1.298,0.918,,,,,,,1.293,1.019,0.718,0.0
CPER_yearly_True_window_3_lags_3_sinusoidal_yes_spline,True,3,spline_lags_3_sinusoidal_yes,0.733,0.001,429.595,441.805,False,True,False,0.97,0.653,0,1.0,1.166,1.408,1.037,0.903,0.867,0.91,"[np.float64(222.30433323333332), np.float64(292.4175), np.float64(319.944133), np.float64(335.9568), np.float64(430.78399999999993)]",,,,,1.251,0.511,,,,,1.35,1.01,0.917,0.0
CPER_yearly_True_window_3_lags_4_sinusoidal_yes_spline,True,3,spline_lags_4_sinusoidal_yes,0.729,0.002,418.423,430.395,False,True,False,0.92,0.552,0,1.0,1.183,1.273,1.045,0.979,0.82,0.818,"[np.float64(222.30433323333332), np.float64(292.227), np.float64(312.0644), np.float64(339.456533), np.float64(430.78399999999993)]",,,,,,,1.263,0.249,,,1.233,1.005,0.799,0.0
CPER_yearly_True_window_3_lags_5_sinusoidal_yes_spline,True,3,spline_lags_5_sinusoidal_yes,0.744,0.079,405.327,417.053,False,True,False,0.996,0.621,0,1.0,1.446,1.417,1.038,0.569,0.946,0.99,"[np.float64(222.30433323333332), np.float64(292.025917), np.float64(310.1086), np.float64(326.152933), np.float64(430.78399999999993)]",,,,,,,,,1.653,0.044,1.237,1.01,0.794,0.002
CPER_yearly_False_window_4_lags_none_sinusoidal_no_spline,False,4,spline_lags_none_sinusoidal_no,0.555,0.0,468.167,476.222,True,False,False,0.644,0.234,0,1.0,1.0,1.0,1.0,0.438,0.792,0.282,"[np.float64(252.147500275), np.float64(305.6781), np.float64(317.5), np.float64(345.26825), np.float64(421.64)]",,,,,,,,,,,,,,
CPER_yearly_False_window_4_lags_1_sinusoidal_no_spline,False,4,spline_lags_1_sinusoidal_no,0.5,0.0,459.439,468.94,True,True,False,0.527,0.1,0,1.0,1.006,1.001,1.0,0.339,0.777,0.847,"[np.float64(252.147500275), np.float64(299.3035), np.float64(313.355375), np.float64(326.350625), np.float64(421.64)]",1.008,0.462,,,,,,,,,,,,
CPER_yearly_False_window_4_lags_2_sinusoidal_no_spline,False,4,spline_lags_2_sinusoidal_no,0.48,0.001,447.682,457.014,True,True,False,0.591,0.36,0,1.0,1.179,1.045,1.126,0.475,0.605,0.762,"[np.float64(252.147500275), np.float64(292.778233), np.float64(307.2765), np.float64(341.01105), np.float64(421.64)]",,,1.35,0.87,,,,,,,,,,
CPER_yearly_False_window_4_lags_3_sinusoidal_no_spline,False,4,spline_lags_3_sinusoidal_no,0.515,0.007,434.545,443.703,True,True,False,0.58,-2.484,0,1.0,1.235,1.048,1.027,0.709,0.734,0.833,"[np.float64(252.147500275), np.float64(299.59205), np.float64(313.2992), np.float64(342.0736), np.float64(421.64)]",,,,,1.31,0.264,,,,,,,,
CPER_yearly_False_window_4_lags_4_sinusoidal_no_spline,False,4,spline_lags_4_sinusoidal_no,0.549,0.082,419.885,428.864,True,False,False,0.63,0.18,0,1.0,1.362,1.072,1.035,0.796,0.669,0.665,"[np.float64(252.147500275), np.float64(299.8806), np.float64(315.9252), np.float64(343.13615), np.float64(421.64)]",,,,,,,1.469,0.044,,,,,,
CPER_yearly_False_window_4_lags_5_sinusoidal_no_spline,False,4,spline_lags_5_sinusoidal_no,0.635,0.608,401.598,410.393,True,True,False,0.598,0.419,0,1.0,1.409,1.092,1.021,0.374,0.76,0.555,"[np.float64(252.147500275), np.float64(301.5886), np.float64(318.262), np.float64(344.1987), np.float64(421.64)]",,,,,,,,,1.522,0.003,,,,
CPER_yearly_False_window_4_lags_none_sinusoidal_yes_spline,False,4,spline_lags_none_sinusoidal_yes,0.704,0.0,457.096,468.372,True,True,False,0.811,0.456,0,1.0,1.064,1.208,1.008,0.996,0.645,0.133,"[np.float64(252.147500275), np.float64(305.6781), np.float64(317.5), np.float64(345.26825), np.float64(421.64)]",,,,,,,,,,,1.143,1.138,0.876,0.001
CPER_yearly_False_window_4_lags_1_sinusoidal_yes_spline,False,4,spline_lags_1_sinusoidal_yes,0.768,0.0,435.833,448.501,True,True,False,0.791,0.395,0,1.0,1.066,1.246,1.016,0.913,0.587,0.67,"[np.float64(252.147500275), np.float64(299.3035), np.float64(313.355375), np.float64(326.350625), np.float64(421.64)]",1.008,0.276,,,,,,,,,1.241,1.078,0.807,0.0
CPER_yearly_False_window_4_lags_2_sinusoidal_yes_spline,False,4,spline_lags_2_sinusoidal_yes,0.788,0.0,420.266,432.709,True,True,False,0.967,0.645,0,1.0,1.246,1.324,1.157,0.735,0.24,0.617,"[np.float64(252.147500275), np.float64(292.778233), np.float64(307.2765), np.float64(341.01105), np.float64(421.64)]",,,1.386,0.694,,,,,,,1.271,1.069,0.381,0.0
CPER_yearly_False_window_4_lags_3_sinusoidal_yes_spline,False,4,spline_lags_3_sinusoidal_yes,0.788,0.0,410.425,422.636,True,True,False,0.91,-4.848,0,1.0,1.268,1.334,1.059,0.641,0.333,0.783,"[np.float64(252.147500275), np.float64(299.59205), np.float64(313.2992), np.float64(342.0736), np.float64(421.64)]",,,,,1.338,0.122,,,,,1.288,1.035,0.311,0.0
CPER_yearly_False_window_4_lags_4_sinusoidal_yes_spline,False,4,spline_lags_4_sinusoidal_yes,0.78,0.012,400.194,412.166,True,True,False,0.902,0.638,0,1.0,1.373,1.291,1.13,0.539,0.448,0.555,"[np.float64(252.147500275), np.float64(299.8806), np.float64(315.9252), np.float64(343.13615), np.float64(421.64)]",,,,,,,1.482,0.038,,,1.281,1.031,0.291,0.0
CPER_yearly_False_window_4_lags_5_sinusoidal_yes_spline,False,4,spline_lags_5_sinusoidal_yes,0.81,0.158,384.748,396.474,True,True,False,0.95,0.597,0,1.0,1.439,1.303,1.031,0.169,0.496,0.493,"[np.float64(252.147500275), np.float64(301.5886), np.float64(318.262), np.float64(344.1987), np.float64(421.64)]",,,,,,,,,1.528,0.002,1.222,1.023,0.454,0.0
CPER_yearly_True_window_4_lags_none_sinusoidal_no_spline,True,4,spline_lags_none_sinusoidal_no,0.555,0.0,468.167,476.222,True,False,False,0.644,0.234,0,1.0,1.0,1.0,1.0,0.438,0.792,0.282,"[np.float64(252.147500275), np.float64(305.6781), np.float64(317.5), np.float64(345.26825), np.float64(421.64)]",,,,,,,,,,,,,,
CPER_yearly_True_window_4_lags_1_sinusoidal_no_spline,True,4,spline_lags_1_sinusoidal_no,0.5,0.0,459.439,468.94,True,True,False,0.527,0.1,0,1.0,1.006,1.001,1.0,0.339,0.777,0.847,"[np.float64(252.147500275), np.float64(299.3035), np.float64(313.355375), np.float64(326.350625), np.float64(421.64)]",1.008,0.462,,,,,,,,,,,,
CPER_yearly_True_window_4_lags_2_sinusoidal_no_spline,True,4,spline_lags_2_sinusoidal_no,0.48,0.001,447.682,457.014,True,True,False,0.591,0.36,0,1.0,1.179,1.045,1.126,0.475,0.605,0.762,"[np.float64(252.147500275), np.float64(292.778233), np.float64(307.2765), np.float64(341.01105), np.float64(421.64)]",,,1.35,0.87,,,,,,,,,,
CPER_yearly_True_window_4_lags_3_sinusoidal_no_spline,True,4,spline_lags_3_sinusoidal_no,0.515,0.007,434.545,443.703,True,True,False,0.58,-2.484,0,1.0,1.235,1.048,1.027,0.709,0.734,0.833,"[np.float64(252.147500275), np.float64(299.59205), np.float64(313.2992), np.float64(342.0736), np.float64(421.64)]",,,,,1.31,0.264,,,,,,,,
CPER_yearly_True_window_4_lags_4_sinusoidal_no_spline,True,4,spline_lags_4_sinusoidal_no,0.549,0.082,419.885,428.864,True,False,False,0.63,0.18,0,1.0,1.362,1.072,1.035,0.796,0.669,0.665,"[np.float64(252.147500275), np.float64(299.8806), np.float64(315.9252), np.float64(343.13615), np.float64(421.64)]",,,,,,,1.469,0.044,,,,,,
CPER_yearly_True_window_4_lags_5_sinusoidal_no_spline,True,4,spline_lags_5_sinusoidal_no,0.635,0.608,401.598,410.393,True,True,False,0.598,0.419,0,1.0,1.409,1.092,1.021,0.374,0.76,0.555,"[np.float64(252.147500275), np.float64(301.5886), np.float64(318.262), np.float64(344.1987), np.float64(421.64)]",,,,,,,,,1.522,0.003,,,,
CPER_yearly_True_window_4_lags_none_sinusoidal_yes_spline,True,4,spline_lags_none_sinusoidal_yes,0.704,0.0,457.096,468.372,True,True,False,0.811,0.456,0,1.0,1.064,1.208,1.008,0.996,0.645,0.133,"[np.float64(252.147500275), np.float64(305.6781), np.float64(317.5), np.float64(345.26825), np.float64(421.64)]",,,,,,,,,,,1.143,1.138,0.876,0.001
CPER_yearly_True_window_4_lags_1_sinusoidal_yes_spline,True,4,spline_lags_1_sinusoidal_yes,0.768,0.0,435.833,448.501,True,True,False,0.791,0.395,0,1.0,1.066,1.246,1.016,0.913,0.587,0.67,"[np.float64(252.147500275), np.float64(299.3035), np.float64(313.355375), np.float64(326.350625), np.float64(421.64)]",1.008,0.276,,,,,,,,,1.241,1.078,0.807,0.0
CPER_yearly_True_window_4_lags_2_sinusoidal_yes_spline,True,4,spline_lags_2_sinusoidal_yes,0.788,0.0,420.266,432.709,True,True,False,0.967,0.645,0,1.0,1.246,1.324,1.157,0.735,0.24,0.617,"[np.float64(252.147500275), np.float64(292.778233), np.float64(307.2765), np.float64(341.01105), np.float64(421.64)]",,,1.386,0.694,,,,,,,1.271,1.069,0.381,0.0
CPER_yearly_True_window_4_lags_3_sinusoidal_yes_spline,True,4,spline_lags_3_sinusoidal_yes,0.788,0.0,410.425,422.636,True,True,False,0.91,-4.848,0,1.0,1.268,1.334,1.059,0.641,0.333,0.783,"[np.float64(252.147500275), np.float64(299.59205), np.float64(313.2992), np.float64(342.0736), np.float64(421.64)]",,,,,1.338,0.122,,,,,1.288,1.035,0.311,0.0
CPER_yearly_True_window_4_lags_4_sinusoidal_yes_spline,True,4,spline_lags_4_sinusoidal_yes,0.78,0.012,400.194,412.166,True,True,False,0.902,0.638,0,1.0,1.373,1.291,1.13,0.539,0.448,0.555,"[np.float64(252.147500275), np.float64(299.8806), np.float64(315.9252), np.float64(343.13615), np.float64(421.64)]",,,,,,,1.482,0.038,,,1.281,1.031,0.291,0.0
CPER_yearly_True_window_4_lags_5_sinusoidal_yes_spline,True,4,spline_lags_5_sinusoidal_yes,0.81,0.158,384.748,396.474,True,True,False,0.95,0.597,0,1.0,1.439,1.303,1.031,0.169,0.496,0.493,"[np.float64(252.147500275), np.float64(301.5886), np.float64(318.262), np.float64(344.1987), np.float64(421.64)]",,,,,,,,,1.528,0.002,1.222,1.023,0.454,0.0
CPER_yearly_False_window_5_lags_none_sinusoidal_no_spline,False,5,spline_lags_none_sinusoidal_no,0.58,0.0,458.167,466.222,True,True,False,0.462,-0.695,0,1.0,1.0,1.0,1.0,0.138,0.493,0.868,"[np.float64(247.59040022), np.float64(302.50912), np.float64(320.93408), np.float64(343.92066), np.float64(415.962)]",,,,,,,,,,,,,,
CPER_yearly_False_window_5_lags_1_sinusoidal_no_spline,False,5,spline_lags_1_sinusoidal_no,0.554,0.0,448.21,457.711,True,True,False,0.493,-0.085,0,1.0,1.058,1.0,1.007,0.097,0.626,0.998,"[np.float64(247.59040022), np.float64(302.0656), np.float64(315.89025), np.float64(329.3128), np.float64(415.962)]",1.065,0.99,,,,,,,,,,,,
CPER_yearly_False_window_5_lags_2_sinusoidal_no_spline,False,5,spline_lags_2_sinusoidal_no,0.569,0.0,435.614,444.946,True,True,False,0.483,-0.436,0,1.0,1.045,1.077,1.006,0.163,0.488,0.805,"[np.float64(247.59040022), np.float64(299.02808), np.float64(318.1688), np.float64(332.52808), np.float64(415.962)]",,,1.128,0.352,,,,,,,,,,
CPER_yearly_False_window_5_lags_3_sinusoidal_no_spline,False,5,spline_lags_3_sinusoidal_no,0.587,0.003,423.516,432.674,True,True,False,0.495,0.408,0,1.0,1.16,1.087,1.005,0.363,0.543,0.827,"[np.float64(247.59040022), np.float64(299.09556), np.float64(320.33972), np.float64(335.74336), np.float64(415.962)]",,,,,1.251,0.16,,,,,,,,
CPER_yearly_False_window_5_lags_4_sinusoidal_no_spline,False,5,spline_lags_4_sinusoidal_no,0.612,0.02,409.759,418.738,True,True,False,0.536,0.389,0,1.0,1.147,1.108,1.001,0.482,0.516,0.797,"[np.float64(247.59040022), np.float64(299.1052), np.float64(320.93408), np.float64(338.95864), np.float64(415.962)]",,,,,,,1.256,0.041,,,,,,
CPER_yearly_False_window_5_lags_5_sinusoidal_no_spline,False,5,spline_lags_5_sinusoidal_no,0.683,0.474,391.894,400.688,True,False,False,0.477,0.467,0,1.0,1.527,1.153,1.005,0.809,0.603,0.401,"[np.float64(247.59040022000005), np.float64(299.13072), np.float64(311.7572), np.float64(342.17392), np.float64(415.962)]",,,,,,,,,1.685,0.003,,,,
CPER_yearly_False_window_5_lags_none_sinusoidal_yes_spline,False,5,spline_lags_none_sinusoidal_yes,0.757,0.0,441.943,453.22,True,True,False,0.616,0.387,0,1.0,1.044,1.216,1.134,0.259,0.956,0.099,"[np.float64(247.59040022), np.float64(302.50912), np.float64(320.93408), np.float64(343.92066), np.float64(415.962)]",,,,,,,,,,,1.21,1.183,0.863,0.0
CPER_yearly_False_window_5_lags_1_sinusoidal_yes_spline,False,5,spline_lags_1_sinusoidal_yes,0.804,0.0,422.6,435.268,True,True,False,0.965,0.381,0,1.0,1.085,1.288,1.06,0.134,0.201,0.323,"[np.float64(247.59040022), np.float64(302.0656), np.float64(315.89025), np.float64(329.3128), np.float64(415.962)]",1.067,0.839,,,,,,,,,1.301,1.065,0.864,0.0
CPER_yearly_False_window_5_lags_2_sinusoidal_yes_spline,False,5,spline_lags_2_sinusoidal_yes,0.838,0.0,405.339,417.781,True,True,False,0.919,0.184,0,1.0,1.11,1.418,1.032,0.559,0.157,0.329,"[np.float64(247.59040022), np.float64(299.02808), np.float64(318.1688), np.float64(332.52808), np.float64(415.962)]",,,1.159,0.082,,,,,,,1.331,1.069,0.699,0.0
CPER_yearly_False_window_5_lags_3_sinusoidal_yes_spline,False,5,spline_lags_3_sinusoidal_yes,0.845,0.0,394.245,406.456,True,True,False,0.834,0.586,0,1.0,1.185,1.401,1.031,0.631,0.161,0.961,"[np.float64(247.59040022), np.float64(299.09556), np.float64(320.33972), np.float64(335.74336), np.float64(415.962)]",,,,,1.28,0.041,,,,,1.312,1.024,0.671,0.0
CPER_yearly_False_window_5_lags_4_sinusoidal_yes_spline,False,5,spline_lags_4_sinusoidal_yes,0.843,0.0,384.029,396.001,True,True,False,0.781,0.746,0,1.0,1.176,1.345,1.003,0.841,0.177,0.848,"[np.float64(247.59040022), np.float64(299.1052), np.float64(320.93408), np.float64(338.95864), np.float64(415.962)]",,,,,,,1.274,0.013,,,1.227,1.024,0.834,0.0
CPER_yearly_False_window_5_lags_5_sinusoidal_yes_spline,False,5,spline_lags_5_sinusoidal_yes,0.86,0.081,369.674,381.4,True,True,False,0.837,0.744,0,1.0,1.539,1.349,1.045,0.554,0.192,0.426,"[np.float64(247.59040022000005), np.float64(299.13072), np.float64(311.7572), np.float64(342.17392), np.float64(415.962)]",,,,,,,,,1.702,0.001,1.22,1.011,0.815,0.0
CPER_yearly_True_window_5_lags_none_sinusoidal_no_spline,True,5,spline_lags_none_sinusoidal_no,0.58,0.0,458.167,466.222,True,True,False,0.462,-0.695,0,1.0,1.0,1.0,1.0,0.138,0.493,0.868,"[np.float64(247.59040022), np.float64(302.50912), np.float64(320.93408), np.float64(343.92066), np.float64(415.962)]",,,,,,,,,,,,,,
CPER_yearly_True_window_5_lags_1_sinusoidal_no_spline,True,5,spline_lags_1_sinusoidal_no,0.554,0.0,448.21,457.711,True,True,False,0.493,-0.085,0,1.0,1.058,1.0,1.007,0.097,0.626,0.998,"[np.float64(247.59040022), np.float64(302.0656), np.float64(315.89025), np.float64(329.3128), np.float64(415.962)]",1.065,0.99,,,,,,,,,,,,
CPER_yearly_True_window_5_lags_2_sinusoidal_no_spline,True,5,spline_lags_2_sinusoidal_no,0.569,0.0,435.614,444.946,True,True,False,0.483,-0.436,0,1.0,1.045,1.077,1.006,0.163,0.488,0.805,"[np.float64(247.59040022), np.float64(299.02808), np.float64(318.1688), np.float64(332.52808), np.float64(415.962)]",,,1.128,0.352,,,,,,,,,,
CPER_yearly_True_window_5_lags_3_sinusoidal_no_spline,True,5,spline_lags_3_sinusoidal_no,0.587,0.003,423.516,432.674,True,True,False,0.495,0.408,0,1.0,1.16,1.087,1.005,0.363,0.543,0.827,"[np.float64(247.59040022), np.float64(299.09556), np.float64(320.33972), np.float64(335.74336), np.float64(415.962)]",,,,,1.251,0.16,,,,,,,,
CPER_yearly_True_window_5_lags_4_sinusoidal_no_spline,True,5,spline_lags_4_sinusoidal_no,0.612,0.02,409.759,418.738,True,True,False,0.536,0.389,0,1.0,1.147,1.108,1.001,0.482,0.516,0.797,"[np.float64(247.59040022), np.float64(299.1052), np.float64(320.93408), np.float64(338.95864), np.float64(415.962)]",,,,,,,1.256,0.041,,,,,,
CPER_yearly_True_window_5_lags_5_sinusoidal_no_spline,True,5,spline_lags_5_sinusoidal_no,0.683,0.474,391.894,400.688,True,False,False,0.477,0.467,0,1.0,1.527,1.153,1.005,0.809,0.603,0.401,"[np.float64(247.59040022000005), np.float64(299.13072), np.float64(311.7572), np.float64(342.17392), np.float64(415.962)]",,,,,,,,,1.685,0.003,,,,
CPER_yearly_True_window_5_lags_none_sinusoidal_yes_spline,True,5,spline_lags_none_sinusoidal_yes,0.757,0.0,441.943,453.22,True,True,False,0.616,0.387,0,1.0,1.044,1.216,1.134,0.259,0.956,0.099,"[np.float64(247.59040022), np.float64(302.50912), np.float64(320.93408), np.float64(343.92066), np.float64(415.962)]",,,,,,,,,,,1.21,1.183,0.863,0.0
CPER_yearly_True_window_5_lags_1_sinusoidal_yes_spline,True,5,spline_lags_1_sinusoidal_yes,0.804,0.0,422.6,435.268,True,True,False,0.965,0.381,0,1.0,1.085,1.288,1.06,0.134,0.201,0.323,"[np.float64(247.59040022), np.float64(302.0656), np.float64(315.89025), np.float64(329.3128), np.float64(415.962)]",1.067,0.839,,,,,,,,,1.301,1.065,0.864,0.0
CPER_yearly_True_window_5_lags_2_sinusoidal_yes_spline,True,5,spline_lags_2_sinusoidal_yes,0.838,0.0,405.339,417.781,True,True,False,0.919,0.184,0,1.0,1.11,1.418,1.032,0.559,0.157,0.329,"[np.float64(247.59040022), np.float64(299.02808), np.float64(318.1688), np.float64(332.52808), np.float64(415.962)]",,,1.159,0.082,,,,,,,1.331,1.069,0.699,0.0
CPER_yearly_True_window_5_lags_3_sinusoidal_yes_spline,True,5,spline_lags_3_sinusoidal_yes,0.845,0.0,394.245,406.456,True,True,False,0.834,0.586,0,1.0,1.185,1.401,1.031,0.631,0.161,0.961,"[np.float64(247.59040022), np.float64(299.09556), np.float64(320.33972), np.float64(335.74336), np.float64(415.962)]",,,,,1.28,0.041,,,,,1.312,1.024,0.671,0.0
CPER_yearly_True_window_5_lags_4_sinusoidal_yes_spline,True,5,spline_lags_4_sinusoidal_yes,0.843,0.0,384.029,396.001,True,True,False,0.781,0.746,0,1.0,1.176,1.345,1.003,0.841,0.177,0.848,"[np.float64(247.59040022), np.float64(299.1052), np.float64(320.93408), np.float64(338.95864), np.float64(415.962)]",,,,,,,1.274,0.013,,,1.227,1.024,0.834,0.0
CPER_yearly_True_window_5_lags_5_sinusoidal_yes_spline,True,5,spline_lags_5_sinusoidal_yes,0.86,0.081,369.674,381.4,True,True,False,0.837,0.744,0,1.0,1.539,1.349,1.045,0.554,0.192,0.426,"[np.float64(247.59040022000005), np.float64(299.13072), np.float64(311.7572), np.float64(342.17392), np.float64(415.962)]",,,,,,,,,1.702,0.001,1.22,1.011,0.815,0.0
CPER_yearly_False_window_6_lags_none_sinusoidal_no_spline,False,6,spline_lags_none_sinusoidal_no,0.585,0.0,449.66,457.715,False,True,False,0.598,0.442,0,1.0,1.0,1.0,1.0,0.039,0.594,0.597,"[np.float64(269.2750001833333), np.float64(301.9092), np.float64(314.529733), np.float64(338.0465), np.float64(396.9256666666667)]",,,,,,,,,,,,,,
CPER_yearly_False_window_6_lags_1_sinusoidal_no_spline,False,6,spline_lags_1_sinusoidal_no,0.558,0.001,439.253,448.754,False,True,False,0.665,-3.13,0,1.0,1.005,1.0,1.005,0.032,0.451,0.925,"[np.float64(269.2750001833333), np.float64(297.307), np.float64(310.42075), np.float64(338.955667), np.float64(396.9256666666667)]",1.01,0.698,,,,,,,,,,,,
CPER_yearly_False_window_6_lags_2_sinusoidal_no_spline,False,6,spline_lags_2_sinusoidal_no,0.591,0.001,425.548,434.88,False,True,False,0.67,0.381,0,1.0,1.11,1.083,1.003,0.075,0.297,0.933,"[np.float64(269.2750001833333), np.float64(297.0575), np.float64(310.2233), np.float64(339.190267), np.float64(396.9256666666667)]",,,1.197,0.136,,,,,,,,,,
CPER_yearly_False_window_6_lags_3_sinusoidal_no_spline,False,6,spline_lags_3_sinusoidal_no,0.634,0.008,411.765,420.923,False,True,False,0.699,0.517,0,1.0,1.135,1.062,1.013,0.088,0.394,0.963,"[np.float64(269.2750001833333), np.float64(297.434), np.float64(310.684017), np.float64(339.424867), np.float64(396.9256666666667)]",,,,,1.21,0.024,,,,,,,,
CPER_yearly_False_window_6_lags_4_sinusoidal_no_spline,False,6,spline_lags_4_sinusoidal_no,0.632,0.028,400.49,409.469,True,True,False,0.716,0.448,0,1.0,1.181,1.035,1.007,0.21,0.467,0.974,"[np.float64(269.2750001833333), np.float64(301.8064), np.float64(318.092667), np.float64(339.659467), np.float64(396.9256666666667)]",,,,,,,1.223,0.019,,,,,,
CPER_yearly_False_window_6_lags_5_sinusoidal_no_spline,False,6,spline_lags_5_sinusoidal_no,0.691,0.279,383.7,392.494,True,True,False,0.659,0.551,0,1.0,1.236,1.046,1.0,0.349,0.435,0.477,"[np.float64(269.27500018333336), np.float64(301.9349), np.float64(319.235667), np.float64(339.894067), np.float64(396.9256666666667)]",,,,,,,,,1.282,0.002,,,,
CPER_yearly_False_window_6_lags_none_sinusoidal_yes_spline,False,6,spline_lags_none_sinusoidal_yes,0.743,0.0,435.926,447.202,True,True,False,0.774,0.499,0,1.0,1.068,1.115,1.067,0.053,0.674,0.181,"[np.float64(269.2750001833333), np.float64(301.9092), np.float64(314.529733), np.float64(338.0465), np.float64(396.9256666666667)]",,,,,,,,,,,1.125,1.125,0.599,0.0
CPER_yearly_False_window_6_lags_1_sinusoidal_yes_spline,False,6,spline_lags_1_sinusoidal_yes,0.805,0.0,413.813,426.481,True,True,False,0.982,0.435,0,1.0,1.105,1.122,1.054,0.074,0.25,0.324,"[np.float64(269.2750001833333), np.float64(297.307), np.float64(310.42075), np.float64(338.955667), np.float64(396.9256666666667)]",1.012,0.515,,,,,,,,,1.192,1.077,0.439,0.0
CPER_yearly_False_window_6_lags_2_sinusoidal_yes_spline,False,6,spline_lags_2_sinusoidal_yes,0.823,0.0,400.359,412.802,True,True,False,0.981,0.586,0,1.0,1.261,1.251,1.028,0.254,0.228,0.422,"[np.float64(269.2750001833333), np.float64(297.0575), np.float64(310.2233), np.float64(339.190267), np.float64(396.9256666666667)]",,,1.234,0.027,,,,,,,1.23,1.075,0.317,0.0
CPER_yearly_False_window_6_lags_3_sinusoidal_yes_spline,False,6,spline_lags_3_sinusoidal_yes,0.847,0.001,386.004,398.214,True,True,False,0.958,0.744,0,1.0,1.27,1.206,1.021,0.371,0.21,0.853,"[np.float64(269.2750001833333), np.float64(297.434), np.float64(310.684017), np.float64(339.424867), np.float64(396.9256666666667)]",,,,,1.248,0.002,,,,,1.189,1.06,0.253,0.0
CPER_yearly_False_window_6_lags_4_sinusoidal_yes_spline,False,6,spline_lags_4_sinusoidal_yes,0.848,0.001,375.333,387.305,True,True,False,0.978,0.775,0,1.0,1.226,1.163,1.035,0.447,0.192,0.822,"[np.float64(269.2750001833333), np.float64(301.8064), np.float64(318.092667), np.float64(339.659467), np.float64(396.9256666666667)]",,,,,,,1.24,0.002,,,1.15,1.034,0.367,0.0
CPER_yearly_False_window_6_lags_5_sinusoidal_yes_spline,False,6,spline_lags_5_sinusoidal_yes,0.854,0.03,363.676,375.402,True,True,False,1.022,0.653,0,1.0,1.288,1.154,1.014,0.683,0.218,0.388,"[np.float64(269.27500018333336), np.float64(301.9349), np.float64(319.235667), np.float64(339.894067), np.float64(396.9256666666667)]",,,,,,,,,1.299,0.001,1.115,1.042,0.741,0.0
CPER_yearly_True_window_6_lags_none_sinusoidal_no_spline,True,6,spline_lags_none_sinusoidal_no,0.585,0.0,449.66,457.715,False,True,False,0.598,0.442,0,1.0,1.0,1.0,1.0,0.039,0.594,0.597,"[np.float64(269.2750001833333), np.float64(301.9092), np.float64(314.529733), np.float64(338.0465), np.float64(396.9256666666667)]",,,,,,,,,,,,,,
CPER_yearly_True_window_6_lags_1_sinusoidal_no_spline,True,6,spline_lags_1_sinusoidal_no,0.558,0.001,439.253,448.754,False,True,False,0.665,-3.13,0,1.0,1.005,1.0,1.005,0.032,0.451,0.925,"[np.float64(269.2750001833333), np.float64(297.307), np.float64(310.42075), np.float64(338.955667), np.float64(396.9256666666667)]",1.01,0.698,,,,,,,,,,,,
CPER_yearly_True_window_6_lags_2_sinusoidal_no_spline,True,6,spline_lags_2_sinusoidal_no,0.591,0.001,425.548,434.88,False,True,False,0.67,0.381,0,1.0,1.11,1.083,1.003,0.075,0.297,0.933,"[np.float64(269.2750001833333), np.float64(297.0575), np.float64(310.2233), np.float64(339.190267), np.float64(396.9256666666667)]",,,1.197,0.136,,,,,,,,,,
CPER_yearly_True_window_6_lags_3_sinusoidal_no_spline,True,6,spline_lags_3_sinusoidal_no,0.634,0.008,411.765,420.923,False,True,False,0.699,0.517,0,1.0,1.135,1.062,1.013,0.088,0.394,0.963,"[np.float64(269.2750001833333), np.float64(297.434), np.float64(310.684017), np.float64(339.424867), np.float64(396.9256666666667)]",,,,,1.21,0.024,,,,,,,,
CPER_yearly_True_window_6_lags_4_sinusoidal_no_spline,True,6,spline_lags_4_sinusoidal_no,0.632,0.028,400.49,409.469,True,True,False,0.716,0.448,0,1.0,1.181,1.035,1.007,0.21,0.467,0.974,"[np.float64(269.2750001833333), np.float64(301.8064), np.float64(318.092667), np.float64(339.659467), np.float64(396.9256666666667)]",,,,,,,1.223,0.019,,,,,,
CPER_yearly_True_window_6_lags_5_sinusoidal_no_spline,True,6,spline_lags_5_sinusoidal_no,0.691,0.279,383.7,392.494,True,True,False,0.659,0.551,0,1.0,1.236,1.046,1.0,0.349,0.435,0.477,"[np.float64(269.27500018333336), np.float64(301.9349), np.float64(319.235667), np.float64(339.894067), np.float64(396.9256666666667)]",,,,,,,,,1.282,0.002,,,,
CPER_yearly_True_window_6_lags_none_sinusoidal_yes_spline,True,6,spline_lags_none_sinusoidal_yes,0.743,0.0,435.926,447.202,True,True,False,0.774,0.499,0,1.0,1.068,1.115,1.067,0.053,0.674,0.181,"[np.float64(269.2750001833333), np.float64(301.9092), np.float64(314.529733), np.float64(338.0465), np.float64(396.9256666666667)]",,,,,,,,,,,1.125,1.125,0.599,0.0
CPER_yearly_True_window_6_lags_1_sinusoidal_yes_spline,True,6,spline_lags_1_sinusoidal_yes,0.805,0.0,413.813,426.481,True,True,False,0.982,0.435,0,1.0,1.105,1.122,1.054,0.074,0.25,0.324,"[np.float64(269.2750001833333), np.float64(297.307), np.float64(310.42075), np.float64(338.955667), np.float64(396.9256666666667)]",1.012,0.515,,,,,,,,,1.192,1.077,0.439,0.0
CPER_yearly_True_window_6_lags_2_sinusoidal_yes_spline,True,6,spline_lags_2_sinusoidal_yes,0.823,0.0,400.359,412.802,True,True,False,0.981,0.586,0,1.0,1.261,1.251,1.028,0.254,0.228,0.422,"[np.float64(269.2750001833333), np.float64(297.0575), np.float64(310.2233), np.float64(339.190267), np.float64(396.9256666666667)]",,,1.234,0.027,,,,,,,1.23,1.075,0.317,0.0
CPER_yearly_True_window_6_lags_3_sinusoidal_yes_spline,True,6,spline_lags_3_sinusoidal_yes,0.847,0.001,386.004,398.214,True,True,False,0.958,0.744,0,1.0,1.27,1.206,1.021,0.371,0.21,0.853,"[np.float64(269.2750001833333), np.float64(297.434), np.float64(310.684017), np.float64(339.424867), np.float64(396.9256666666667)]",,,,,1.248,0.002,,,,,1.189,1.06,0.253,0.0
CPER_yearly_True_window_6_lags_4_sinusoidal_yes_spline,True,6,spline_lags_4_sinusoidal_yes,0.848,0.001,375.333,387.305,True,True,False,0.978,0.775,0,1.0,1.226,1.163,1.035,0.447,0.192,0.822,"[np.float64(269.2750001833333), np.float64(301.8064), np.float64(318.092667), np.float64(339.659467), np.float64(396.9256666666667)]",,,,,,,1.24,0.002,,,1.15,1.034,0.367,0.0
CPER_yearly_True_window_6_lags_5_sinusoidal_yes_spline,True,6,spline_lags_5_sinusoidal_yes,0.854,0.03,363.676,375.402,True,True,False,1.022,0.653,0,1.0,1.288,1.154,1.014,0.683,0.218,0.388,"[np.float64(269.27500018333336), np.float64(301.9349), np.float64(319.235667), np.float64(339.894067), np.float64(396.9256666666667)]",,,,,,,,,1.299,0.001,1.115,1.042,0.741,0.0
CPER_yearly_False_window_7_lags_none_sinusoidal_no_spline,False,7,spline_lags_none_sinusoidal_no,0.555,0.0,442.44,450.495,True,True,False,0.605,-0.262,0,1.0,1.0,1.0,1.0,0.016,0.434,0.979,"[np.float64(272.4994287285714), np.float64(302.535771), np.float64(313.064267), np.float64(333.568286), np.float64(381.9188571428571)]",,,,,,,,,,,,,,
CPER_yearly_False_window_7_lags_1_sinusoidal_no_spline,False,7,spline_lags_1_sinusoidal_no,0.547,0.0,432.446,441.947,False,True,False,0.71,0.38,0,1.0,1.057,1.002,1.032,0.024,0.368,0.697,"[np.float64(272.4994287285714), np.float64(302.514), np.float64(314.152333), np.float64(332.464), np.float64(381.9188571428571)]",1.091,0.582,,,,,,,,,,,,
CPER_yearly_False_window_7_lags_2_sinusoidal_no_spline,False,7,spline_lags_2_sinusoidal_no,0.613,0.002,416.613,425.945,True,True,False,0.775,0.383,0,1.0,1.06,1.08,1.019,0.024,0.235,0.996,"[np.float64(272.4994287285714), np.float64(296.4636), np.float64(309.313338), np.float64(332.684857), np.float64(381.9188571428571)]",,,1.159,0.034,,,,,,,,,,
CPER_yearly_False_window_7_lags_3_sinusoidal_no_spline,False,7,spline_lags_3_sinusoidal_no,0.666,0.017,401.811,410.969,True,True,False,0.86,0.372,0,1.0,1.162,1.024,1.0,0.051,0.455,0.942,"[np.float64(272.4994287285714), np.float64(302.509286), np.float64(309.616021), np.float64(332.905714), np.float64(381.9188571428571)]",,,,,1.187,0.005,,,,,,,,
CPER_yearly_False_window_7_lags_4_sinusoidal_no_spline,False,7,spline_lags_4_sinusoidal_no,0.704,0.084,386.474,395.453,True,True,False,0.765,0.614,0,1.0,1.114,1.025,1.018,0.026,0.521,0.362,"[np.float64(272.4994287285714), np.float64(302.316486), np.float64(311.144733), np.float64(333.126572), np.float64(381.9188571428571)]",,,,,,,1.157,0.001,,,,,,
CPER_yearly_False_window_7_lags_5_sinusoidal_no_spline,False,7,spline_lags_5_sinusoidal_no,0.712,0.545,375.011,383.805,True,True,False,0.845,0.538,0,1.0,1.268,1.019,1.005,0.123,0.684,0.371,"[np.float64(272.49942872857144), np.float64(302.508972), np.float64(310.91602), np.float64(333.347429), np.float64(381.9188571428572)]",,,,,,,,,1.292,0.001,,,,
CPER_yearly_False_window_7_lags_none_sinusoidal_yes_spline,False,7,spline_lags_none_sinusoidal_yes,0.754,0.0,424.519,435.795,True,True,False,0.77,0.532,0,1.0,1.06,1.093,1.042,0.007,0.792,0.436,"[np.float64(272.4994287285714), np.float64(302.535771), np.float64(313.064267), np.float64(333.568286), np.float64(381.9188571428571)]",,,,,,,,,,,1.097,1.098,0.97,0.0
CPER_yearly_False_window_7_lags_1_sinusoidal_yes_spline,False,7,spline_lags_1_sinusoidal_yes,0.86,0.0,394.336,407.004,False,True,False,0.929,0.699,0,1.0,1.11,1.134,1.109,0.002,0.11,0.027,"[np.float64(272.4994287285714), np.float64(302.514), np.float64(314.152333), np.float64(332.464), np.float64(381.9188571428571)]",1.098,0.114,,,,,,,,,1.203,1.05,0.431,0.0
CPER_yearly_False_window_7_lags_2_sinusoidal_yes_spline,False,7,spline_lags_2_sinusoidal_yes,0.844,0.001,388.882,401.325,True,True,False,0.849,0.349,0,1.0,1.235,1.262,1.03,0.064,0.167,0.76,"[np.float64(272.4994287285714), np.float64(296.4636), np.float64(309.313338), np.float64(332.684857), np.float64(381.9188571428571)]",,,1.199,0.002,,,,,,,1.252,1.075,0.522,0.0
CPER_yearly_False_window_7_lags_3_sinusoidal_yes_spline,False,7,spline_lags_3_sinusoidal_yes,0.866,0.005,374.662,386.873,True,True,False,0.857,0.67,0,1.0,1.305,1.177,1.004,0.121,0.125,0.821,"[np.float64(272.4994287285714), np.float64(302.509286), np.float64(309.616021), np.float64(332.905714), np.float64(381.9188571428571)]",,,,,1.223,0.0,,,,,1.223,1.041,0.361,0.0
CPER_yearly_False_window_7_lags_4_sinusoidal_yes_spline,False,7,spline_lags_4_sinusoidal_yes,0.875,0.014,362.086,374.058,True,True,False,1.024,0.794,0,1.0,1.22,1.148,1.037,0.073,0.147,0.198,"[np.float64(272.4994287285714), np.float64(302.316486), np.float64(311.144733), np.float64(333.126572), np.float64(381.9188571428571)]",,,,,,,1.182,0.0,,,1.162,1.062,0.674,0.0
CPER_yearly_False_window_7_lags_5_sinusoidal_yes_spline,False,7,spline_lags_5_sinusoidal_yes,0.876,0.066,352.135,363.861,True,True,False,1.111,0.804,0,1.0,1.32,1.132,1.008,0.143,0.231,0.162,"[np.float64(272.49942872857144), np.float64(302.508972), np.float64(310.91602), np.float64(333.347429), np.float64(381.9188571428572)]",,,,,,,,,1.311,0.0,1.122,1.028,0.525,0.0
CPER_yearly_True_window_7_lags_none_sinusoidal_no_spline,True,7,spline_lags_none_sinusoidal_no,0.555,0.0,442.44,450.495,True,True,False,0.605,-0.262,0,1.0,1.0,1.0,1.0,0.016,0.434,0.979,"[np.float64(272.4994287285714), np.float64(302.535771), np.float64(313.064267), np.float64(333.568286), np.float64(381.9188571428571)]",,,,,,,,,,,,,,
CPER_yearly_True_window_7_lags_1_sinusoidal_no_spline,True,7,spline_lags_1_sinusoidal_no,0.547,0.0,432.446,441.947,False,True,False,0.71,0.38,0,1.0,1.057,1.002,1.032,0.024,0.368,0.697,"[np.float64(272.4994287285714), np.float64(302.514), np.float64(314.152333), np.float64(332.464), np.float64(381.9188571428571)]",1.091,0.582,,,,,,,,,,,,
CPER_yearly_True_window_7_lags_2_sinusoidal_no_spline,True,7,spline_lags_2_sinusoidal_no,0.613,0.002,416.613,425.945,True,True,False,0.775,0.383,0,1.0,1.06,1.08,1.019,0.024,0.235,0.996,"[np.float64(272.4994287285714), np.float64(296.4636), np.float64(309.313338), np.float64(332.684857), np.float64(381.9188571428571)]",,,1.159,0.034,,,,,,,,,,
CPER_yearly_True_window_7_lags_3_sinusoidal_no_spline,True,7,spline_lags_3_sinusoidal_no,0.666,0.017,401.811,410.969,True,True,False,0.86,0.372,0,1.0,1.162,1.024,1.0,0.051,0.455,0.942,"[np.float64(272.4994287285714), np.float64(302.509286), np.float64(309.616021), np.float64(332.905714), np.float64(381.9188571428571)]",,,,,1.187,0.005,,,,,,,,
CPER_yearly_True_window_7_lags_4_sinusoidal_no_spline,True,7,spline_lags_4_sinusoidal_no,0.704,0.084,386.474,395.453,True,True,False,0.765,0.614,0,1.0,1.114,1.025,1.018,0.026,0.521,0.362,"[np.float64(272.4994287285714), np.float64(302.316486), np.float64(311.144733), np.float64(333.126572), np.float64(381.9188571428571)]",,,,,,,1.157,0.001,,,,,,
CPER_yearly_True_window_7_lags_5_sinusoidal_no_spline,True,7,spline_lags_5_sinusoidal_no,0.712,0.545,375.011,383.805,True,True,False,0.845,0.538,0,1.0,1.268,1.019,1.005,0.123,0.684,0.371,"[np.float64(272.49942872857144), np.float64(302.508972), np.float64(310.91602), np.float64(333.347429), np.float64(381.9188571428572)]",,,,,,,,,1.292,0.001,,,,
CPER_yearly_True_window_7_lags_none_sinusoidal_yes_spline,True,7,spline_lags_none_sinusoidal_yes,0.754,0.0,424.519,435.795,True,True,False,0.77,0.532,0,1.0,1.06,1.093,1.042,0.007,0.792,0.436,"[np.float64(272.4994287285714), np.float64(302.535771), np.float64(313.064267), np.float64(333.568286), np.float64(381.9188571428571)]",,,,,,,,,,,1.097,1.098,0.97,0.0
CPER_yearly_True_window_7_lags_1_sinusoidal_yes_spline,True,7,spline_lags_1_sinusoidal_yes,0.86,0.0,394.336,407.004,False,True,False,0.929,0.699,0,1.0,1.11,1.134,1.109,0.002,0.11,0.027,"[np.float64(272.4994287285714), np.float64(302.514), np.float64(314.152333), np.float64(332.464), np.float64(381.9188571428571)]",1.098,0.114,,,,,,,,,1.203,1.05,0.431,0.0
CPER_yearly_True_window_7_lags_2_sinusoidal_yes_spline,True,7,spline_lags_2_sinusoidal_yes,0.844,0.001,388.882,401.325,True,True,False,0.849,0.349,0,1.0,1.235,1.262,1.03,0.064,0.167,0.76,"[np.float64(272.4994287285714), np.float64(296.4636), np.float64(309.313338), np.float64(332.684857), np.float64(381.9188571428571)]",,,1.199,0.002,,,,,,,1.252,1.075,0.522,0.0
CPER_yearly_True_window_7_lags_3_sinusoidal_yes_spline,True,7,spline_lags_3_sinusoidal_yes,0.866,0.005,374.662,386.873,True,True,False,0.857,0.67,0,1.0,1.305,1.177,1.004,0.121,0.125,0.821,"[np.float64(272.4994287285714), np.float64(302.509286), np.float64(309.616021), np.float64(332.905714), np.float64(381.9188571428571)]",,,,,1.223,0.0,,,,,1.223,1.041,0.361,0.0
CPER_yearly_True_window_7_lags_4_sinusoidal_yes_spline,True,7,spline_lags_4_sinusoidal_yes,0.875,0.014,362.086,374.058,True,True,False,1.024,0.794,0,1.0,1.22,1.148,1.037,0.073,0.147,0.198,"[np.float64(272.4994287285714), np.float64(302.316486), np.float64(311.144733), np.float64(333.126572), np.float64(381.9188571428571)]",,,,,,,1.182,0.0,,,1.162,1.062,0.674,0.0
CPER_yearly_True_window_7_lags_5_sinusoidal_yes_spline,True,7,spline_lags_5_sinusoidal_yes,0.876,0.066,352.135,363.861,True,True,False,1.111,0.804,0,1.0,1.32,1.132,1.008,0.143,0.231,0.162,"[np.float64(272.49942872857144), np.float64(302.508972), np.float64(310.91602), np.float64(333.347429), np.float64(381.9188571428572)]",,,,,,,,,1.311,0.0,1.122,1.028,0.525,0.0
CPER_yearly_False_window_8_lags_none_sinusoidal_no_spline,False,8,spline_lags_none_sinusoidal_no,0.531,0.0,435.867,443.922,False,True,False,0.595,0.392,0,1.0,1.0,1.0,1.0,0.034,0.121,0.904,"[np.float64(277.1085001375), np.float64(306.25905), np.float64(322.040136), np.float64(337.22512), np.float64(380.79425)]",,,,,,,,,,,,,,
CPER_yearly_False_window_8_lags_1_sinusoidal_no_spline,False,8,spline_lags_1_sinusoidal_no,0.544,0.004,424.036,433.537,True,True,False,0.889,0.335,0,1.0,1.0,1.007,1.008,0.008,0.619,0.628,"[np.float64(277.1085001375), np.float64(303.4915), np.float64(314.879083), np.float64(330.2), np.float64(380.79425)]",1.014,0.163,,,,,,,,,,,,
CPER_yearly_False_window_8_lags_2_sinusoidal_no_spline,False,8,spline_lags_2_sinusoidal_no,0.613,0.009,408.28,417.612,True,True,False,0.79,0.067,0,1.0,1.059,1.036,1.027,0.022,0.344,0.671,"[np.float64(277.1085001375), np.float64(301.225375), np.float64(310.130825), np.float64(332.38965), np.float64(380.79425)]",,,1.123,0.01,,,,,,,,,,
CPER_yearly_False_window_8_lags_3_sinusoidal_no_spline,False,8,spline_lags_3_sinusoidal_no,0.699,0.088,390.33,399.488,True,True,False,0.854,0.558,0,1.0,1.096,1.006,1.0,0.015,0.704,0.88,"[np.float64(277.1085001375), np.float64(301.200188), np.float64(309.70855), np.float64(334.5793), np.float64(380.79425000000003)]",,,,,1.102,0.0,,,,,,,,
CPER_yearly_False_window_8_lags_4_sinusoidal_no_spline,False,8,spline_lags_4_sinusoidal_no,0.767,0.413,370.677,379.656,True,True,False,1.017,0.469,0,1.0,1.097,1.008,1.029,0.006,0.832,0.246,"[np.float64(277.1085001375), np.float64(301.2153), np.float64(310.169983), np.float64(336.76895), np.float64(380.79425000000003)]",,,,,,,1.134,0.0,,,,,,
CPER_yearly_False_window_8_lags_5_sinusoidal_no_spline,False,8,spline_lags_5_sinusoidal_no,0.795,0.654,356.309,365.104,False,True,False,0.86,0.393,0,1.0,1.119,1.048,1.012,0.007,0.617,0.355,"[np.float64(277.1085001375), np.float64(301.19515), np.float64(309.769933), np.float64(326.255938), np.float64(380.79425)]",,,,,,,,,1.179,0.0,,,,
CPER_yearly_False_window_8_lags_none_sinusoidal_yes_spline,False,8,spline_lags_none_sinusoidal_yes,0.736,0.001,418.585,429.862,True,True,False,0.888,0.241,0,1.0,1.048,1.129,1.122,0.004,0.726,0.144,"[np.float64(277.1085001375), np.float64(306.25905), np.float64(322.040136), np.float64(337.22512), np.float64(380.79425)]",,,,,,,,,,,1.162,1.137,0.34,0.0
CPER_yearly_False_window_8_lags_1_sinusoidal_yes_spline,False,8,spline_lags_1_sinusoidal_yes,0.785,0.001,400.987,413.655,False,True,False,0.888,0.324,0,1.0,1.147,1.197,1.01,0.013,0.357,0.596,"[np.float64(277.1085001375), np.float64(303.4915), np.float64(314.879083), np.float64(330.2), np.float64(380.79425)]",1.016,0.059,,,,,,,,,1.302,1.035,0.382,0.0
CPER_yearly_False_window_8_lags_2_sinusoidal_yes_spline,False,8,spline_lags_2_sinusoidal_yes,0.801,0.016,389.107,401.55,True,True,False,0.863,0.334,0,1.0,1.45,1.229,1.029,0.193,0.424,0.591,"[np.float64(277.1085001375), np.float64(301.225375), np.float64(310.130825), np.float64(332.38965), np.float64(380.79425)]",,,1.167,0.001,,,,,,,1.432,1.109,0.272,0.0
CPER_yearly_False_window_8_lags_3_sinusoidal_yes_spline,False,8,spline_lags_3_sinusoidal_yes,0.839,0.065,373.119,385.33,True,True,False,0.823,0.677,0,1.0,1.581,1.161,1.007,0.284,0.479,0.894,"[np.float64(277.1085001375), np.float64(301.200188), np.float64(309.70855), np.float64(334.5793), np.float64(380.79425000000003)]",,,,,1.155,0.0,,,,,1.469,1.125,0.219,0.0
CPER_yearly_False_window_8_lags_4_sinusoidal_yes_spline,False,8,spline_lags_4_sinusoidal_yes,0.864,0.204,356.731,368.703,True,True,False,1.079,0.689,0,1.0,1.417,1.141,1.048,0.082,0.581,0.108,"[np.float64(277.1085001375), np.float64(301.2153), np.float64(310.169983), np.float64(336.76895), np.float64(380.79425000000003)]",,,,,,,1.179,0.0,,,1.312,1.116,0.434,0.0
CPER_yearly_False_window_8_lags_5_sinusoidal_yes_spline,False,8,spline_lags_5_sinusoidal_yes,0.86,0.575,348.11,359.835,True,True,False,0.939,0.54,0,1.0,1.395,1.238,1.051,0.055,0.86,0.35,"[np.float64(277.1085001375), np.float64(301.19515), np.float64(309.769933), np.float64(326.255938), np.float64(380.79425)]",,,,,,,,,1.246,0.0,1.311,1.127,0.696,0.003
CPER_yearly_True_window_8_lags_none_sinusoidal_no_spline,True,8,spline_lags_none_sinusoidal_no,0.531,0.0,435.867,443.922,False,True,False,0.595,0.392,0,1.0,1.0,1.0,1.0,0.034,0.121,0.904,"[np.float64(277.1085001375), np.float64(306.25905), np.float64(322.040136), np.float64(337.22512), np.float64(380.79425)]",,,,,,,,,,,,,,
CPER_yearly_True_window_8_lags_1_sinusoidal_no_spline,True,8,spline_lags_1_sinusoidal_no,0.544,0.004,424.036,433.537,True,True,False,0.889,0.335,0,1.0,1.0,1.007,1.008,0.008,0.619,0.628,"[np.float64(277.1085001375), np.float64(303.4915), np.float64(314.879083), np.float64(330.2), np.float64(380.79425)]",1.014,0.163,,,,,,,,,,,,
CPER_yearly_True_window_8_lags_2_sinusoidal_no_spline,True,8,spline_lags_2_sinusoidal_no,0.613,0.009,408.28,417.612,True,True,False,0.79,0.067,0,1.0,1.059,1.036,1.027,0.022,0.344,0.671,"[np.float64(277.1085001375), np.float64(301.225375), np.float64(310.130825), np.float64(332.38965), np.float64(380.79425)]",,,1.123,0.01,,,,,,,,,,
CPER_yearly_True_window_8_lags_3_sinusoidal_no_spline,True,8,spline_lags_3_sinusoidal_no,0.699,0.088,390.33,399.488,True,True,False,0.854,0.558,0,1.0,1.096,1.006,1.0,0.015,0.704,0.88,"[np.float64(277.1085001375), np.float64(301.200188), np.float64(309.70855), np.float64(334.5793), np.float64(380.79425000000003)]",,,,,1.102,0.0,,,,,,,,
CPER_yearly_True_window_8_lags_4_sinusoidal_no_spline,True,8,spline_lags_4_sinusoidal_no,0.767,0.413,370.677,379.656,True,True,False,1.017,0.469,0,1.0,1.097,1.008,1.029,0.006,0.832,0.246,"[np.float64(277.1085001375), np.float64(301.2153), np.float64(310.169983), np.float64(336.76895), np.float64(380.79425000000003)]",,,,,,,1.134,0.0,,,,,,
CPER_yearly_True_window_8_lags_5_sinusoidal_no_spline,True,8,spline_lags_5_sinusoidal_no,0.795,0.654,356.309,365.104,False,True,False,0.86,0.393,0,1.0,1.119,1.048,1.012,0.007,0.617,0.355,"[np.float64(277.1085001375), np.float64(301.19515), np.float64(309.769933), np.float64(326.255938), np.float64(380.79425)]",,,,,,,,,1.179,0.0,,,,
CPER_yearly_True_window_8_lags_none_sinusoidal_yes_spline,True,8,spline_lags_none_sinusoidal_yes,0.736,0.001,418.585,429.862,True,True,False,0.888,0.241,0,1.0,1.048,1.129,1.122,0.004,0.726,0.144,"[np.float64(277.1085001375), np.float64(306.25905), np.float64(322.040136), np.float64(337.22512), np.float64(380.79425)]",,,,,,,,,,,1.162,1.137,0.34,0.0
CPER_yearly_True_window_8_lags_1_sinusoidal_yes_spline,True,8,spline_lags_1_sinusoidal_yes,0.785,0.001,400.987,413.655,False,True,False,0.888,0.324,0,1.0,1.147,1.197,1.01,0.013,0.357,0.596,"[np.float64(277.1085001375), np.float64(303.4915), np.float64(314.879083), np.float64(330.2), np.float64(380.79425)]",1.016,0.059,,,,,,,,,1.302,1.035,0.382,0.0
CPER_yearly_True_window_8_lags_2_sinusoidal_yes_spline,True,8,spline_lags_2_sinusoidal_yes,0.801,0.016,389.107,401.55,True,True,False,0.863,0.334,0,1.0,1.45,1.229,1.029,0.193,0.424,0.591,"[np.float64(277.1085001375), np.float64(301.225375), np.float64(310.130825), np.float64(332.38965), np.float64(380.79425)]",,,1.167,0.001,,,,,,,1.432,1.109,0.272,0.0
CPER_yearly_True_window_8_lags_3_sinusoidal_yes_spline,True,8,spline_lags_3_sinusoidal_yes,0.839,0.065,373.119,385.33,True,True,False,0.823,0.677,0,1.0,1.581,1.161,1.007,0.284,0.479,0.894,"[np.float64(277.1085001375), np.float64(301.200188), np.float64(309.70855), np.float64(334.5793), np.float64(380.79425000000003)]",,,,,1.155,0.0,,,,,1.469,1.125,0.219,0.0
CPER_yearly_True_window_8_lags_4_sinusoidal_yes_spline,True,8,spline_lags_4_sinusoidal_yes,0.864,0.204,356.731,368.703,True,True,False,1.079,0.689,0,1.0,1.417,1.141,1.048,0.082,0.581,0.108,"[np.float64(277.1085001375), np.float64(301.2153), np.float64(310.169983), np.float64(336.76895), np.float64(380.79425000000003)]",,,,,,,1.179,0.0,,,1.312,1.116,0.434,0.0
CPER_yearly_True_window_8_lags_5_sinusoidal_yes_spline,True,8,spline_lags_5_sinusoidal_yes,0.86,0.575,348.11,359.835,True,True,False,0.939,0.54,0,1.0,1.395,1.238,1.051,0.055,0.86,0.35,"[np.float64(277.1085001375), np.float64(301.19515), np.float64(309.769933), np.float64(326.255938), np.float64(380.79425)]",,,,,,,,,1.246,0.0,1.311,1.127,0.696,0.003
CPER_yearly_False_window_9_lags_none_sinusoidal_no_spline,False,9,spline_lags_none_sinusoidal_no,0.448,0.0,433.506,441.561,True,True,False,0.424,0.257,0,1.0,1.0,1.0,1.0,0.139,0.167,0.954,"[np.float64(280.5804445666667), np.float64(306.911022), np.float64(318.973761), np.float64(333.891147), np.float64(370.3471111111111)]",,,,,,,,,,,,,,
CPER_yearly_False_window_9_lags_1_sinusoidal_no_spline,False,9,spline_lags_1_sinusoidal_no,0.464,0.003,422.437,431.938,True,True,False,0.721,0.313,0,1.0,1.011,1.001,1.044,0.088,0.338,0.693,"[np.float64(280.58044456666664), np.float64(304.216825), np.float64(316.137667), np.float64(325.154222), np.float64(370.3471111111111)]",1.055,0.193,,,,,,,,,,,,
CPER_yearly_False_window_9_lags_2_sinusoidal_no_spline,False,9,spline_lags_2_sinusoidal_no,0.595,0.016,402.594,411.926,True,True,False,0.681,0.288,0,1.0,1.04,1.048,1.048,0.095,0.233,0.358,"[np.float64(280.58044456666664), np.float64(302.015222), np.float64(311.160703), np.float64(325.362667), np.float64(370.3471111111111)]",,,1.137,0.002,,,,,,,,,,
CPER_yearly_False_window_9_lags_3_sinusoidal_no_spline,False,9,spline_lags_3_sinusoidal_no,0.667,0.113,386.13,395.288,True,True,False,0.834,0.6,0,1.0,1.095,1.012,1.0,0.122,0.654,0.775,"[np.float64(280.58044456666664), np.float64(304.202298), np.float64(310.026756), np.float64(325.571111), np.float64(370.34711111111113)]",,,,,1.108,0.0,,,,,,,,
CPER_yearly_False_window_9_lags_4_sinusoidal_no_spline,False,9,spline_lags_4_sinusoidal_no,0.747,0.439,365.975,374.954,True,True,False,0.937,0.521,0,1.0,1.032,1.016,1.005,0.011,0.791,0.606,"[np.float64(280.58044456666664), np.float64(302.001111), np.float64(309.597778), np.float64(325.779556), np.float64(370.34711111111113)]",,,,,,,1.053,0.0,,,,,,
CPER_yearly_False_window_9_lags_5_sinusoidal_no_spline,False,9,spline_lags_5_sinusoidal_no,0.811,0.378,346.972,355.766,True,True,False,1.188,0.47,0,1.0,1.091,1.008,1.004,0.015,0.535,0.882,"[np.float64(280.58044456666664), np.float64(302.250445), np.float64(310.36483), np.float64(326.884667), np.float64(370.3471111111111)]",,,,,,,,,1.104,0.0,,,,
CPER_yearly_False_window_9_lags_none_sinusoidal_yes_spline,False,9,spline_lags_none_sinusoidal_yes,0.703,0.002,414.542,425.818,True,True,False,0.677,0.35,0,1.0,1.036,1.061,1.049,0.013,0.603,0.3,"[np.float64(280.5804445666667), np.float64(306.911022), np.float64(318.973761), np.float64(333.891147), np.float64(370.3471111111111)]",,,,,,,,,,,1.068,1.078,0.9,0.0
CPER_yearly_False_window_9_lags_1_sinusoidal_yes_spline,False,9,spline_lags_1_sinusoidal_yes,0.783,0.007,393.931,406.599,True,True,False,0.922,0.646,0,1.0,1.079,1.136,1.117,0.01,0.239,0.165,"[np.float64(280.58044456666664), np.float64(304.216825), np.float64(316.137667), np.float64(325.154222), np.float64(370.3471111111111)]",1.063,0.02,,,,,,,,,1.261,1.007,0.335,0.0
CPER_yearly_False_window_9_lags_2_sinusoidal_yes_spline,False,9,spline_lags_2_sinusoidal_yes,0.803,0.08,381.373,393.816,True,True,False,0.92,0.649,0,1.0,1.279,1.206,1.06,0.229,0.234,0.265,"[np.float64(280.58044456666664), np.float64(302.015222), np.float64(311.160703), np.float64(325.362667), np.float64(370.3471111111111)]",,,1.17,0.0,,,,,,,1.331,1.043,0.235,0.0
CPER_yearly_False_window_9_lags_3_sinusoidal_yes_spline,False,9,spline_lags_3_sinusoidal_yes,0.832,0.203,366.929,379.14,True,True,False,0.799,0.613,0,1.0,1.305,1.154,1.004,0.257,0.403,0.926,"[np.float64(280.58044456666664), np.float64(304.202298), np.float64(310.026756), np.float64(325.571111), np.float64(370.34711111111113)]",,,,,1.138,0.0,,,,,1.306,1.018,0.257,0.0
CPER_yearly_False_window_9_lags_4_sinusoidal_yes_spline,False,9,spline_lags_4_sinusoidal_yes,0.843,0.278,354.331,366.303,True,True,False,1.034,0.675,0,1.0,1.244,1.128,1.031,0.051,0.533,0.533,"[np.float64(280.58044456666664), np.float64(302.001111), np.float64(309.597778), np.float64(325.779556), np.float64(370.34711111111113)]",,,,,,,1.07,0.0,,,1.248,1.086,0.9,0.001
CPER_yearly_False_window_9_lags_5_sinusoidal_yes_spline,False,9,spline_lags_5_sinusoidal_yes,0.882,0.856,335.909,347.635,True,True,False,1.208,0.63,0,1.0,1.219,1.118,1.028,0.023,0.919,0.679,"[np.float64(280.58044456666664), np.float64(302.250445), np.float64(310.36483), np.float64(326.884667), np.float64(370.3471111111111)]",,,,,,,,,1.121,0.0,1.193,1.05,0.345,0.001
CPER_yearly_True_window_9_lags_none_sinusoidal_no_spline,True,9,spline_lags_none_sinusoidal_no,0.448,0.0,433.506,441.561,True,True,False,0.424,0.257,0,1.0,1.0,1.0,1.0,0.139,0.167,0.954,"[np.float64(280.5804445666667), np.float64(306.911022), np.float64(318.973761), np.float64(333.891147), np.float64(370.3471111111111)]",,,,,,,,,,,,,,
CPER_yearly_True_window_9_lags_1_sinusoidal_no_spline,True,9,spline_lags_1_sinusoidal_no,0.464,0.003,422.437,431.938,True,True,False,0.721,0.313,0,1.0,1.011,1.001,1.044,0.088,0.338,0.693,"[np.float64(280.58044456666664), np.float64(304.216825), np.float64(316.137667), np.float64(325.154222), np.float64(370.3471111111111)]",1.055,0.193,,,,,,,,,,,,
CPER_yearly_True_window_9_lags_2_sinusoidal_no_spline,True,9,spline_lags_2_sinusoidal_no,0.595,0.016,402.594,411.926,True,True,False,0.681,0.288,0,1.0,1.04,1.048,1.048,0.095,0.233,0.358,"[np.float64(280.58044456666664), np.float64(302.015222), np.float64(311.160703), np.float64(325.362667), np.float64(370.3471111111111)]",,,1.137,0.002,,,,,,,,,,
CPER_yearly_True_window_9_lags_3_sinusoidal_no_spline,True,9,spline_lags_3_sinusoidal_no,0.667,0.113,386.13,395.288,True,True,False,0.834,0.6,0,1.0,1.095,1.012,1.0,0.122,0.654,0.775,"[np.float64(280.58044456666664), np.float64(304.202298), np.float64(310.026756), np.float64(325.571111), np.float64(370.34711111111113)]",,,,,1.108,0.0,,,,,,,,
CPER_yearly_True_window_9_lags_4_sinusoidal_no_spline,True,9,spline_lags_4_sinusoidal_no,0.747,0.439,365.975,374.954,True,True,False,0.937,0.521,0,1.0,1.032,1.016,1.005,0.011,0.791,0.606,"[np.float64(280.58044456666664), np.float64(302.001111), np.float64(309.597778), np.float64(325.779556), np.float64(370.34711111111113)]",,,,,,,1.053,0.0,,,,,,
CPER_yearly_True_window_9_lags_5_sinusoidal_no_spline,True,9,spline_lags_5_sinusoidal_no,0.811,0.378,346.972,355.766,True,True,False,1.188,0.47,0,1.0,1.091,1.008,1.004,0.015,0.535,0.882,"[np.float64(280.58044456666664), np.float64(302.250445), np.float64(310.36483), np.float64(326.884667), np.float64(370.3471111111111)]",,,,,,,,,1.104,0.0,,,,
CPER_yearly_True_window_9_lags_none_sinusoidal_yes_spline,True,9,spline_lags_none_sinusoidal_yes,0.703,0.002,414.542,425.818,True,True,False,0.677,0.35,0,1.0,1.036,1.061,1.049,0.013,0.603,0.3,"[np.float64(280.5804445666667), np.float64(306.911022), np.float64(318.973761), np.float64(333.891147), np.float64(370.3471111111111)]",,,,,,,,,,,1.068,1.078,0.9,0.0
CPER_yearly_True_window_9_lags_1_sinusoidal_yes_spline,True,9,spline_lags_1_sinusoidal_yes,0.783,0.007,393.931,406.599,True,True,False,0.922,0.646,0,1.0,1.079,1.136,1.117,0.01,0.239,0.165,"[np.float64(280.58044456666664), np.float64(304.216825), np.float64(316.137667), np.float64(325.154222), np.float64(370.3471111111111)]",1.063,0.02,,,,,,,,,1.261,1.007,0.335,0.0
CPER_yearly_True_window_9_lags_2_sinusoidal_yes_spline,True,9,spline_lags_2_sinusoidal_yes,0.803,0.08,381.373,393.816,True,True,False,0.92,0.649,0,1.0,1.279,1.206,1.06,0.229,0.234,0.265,"[np.float64(280.58044456666664), np.float64(302.015222), np.float64(311.160703), np.float64(325.362667), np.float64(370.3471111111111)]",,,1.17,0.0,,,,,,,1.331,1.043,0.235,0.0
CPER_yearly_True_window_9_lags_3_sinusoidal_yes_spline,True,9,spline_lags_3_sinusoidal_yes,0.832,0.203,366.929,379.14,True,True,False,0.799,0.613,0,1.0,1.305,1.154,1.004,0.257,0.403,0.926,"[np.float64(280.58044456666664), np.float64(304.202298), np.float64(310.026756), np.float64(325.571111), np.float64(370.34711111111113)]",,,,,1.138,0.0,,,,,1.306,1.018,0.257,0.0
CPER_yearly_True_window_9_lags_4_sinusoidal_yes_spline,True,9,spline_lags_4_sinusoidal_yes,0.843,0.278,354.331,366.303,True,True,False,1.034,0.675,0,1.0,1.244,1.128,1.031,0.051,0.533,0.533,"[np.float64(280.58044456666664), np.float64(302.001111), np.float64(309.597778), np.float64(325.779556), np.float64(370.34711111111113)]",,,,,,,1.07,0.0,,,1.248,1.086,0.9,0.001
CPER_yearly_True_window_9_lags_5_sinusoidal_yes_spline,True,9,spline_lags_5_sinusoidal_yes,0.882,0.856,335.909,347.635,True,True,False,1.208,0.63,0,1.0,1.219,1.118,1.028,0.023,0.919,0.679,"[np.float64(280.58044456666664), np.float64(302.250445), np.float64(310.36483), np.float64(326.884667), np.float64(370.3471111111111)]",,,,,,,,,1.121,0.0,1.193,1.05,0.345,0.001
CPER_yearly_False_window_10_lags_none_sinusoidal_no_spline,False,10,spline_lags_none_sinusoidal_no,0.362,0.001,429.12,437.174,False,True,False,0.352,0.147,0,1.0,1.0,1.0,1.0,0.452,0.27,0.873,"[np.float64(283.15009997), np.float64(307.63972), np.float64(319.270329), np.float64(330.2042), np.float64(361.96)]",,,,,,,,,,,,,,
CPER_yearly_False_window_10_lags_1_sinusoidal_no_spline,False,10,spline_lags_1_sinusoidal_no,0.385,0.01,417.237,426.738,True,True,False,0.561,-0.527,0,1.0,1.001,1.005,1.002,0.234,0.347,0.935,"[np.float64(283.15009997000004), np.float64(304.712125), np.float64(312.777333), np.float64(322.4688), np.float64(361.96)]",1.008,0.179,,,,,,,,,,,,
CPER_yearly_False_window_10_lags_2_sinusoidal_no_spline,False,10,spline_lags_2_sinusoidal_no,0.535,0.022,397.813,407.145,True,True,False,0.684,0.129,0,1.0,1.087,1.069,1.05,0.788,0.097,0.441,"[np.float64(283.15009997000004), np.float64(302.0421), np.float64(311.23308), np.float64(330.2105), np.float64(361.96)]",,,1.206,0.002,,,,,,,,,,
CPER_yearly_False_window_10_lags_3_sinusoidal_no_spline,False,10,spline_lags_3_sinusoidal_no,0.673,0.222,376.437,385.595,True,True,False,0.835,0.435,0,1.0,1.082,1.013,1.038,0.485,0.406,0.135,"[np.float64(283.15009997000004), np.float64(302.318292), np.float64(309.833433), np.float64(330.21575), np.float64(361.96)]",,,,,1.133,0.0,,,,,,,,
CPER_yearly_False_window_10_lags_4_sinusoidal_no_spline,False,10,spline_lags_4_sinusoidal_no,0.7,0.478,362.422,371.402,True,True,False,0.993,0.354,0,1.0,1.039,1.004,1.002,0.339,0.678,0.325,"[np.float64(283.15009997), np.float64(302.09568), np.float64(314.058116), np.float64(330.221), np.float64(361.96)]",,,,,,,1.045,0.0,,,,,,
CPER_yearly_False_window_10_lags_5_sinusoidal_no_spline,False,10,spline_lags_5_sinusoidal_no,0.815,0.159,337.587,346.381,True,True,False,1.107,0.62,0,1.0,1.064,1.002,1.009,0.055,0.476,0.275,"[np.float64(283.15009997000004), np.float64(304.825129), np.float64(311.23128), np.float64(328.873867), np.float64(361.96)]",,,,,,,,,1.075,0.0,,,,
CPER_yearly_False_window_10_lags_none_sinusoidal_yes_spline,False,10,spline_lags_none_sinusoidal_yes,0.619,0.009,414.065,425.341,True,True,False,0.538,0.492,0,1.0,1.052,1.053,1.023,0.061,0.921,0.385,"[np.float64(283.15009997), np.float64(307.63972), np.float64(319.270329), np.float64(330.2042), np.float64(361.96)]",,,,,,,,,,,1.031,1.098,0.305,0.0
CPER_yearly_False_window_10_lags_1_sinusoidal_yes_spline,False,10,spline_lags_1_sinusoidal_yes,0.699,0.031,395.557,408.225,True,True,False,0.809,-5.796,0,1.0,1.089,1.114,1.018,0.083,0.512,0.454,"[np.float64(283.15009997000004), np.float64(304.712125), np.float64(312.777333), np.float64(322.4688), np.float64(361.96)]",1.008,0.041,,,,,,,,,1.177,1.036,0.173,0.0
CPER_yearly_False_window_10_lags_2_sinusoidal_yes_spline,False,10,spline_lags_2_sinusoidal_yes,0.773,0.237,376.641,389.084,True,False,False,0.923,0.361,0,1.0,1.345,1.18,1.054,0.825,0.304,0.271,"[np.float64(283.15009997000004), np.float64(302.0421), np.float64(311.23308), np.float64(330.2105), np.float64(361.96)]",,,1.253,0.0,,,,,,,1.26,1.067,0.048,0.0
CPER_yearly_False_window_10_lags_3_sinusoidal_yes_spline,False,10,spline_lags_3_sinusoidal_yes,0.847,0.761,354.607,366.818,True,True,False,1.124,0.744,0,1.0,1.341,1.086,1.044,0.864,0.556,0.039,"[np.float64(283.15009997000004), np.float64(302.318292), np.float64(309.833433), np.float64(330.21575), np.float64(361.96)]",,,,,1.163,0.0,,,,,1.281,1.028,0.014,0.0
CPER_yearly_False_window_10_lags_4_sinusoidal_yes_spline,False,10,spline_lags_4_sinusoidal_yes,0.822,0.505,349.116,361.088,True,True,False,1.114,0.581,0,1.0,1.153,1.057,1.061,0.421,0.562,0.111,"[np.float64(283.15009997), np.float64(302.09568), np.float64(314.058116), np.float64(330.221), np.float64(361.96)]",,,,,,,1.053,0.0,,,1.215,1.003,0.237,0.001
CPER_yearly_False_window_10_lags_5_sinusoidal_yes_spline,False,10,spline_lags_5_sinusoidal_yes,0.859,0.618,332.884,344.61,False,True,False,1.215,0.679,0,1.0,1.198,1.054,1.073,0.087,0.699,0.362,"[np.float64(283.15009997000004), np.float64(304.825129), np.float64(311.23128), np.float64(328.873867), np.float64(361.96)]",,,,,,,,,1.09,0.0,1.233,1.003,0.741,0.011
CPER_yearly_True_window_10_lags_none_sinusoidal_no_spline,True,10,spline_lags_none_sinusoidal_no,0.362,0.001,429.12,437.174,False,True,False,0.352,0.147,0,1.0,1.0,1.0,1.0,0.452,0.27,0.873,"[np.float64(283.15009997), np.float64(307.63972), np.float64(319.270329), np.float64(330.2042), np.float64(361.96)]",,,,,,,,,,,,,,
CPER_yearly_True_window_10_lags_1_sinusoidal_no_spline,True,10,spline_lags_1_sinusoidal_no,0.385,0.01,417.237,426.738,True,True,False,0.561,-0.527,0,1.0,1.001,1.005,1.002,0.234,0.347,0.935,"[np.float64(283.15009997000004), np.float64(304.712125), np.float64(312.777333), np.float64(322.4688), np.float64(361.96)]",1.008,0.179,,,,,,,,,,,,
CPER_yearly_True_window_10_lags_2_sinusoidal_no_spline,True,10,spline_lags_2_sinusoidal_no,0.535,0.022,397.813,407.145,True,True,False,0.684,0.129,0,1.0,1.087,1.069,1.05,0.788,0.097,0.441,"[np.float64(283.15009997000004), np.float64(302.0421), np.float64(311.23308), np.float64(330.2105), np.float64(361.96)]",,,1.206,0.002,,,,,,,,,,
CPER_yearly_True_window_10_lags_3_sinusoidal_no_spline,True,10,spline_lags_3_sinusoidal_no,0.673,0.222,376.437,385.595,True,True,False,0.835,0.435,0,1.0,1.082,1.013,1.038,0.485,0.406,0.135,"[np.float64(283.15009997000004), np.float64(302.318292), np.float64(309.833433), np.float64(330.21575), np.float64(361.96)]",,,,,1.133,0.0,,,,,,,,
CPER_yearly_True_window_10_lags_4_sinusoidal_no_spline,True,10,spline_lags_4_sinusoidal_no,0.7,0.478,362.422,371.402,True,True,False,0.993,0.354,0,1.0,1.039,1.004,1.002,0.339,0.678,0.325,"[np.float64(283.15009997), np.float64(302.09568), np.float64(314.058116), np.float64(330.221), np.float64(361.96)]",,,,,,,1.045,0.0,,,,,,
CPER_yearly_True_window_10_lags_5_sinusoidal_no_spline,True,10,spline_lags_5_sinusoidal_no,0.815,0.159,337.587,346.381,True,True,False,1.107,0.62,0,1.0,1.064,1.002,1.009,0.055,0.476,0.275,"[np.float64(283.15009997000004), np.float64(304.825129), np.float64(311.23128), np.float64(328.873867), np.float64(361.96)]",,,,,,,,,1.075,0.0,,,,
CPER_yearly_True_window_10_lags_none_sinusoidal_yes_spline,True,10,spline_lags_none_sinusoidal_yes,0.619,0.009,414.065,425.341,True,True,False,0.538,0.492,0,1.0,1.052,1.053,1.023,0.061,0.921,0.385,"[np.float64(283.15009997), np.float64(307.63972), np.float64(319.270329), np.float64(330.2042), np.float64(361.96)]",,,,,,,,,,,1.031,1.098,0.305,0.0
CPER_yearly_True_window_10_lags_1_sinusoidal_yes_spline,True,10,spline_lags_1_sinusoidal_yes,0.699,0.031,395.557,408.225,True,True,False,0.809,-5.796,0,1.0,1.089,1.114,1.018,0.083,0.512,0.454,"[np.float64(283.15009997000004), np.float64(304.712125), np.float64(312.777333), np.float64(322.4688), np.float64(361.96)]",1.008,0.041,,,,,,,,,1.177,1.036,0.173,0.0
CPER_yearly_True_window_10_lags_2_sinusoidal_yes_spline,True,10,spline_lags_2_sinusoidal_yes,0.773,0.237,376.641,389.084,True,False,False,0.923,0.361,0,1.0,1.345,1.18,1.054,0.825,0.304,0.271,"[np.float64(283.15009997000004), np.float64(302.0421), np.float64(311.23308), np.float64(330.2105), np.float64(361.96)]",,,1.253,0.0,,,,,,,1.26,1.067,0.048,0.0
CPER_yearly_True_window_10_lags_3_sinusoidal_yes_spline,True,10,spline_lags_3_sinusoidal_yes,0.847,0.761,354.607,366.818,True,True,False,1.124,0.744,0,1.0,1.341,1.086,1.044,0.864,0.556,0.039,"[np.float64(283.15009997000004), np.float64(302.318292), np.float64(309.833433), np.float64(330.21575), np.float64(361.96)]",,,,,1.163,0.0,,,,,1.281,1.028,0.014,0.0
CPER_yearly_True_window_10_lags_4_sinusoidal_yes_spline,True,10,spline_lags_4_sinusoidal_yes,0.822,0.505,349.116,361.088,True,True,False,1.114,0.581,0,1.0,1.153,1.057,1.061,0.421,0.562,0.111,"[np.float64(283.15009997), np.float64(302.09568), np.float64(314.058116), np.float64(330.221), np.float64(361.96)]",,,,,,,1.053,0.0,,,1.215,1.003,0.237,0.001
CPER_yearly_True_window_10_lags_5_sinusoidal_yes_spline,True,10,spline_lags_5_sinusoidal_yes,0.859,0.618,332.884,344.61,False,True,False,1.215,0.679,0,1.0,1.198,1.054,1.073,0.087,0.699,0.362,"[np.float64(283.15009997000004), np.float64(304.825129), np.float64(311.23128), np.float64(328.873867), np.float64(361.96)]",,,,,,,,,1.09,0.0,1.233,1.003,0.741,0.011
