analysis_name,yearly_aggregate,window_size,config_type,r_squared,p_value,aic,bic,is_normal,is_homoscedastic,no_autocorrelation,durbin_watson,cv_r2_score,cv_r2_std,vif_PPT,vif_segment,p_value_segment,breakpoint,vif_ortho_PPT_lag1,p_value_lag1,vif_ortho_PPT_lag2,p_value_lag2,vif_ortho_PPT_lag3,p_value_lag3,vif_ortho_PPT_lag4,p_value_lag4,vif_ortho_PPT_lag5,p_value_lag5,vif_ortho_sin_cycle,vif_ortho_cos_cycle,p_value_sin,p_value_cos
CPER_yearly_False_window_1_lags_none_sinusoidal_no_piecewise,False,1,piecewise_lags_none_sinusoidal_no,0.537,0.0,508.182,513.015,True,True,True,1.665,0.445,0,1.219,1.219,0.074,393.8816484848485,,,,,,,,,,,,,,
CPER_yearly_False_window_1_lags_1_sinusoidal_no_piecewise,False,1,piecewise_lags_1_sinusoidal_no,0.553,0.0,495.472,501.806,True,True,True,1.642,0.429,0,1.266,1.519,0.075,393.72900000000004,1.253,0.173,,,,,,,,,,,,
CPER_yearly_False_window_1_lags_2_sinusoidal_no_piecewise,False,1,piecewise_lags_2_sinusoidal_no,0.515,0.0,484.83,491.052,True,True,True,1.668,0.423,0,1.5,1.732,0.092,345.55776969696973,,,1.233,0.832,,,,,,,,,,
CPER_yearly_False_window_1_lags_3_sinusoidal_no_piecewise,False,1,piecewise_lags_3_sinusoidal_no,0.52,0.007,471.724,477.829,True,True,True,1.68,0.391,0,1.522,1.758,0.16,345.231993939394,,,,,1.236,0.708,,,,,,,,
CPER_yearly_False_window_1_lags_4_sinusoidal_no_piecewise,False,1,piecewise_lags_4_sinusoidal_no,0.515,0.0,459.146,465.132,True,True,True,1.64,0.386,0,1.569,1.877,0.114,344.9062181818182,,,,,,,1.308,0.816,,,,,,
CPER_yearly_False_window_1_lags_5_sinusoidal_no_piecewise,False,1,piecewise_lags_5_sinusoidal_no,0.547,0.035,444.194,450.057,True,True,True,1.708,0.365,0,1.575,1.836,0.229,344.58044242424245,,,,,,,,,1.261,0.208,,,,
CPER_yearly_False_window_1_lags_none_sinusoidal_yes_piecewise,False,1,piecewise_lags_none_sinusoidal_yes,0.597,0.0,507.034,515.089,False,True,True,1.876,0.484,0,1.249,1.387,0.077,393.8816484848485,,,,,,,,,,,1.137,1.001,0.738,0.038
CPER_yearly_False_window_1_lags_1_sinusoidal_yes_piecewise,False,1,piecewise_lags_1_sinusoidal_yes,0.625,0.0,493.114,502.616,False,True,True,1.945,0.463,0,1.314,1.795,0.114,393.72900000000004,1.299,0.147,,,,,,,,,1.173,1.009,0.811,0.023
CPER_yearly_False_window_1_lags_2_sinusoidal_yes_piecewise,False,1,piecewise_lags_2_sinusoidal_yes,0.599,0.0,482.21,491.542,False,True,True,1.977,0.402,0,1.598,2.072,0.092,345.55776969696973,,,1.278,0.789,,,,,,,1.191,1.005,0.682,0.023
CPER_yearly_False_window_1_lags_3_sinusoidal_yes_piecewise,False,1,piecewise_lags_3_sinusoidal_yes,0.617,0.004,467.996,477.154,False,True,True,2.049,0.465,0,1.614,2.07,0.113,345.231993939394,,,,,1.278,0.745,,,,,1.172,1.006,0.617,0.015
CPER_yearly_False_window_1_lags_4_sinusoidal_yes_piecewise,False,1,piecewise_lags_4_sinusoidal_yes,0.642,0.0,453.154,462.133,True,True,True,1.972,0.437,0,1.654,2.157,0.106,344.9062181818182,,,,,,,1.353,0.682,,,1.131,1.019,0.679,0.005
CPER_yearly_False_window_1_lags_5_sinusoidal_yes_piecewise,False,1,piecewise_lags_5_sinusoidal_yes,0.625,0.013,442.122,450.916,False,True,True,2.0,0.473,0,1.643,2.052,0.159,344.58044242424245,,,,,,,,,1.292,0.311,1.109,1.009,0.754,0.03
CPER_yearly_True_window_1_lags_none_sinusoidal_no_piecewise,True,1,piecewise_lags_none_sinusoidal_no,0.537,0.0,508.182,513.015,True,True,True,1.665,0.445,0,1.219,1.219,0.074,393.8816484848485,,,,,,,,,,,,,,
CPER_yearly_True_window_1_lags_1_sinusoidal_no_piecewise,True,1,piecewise_lags_1_sinusoidal_no,0.553,0.0,495.472,501.806,True,True,True,1.642,0.429,0,1.266,1.519,0.075,393.72900000000004,1.253,0.173,,,,,,,,,,,,
CPER_yearly_True_window_1_lags_2_sinusoidal_no_piecewise,True,1,piecewise_lags_2_sinusoidal_no,0.515,0.0,484.83,491.052,True,True,True,1.668,0.423,0,1.5,1.732,0.092,345.55776969696973,,,1.233,0.832,,,,,,,,,,
CPER_yearly_True_window_1_lags_3_sinusoidal_no_piecewise,True,1,piecewise_lags_3_sinusoidal_no,0.52,0.007,471.724,477.829,True,True,True,1.68,0.391,0,1.522,1.758,0.16,345.231993939394,,,,,1.236,0.708,,,,,,,,
CPER_yearly_True_window_1_lags_4_sinusoidal_no_piecewise,True,1,piecewise_lags_4_sinusoidal_no,0.515,0.0,459.146,465.132,True,True,True,1.64,0.386,0,1.569,1.877,0.114,344.9062181818182,,,,,,,1.308,0.816,,,,,,
CPER_yearly_True_window_1_lags_5_sinusoidal_no_piecewise,True,1,piecewise_lags_5_sinusoidal_no,0.547,0.035,444.194,450.057,True,True,True,1.708,0.365,0,1.575,1.836,0.229,344.58044242424245,,,,,,,,,1.261,0.208,,,,
CPER_yearly_True_window_1_lags_none_sinusoidal_yes_piecewise,True,1,piecewise_lags_none_sinusoidal_yes,0.597,0.0,507.034,515.089,False,True,True,1.876,0.484,0,1.249,1.387,0.077,393.8816484848485,,,,,,,,,,,1.137,1.001,0.738,0.038
CPER_yearly_True_window_1_lags_1_sinusoidal_yes_piecewise,True,1,piecewise_lags_1_sinusoidal_yes,0.625,0.0,493.114,502.616,False,True,True,1.945,0.463,0,1.314,1.795,0.114,393.72900000000004,1.299,0.147,,,,,,,,,1.173,1.009,0.811,0.023
CPER_yearly_True_window_1_lags_2_sinusoidal_yes_piecewise,True,1,piecewise_lags_2_sinusoidal_yes,0.599,0.0,482.21,491.542,False,True,True,1.977,0.402,0,1.598,2.072,0.092,345.55776969696973,,,1.278,0.789,,,,,,,1.191,1.005,0.682,0.023
CPER_yearly_True_window_1_lags_3_sinusoidal_yes_piecewise,True,1,piecewise_lags_3_sinusoidal_yes,0.617,0.004,467.996,477.154,False,True,True,2.049,0.465,0,1.614,2.07,0.113,345.231993939394,,,,,1.278,0.745,,,,,1.172,1.006,0.617,0.015
CPER_yearly_True_window_1_lags_4_sinusoidal_yes_piecewise,True,1,piecewise_lags_4_sinusoidal_yes,0.642,0.0,453.154,462.133,True,True,True,1.972,0.437,0,1.654,2.157,0.106,344.9062181818182,,,,,,,1.353,0.682,,,1.131,1.019,0.679,0.005
CPER_yearly_True_window_1_lags_5_sinusoidal_yes_piecewise,True,1,piecewise_lags_5_sinusoidal_yes,0.625,0.013,442.122,450.916,False,True,True,2.0,0.473,0,1.643,2.052,0.159,344.58044242424245,,,,,,,,,1.292,0.311,1.109,1.009,0.754,0.03
CPER_yearly_False_window_2_lags_none_sinusoidal_no_piecewise,False,2,piecewise_lags_none_sinusoidal_no,0.531,0.001,488.96,493.792,False,True,False,0.909,0.391,0,1.683,1.683,0.524,317.79810517939393,,,,,,,,,,,,,,
CPER_yearly_False_window_2_lags_1_sinusoidal_no_piecewise,False,2,piecewise_lags_1_sinusoidal_no,0.525,0.001,477.902,484.236,True,True,False,0.859,0.323,0,1.661,1.745,0.471,317.79422743106056,1.084,0.329,,,,,,,,,,,,
CPER_yearly_False_window_2_lags_2_sinusoidal_no_piecewise,False,2,piecewise_lags_2_sinusoidal_no,0.479,0.005,467.083,473.304,False,True,False,0.908,0.372,0,1.669,1.981,0.481,317.24947897787877,,,1.312,0.887,,,,,,,,,,
CPER_yearly_False_window_2_lags_3_sinusoidal_no_piecewise,False,2,piecewise_lags_3_sinusoidal_no,0.505,0.032,453.406,459.512,False,True,False,0.908,0.419,0,1.676,1.969,0.698,318.12155576944446,,,,,1.293,0.5,,,,,,,,
CPER_yearly_False_window_2_lags_4_sinusoidal_no_piecewise,False,2,piecewise_lags_4_sinusoidal_no,0.496,0.05,441.282,447.268,False,True,False,0.986,0.383,0,1.714,2.033,0.775,317.54182449131315,,,,,,,1.319,0.372,,,,,,
CPER_yearly_False_window_2_lags_5_sinusoidal_no_piecewise,False,2,piecewise_lags_5_sinusoidal_no,0.537,0.261,426.223,432.086,False,True,False,1.032,0.435,0,1.78,2.146,0.993,318.40327805277775,,,,,,,,,1.366,0.102,,,,
CPER_yearly_False_window_2_lags_none_sinusoidal_yes_piecewise,False,2,piecewise_lags_none_sinusoidal_yes,0.624,0.002,484.833,492.888,True,True,False,1.087,0.501,0,1.883,2.176,0.889,317.79810517939393,,,,,,,,,,,1.259,1.034,0.986,0.009
CPER_yearly_False_window_2_lags_1_sinusoidal_yes_piecewise,False,2,piecewise_lags_1_sinusoidal_yes,0.657,0.0,470.238,479.739,True,True,False,1.134,0.445,0,1.889,2.346,0.714,317.79422743106056,1.112,0.218,,,,,,,,,1.31,1.035,0.833,0.002
CPER_yearly_False_window_2_lags_2_sinusoidal_yes_piecewise,False,2,piecewise_lags_2_sinusoidal_yes,0.614,0.002,460.558,469.89,True,True,False,1.252,0.434,0,1.962,2.848,0.582,317.24947897787877,,,1.448,0.679,,,,,,,1.405,1.033,0.957,0.004
CPER_yearly_False_window_2_lags_3_sinusoidal_yes_piecewise,False,2,piecewise_lags_3_sinusoidal_yes,0.651,0.01,445.521,454.679,False,True,False,1.29,0.333,0,1.917,2.671,0.703,318.12155576944446,,,,,1.398,0.685,,,,,1.318,1.039,0.825,0.002
CPER_yearly_False_window_2_lags_4_sinusoidal_yes_piecewise,False,2,piecewise_lags_4_sinusoidal_yes,0.657,0.006,432.632,441.611,False,True,False,1.222,0.458,0,1.933,2.656,0.596,317.54182449131315,,,,,,,1.417,0.654,,,1.268,1.039,0.751,0.002
CPER_yearly_False_window_2_lags_5_sinusoidal_yes_piecewise,False,2,piecewise_lags_5_sinusoidal_yes,0.65,0.062,421.228,430.022,False,True,False,1.271,0.598,0,1.955,2.626,0.774,318.40327805277775,,,,,,,,,1.447,0.289,1.188,1.036,0.985,0.008
CPER_yearly_True_window_2_lags_none_sinusoidal_no_piecewise,True,2,piecewise_lags_none_sinusoidal_no,0.531,0.001,488.96,493.792,False,True,False,0.909,0.391,0,1.683,1.683,0.524,317.79810517939393,,,,,,,,,,,,,,
CPER_yearly_True_window_2_lags_1_sinusoidal_no_piecewise,True,2,piecewise_lags_1_sinusoidal_no,0.525,0.001,477.902,484.236,True,True,False,0.859,0.323,0,1.661,1.745,0.471,317.79422743106056,1.084,0.329,,,,,,,,,,,,
CPER_yearly_True_window_2_lags_2_sinusoidal_no_piecewise,True,2,piecewise_lags_2_sinusoidal_no,0.479,0.005,467.083,473.304,False,True,False,0.908,0.372,0,1.669,1.981,0.481,317.24947897787877,,,1.312,0.887,,,,,,,,,,
CPER_yearly_True_window_2_lags_3_sinusoidal_no_piecewise,True,2,piecewise_lags_3_sinusoidal_no,0.505,0.032,453.406,459.512,False,True,False,0.908,0.419,0,1.676,1.969,0.698,318.12155576944446,,,,,1.293,0.5,,,,,,,,
CPER_yearly_True_window_2_lags_4_sinusoidal_no_piecewise,True,2,piecewise_lags_4_sinusoidal_no,0.496,0.05,441.282,447.268,False,True,False,0.986,0.383,0,1.714,2.033,0.775,317.54182449131315,,,,,,,1.319,0.372,,,,,,
CPER_yearly_True_window_2_lags_5_sinusoidal_no_piecewise,True,2,piecewise_lags_5_sinusoidal_no,0.537,0.261,426.223,432.086,False,True,False,1.032,0.435,0,1.78,2.146,0.993,318.40327805277775,,,,,,,,,1.366,0.102,,,,
CPER_yearly_True_window_2_lags_none_sinusoidal_yes_piecewise,True,2,piecewise_lags_none_sinusoidal_yes,0.624,0.002,484.833,492.888,True,True,False,1.087,0.501,0,1.883,2.176,0.889,317.79810517939393,,,,,,,,,,,1.259,1.034,0.986,0.009
CPER_yearly_True_window_2_lags_1_sinusoidal_yes_piecewise,True,2,piecewise_lags_1_sinusoidal_yes,0.657,0.0,470.238,479.739,True,True,False,1.134,0.445,0,1.889,2.346,0.714,317.79422743106056,1.112,0.218,,,,,,,,,1.31,1.035,0.833,0.002
CPER_yearly_True_window_2_lags_2_sinusoidal_yes_piecewise,True,2,piecewise_lags_2_sinusoidal_yes,0.614,0.002,460.558,469.89,True,True,False,1.252,0.434,0,1.962,2.848,0.582,317.24947897787877,,,1.448,0.679,,,,,,,1.405,1.033,0.957,0.004
CPER_yearly_True_window_2_lags_3_sinusoidal_yes_piecewise,True,2,piecewise_lags_3_sinusoidal_yes,0.651,0.01,445.521,454.679,False,True,False,1.29,0.333,0,1.917,2.671,0.703,318.12155576944446,,,,,1.398,0.685,,,,,1.318,1.039,0.825,0.002
CPER_yearly_True_window_2_lags_4_sinusoidal_yes_piecewise,True,2,piecewise_lags_4_sinusoidal_yes,0.657,0.006,432.632,441.611,False,True,False,1.222,0.458,0,1.933,2.656,0.596,317.54182449131315,,,,,,,1.417,0.654,,,1.268,1.039,0.751,0.002
CPER_yearly_True_window_2_lags_5_sinusoidal_yes_piecewise,True,2,piecewise_lags_5_sinusoidal_yes,0.65,0.062,421.228,430.022,False,True,False,1.271,0.598,0,1.955,2.626,0.774,318.40327805277775,,,,,,,,,1.447,0.289,1.188,1.036,0.985,0.008
CPER_yearly_False_window_3_lags_none_sinusoidal_no_piecewise,False,3,piecewise_lags_none_sinusoidal_no,0.547,0.0,476.019,480.852,True,True,False,0.57,0.518,0,1.176,1.176,0.392,376.6637333333333,,,,,,,,,,,,,,
CPER_yearly_False_window_3_lags_1_sinusoidal_no_piecewise,False,3,piecewise_lags_1_sinusoidal_no,0.525,0.001,465.586,471.92,True,True,False,0.572,0.441,0,1.52,1.593,0.279,315.30654555454544,1.073,0.411,,,,,,,,,,,,
CPER_yearly_False_window_3_lags_2_sinusoidal_no_piecewise,False,3,piecewise_lags_2_sinusoidal_no,0.502,0.004,454.231,460.453,True,True,False,0.602,0.396,0,1.521,1.658,0.427,315.49477452855217,,,1.137,0.892,,,,,,,,,,
CPER_yearly_False_window_3_lags_3_sinusoidal_no_piecewise,False,3,piecewise_lags_3_sinusoidal_no,0.521,0.038,441.483,447.588,True,True,False,0.615,0.37,0,1.611,1.886,0.616,315.2321590599663,,,,,1.275,0.479,,,,,,,,
CPER_yearly_False_window_3_lags_4_sinusoidal_no_piecewise,False,3,piecewise_lags_4_sinusoidal_no,0.536,0.079,428.203,434.189,True,True,False,0.688,0.122,0,1.696,2.022,0.736,314.7633967900337,,,,,,,1.326,0.165,,,,,,
CPER_yearly_False_window_3_lags_5_sinusoidal_no_piecewise,False,3,piecewise_lags_5_sinusoidal_no,0.613,0.994,410.563,416.426,True,True,False,0.747,0.481,0,1.707,2.069,0.486,315.21052946626264,,,,,,,,,1.362,0.011,,,,
CPER_yearly_False_window_3_lags_none_sinusoidal_yes_piecewise,False,3,piecewise_lags_none_sinusoidal_yes,0.676,0.0,467.584,475.638,True,True,False,0.75,0.523,0,1.201,1.345,0.485,376.6637333333333,,,,,,,,,,,1.143,1.0,0.703,0.001
CPER_yearly_False_window_3_lags_1_sinusoidal_yes_piecewise,False,3,piecewise_lags_1_sinusoidal_yes,0.704,0.0,452.577,462.078,True,True,False,0.957,0.613,0,1.789,2.418,0.582,315.30654555454544,1.11,0.336,,,,,,,,,1.511,1.007,0.617,0.0
CPER_yearly_False_window_3_lags_2_sinusoidal_yes_piecewise,False,3,piecewise_lags_2_sinusoidal_yes,0.723,0.002,437.751,447.083,True,True,False,1.021,0.612,0,1.779,2.477,0.874,315.49477452855217,,,1.205,0.923,,,,,,,1.479,1.014,0.752,0.0
CPER_yearly_False_window_3_lags_3_sinusoidal_yes_piecewise,False,3,piecewise_lags_3_sinusoidal_yes,0.733,0.014,425.65,434.808,False,True,False,0.988,0.66,0,1.918,2.835,0.894,315.2321590599663,,,,,1.413,0.494,,,,,1.471,1.032,0.941,0.0
CPER_yearly_False_window_3_lags_4_sinusoidal_yes_piecewise,False,3,piecewise_lags_4_sinusoidal_yes,0.728,0.023,414.559,423.538,False,True,False,0.946,0.54,0,1.986,2.865,0.976,314.7633967900337,,,,,,,1.462,0.207,,,1.371,1.045,0.885,0.0
CPER_yearly_False_window_3_lags_5_sinusoidal_yes_piecewise,False,3,piecewise_lags_5_sinusoidal_yes,0.744,0.529,401.287,410.081,False,True,False,1.013,0.69,0,1.955,2.794,0.523,315.21052946626264,,,,,,,,,1.488,0.029,1.314,1.037,0.781,0.001
CPER_yearly_True_window_3_lags_none_sinusoidal_no_piecewise,True,3,piecewise_lags_none_sinusoidal_no,0.547,0.0,476.019,480.852,True,True,False,0.57,0.518,0,1.176,1.176,0.392,376.6637333333333,,,,,,,,,,,,,,
CPER_yearly_True_window_3_lags_1_sinusoidal_no_piecewise,True,3,piecewise_lags_1_sinusoidal_no,0.525,0.001,465.586,471.92,True,True,False,0.572,0.441,0,1.52,1.593,0.279,315.30654555454544,1.073,0.411,,,,,,,,,,,,
CPER_yearly_True_window_3_lags_2_sinusoidal_no_piecewise,True,3,piecewise_lags_2_sinusoidal_no,0.502,0.004,454.231,460.453,True,True,False,0.602,0.396,0,1.521,1.658,0.427,315.49477452855217,,,1.137,0.892,,,,,,,,,,
CPER_yearly_True_window_3_lags_3_sinusoidal_no_piecewise,True,3,piecewise_lags_3_sinusoidal_no,0.521,0.038,441.483,447.588,True,True,False,0.615,0.37,0,1.611,1.886,0.616,315.2321590599663,,,,,1.275,0.479,,,,,,,,
CPER_yearly_True_window_3_lags_4_sinusoidal_no_piecewise,True,3,piecewise_lags_4_sinusoidal_no,0.536,0.079,428.203,434.189,True,True,False,0.688,0.122,0,1.696,2.022,0.736,314.7633967900337,,,,,,,1.326,0.165,,,,,,
CPER_yearly_True_window_3_lags_5_sinusoidal_no_piecewise,True,3,piecewise_lags_5_sinusoidal_no,0.613,0.994,410.563,416.426,True,True,False,0.747,0.481,0,1.707,2.069,0.486,315.21052946626264,,,,,,,,,1.362,0.011,,,,
CPER_yearly_True_window_3_lags_none_sinusoidal_yes_piecewise,True,3,piecewise_lags_none_sinusoidal_yes,0.676,0.0,467.584,475.638,True,True,False,0.75,0.523,0,1.201,1.345,0.485,376.6637333333333,,,,,,,,,,,1.143,1.0,0.703,0.001
CPER_yearly_True_window_3_lags_1_sinusoidal_yes_piecewise,True,3,piecewise_lags_1_sinusoidal_yes,0.704,0.0,452.577,462.078,True,True,False,0.957,0.613,0,1.789,2.418,0.582,315.30654555454544,1.11,0.336,,,,,,,,,1.511,1.007,0.617,0.0
CPER_yearly_True_window_3_lags_2_sinusoidal_yes_piecewise,True,3,piecewise_lags_2_sinusoidal_yes,0.723,0.002,437.751,447.083,True,True,False,1.021,0.612,0,1.779,2.477,0.874,315.49477452855217,,,1.205,0.923,,,,,,,1.479,1.014,0.752,0.0
CPER_yearly_True_window_3_lags_3_sinusoidal_yes_piecewise,True,3,piecewise_lags_3_sinusoidal_yes,0.733,0.014,425.65,434.808,False,True,False,0.988,0.66,0,1.918,2.835,0.894,315.2321590599663,,,,,1.413,0.494,,,,,1.471,1.032,0.941,0.0
CPER_yearly_True_window_3_lags_4_sinusoidal_yes_piecewise,True,3,piecewise_lags_4_sinusoidal_yes,0.728,0.023,414.559,423.538,False,True,False,0.946,0.54,0,1.986,2.865,0.976,314.7633967900337,,,,,,,1.462,0.207,,,1.371,1.045,0.885,0.0
CPER_yearly_True_window_3_lags_5_sinusoidal_yes_piecewise,True,3,piecewise_lags_5_sinusoidal_yes,0.744,0.529,401.287,410.081,False,True,False,1.013,0.69,0,1.955,2.794,0.523,315.21052946626264,,,,,,,,,1.488,0.029,1.314,1.037,0.781,0.001
CPER_yearly_False_window_4_lags_none_sinusoidal_no_piecewise,False,4,piecewise_lags_none_sinusoidal_no,0.54,0.002,465.437,470.269,True,False,False,0.56,0.38,0,1.574,1.574,0.356,313.02185151515147,,,,,,,,,,,,,,
CPER_yearly_False_window_4_lags_1_sinusoidal_no_piecewise,False,4,piecewise_lags_1_sinusoidal_no,0.499,0.002,455.535,461.869,True,True,False,0.513,0.359,0,1.483,1.556,0.284,313.3417121212121,1.073,0.51,,,,,,,,,,,,
CPER_yearly_False_window_4_lags_2_sinusoidal_no_piecewise,False,4,piecewise_lags_2_sinusoidal_no,0.488,0.099,443.177,449.398,True,True,False,0.62,0.447,0,4.475,4.802,0.218,269.8193,,,1.327,0.949,,,,,,,,,,
CPER_yearly_False_window_4_lags_3_sinusoidal_no_piecewise,False,4,piecewise_lags_3_sinusoidal_no,0.518,0.289,430.366,436.472,True,True,False,0.594,0.333,0,5.442,6.099,0.475,270.13435,,,,,1.657,0.227,,,,,,,,
CPER_yearly_False_window_4_lags_4_sinusoidal_no_piecewise,False,4,piecewise_lags_4_sinusoidal_no,0.544,0.566,416.214,422.2,True,True,False,0.646,0.327,0,7.419,8.461,0.697,267.7795,,,,,,,2.042,0.061,,,,,,
CPER_yearly_False_window_4_lags_5_sinusoidal_no_piecewise,False,4,piecewise_lags_5_sinusoidal_no,0.619,0.965,398.968,404.831,True,True,False,0.57,0.433,0,9.377,10.981,0.985,265.1125,,,,,,,,,2.604,0.006,,,,
CPER_yearly_False_window_4_lags_none_sinusoidal_yes_piecewise,False,4,piecewise_lags_none_sinusoidal_yes,0.678,0.008,456.176,464.231,True,True,False,0.655,0.436,0,1.79,2.166,0.976,313.02185151515147,,,,,,,,,,,1.334,1.042,0.894,0.001
CPER_yearly_False_window_4_lags_1_sinusoidal_yes_piecewise,False,4,piecewise_lags_1_sinusoidal_yes,0.764,0.001,432.449,441.95,True,True,False,0.808,0.539,0,1.731,2.357,0.942,313.3417121212121,1.111,0.298,,,,,,,,,1.47,1.044,0.866,0.0
CPER_yearly_False_window_4_lags_2_sinusoidal_yes_piecewise,False,4,piecewise_lags_2_sinusoidal_yes,0.778,0.212,417.896,427.228,True,True,False,0.919,0.701,0,6.502,7.603,0.531,269.8193,,,1.518,0.945,,,,,,,1.566,1.018,0.487,0.0
CPER_yearly_False_window_4_lags_3_sinusoidal_yes_piecewise,False,4,piecewise_lags_3_sinusoidal_yes,0.779,0.491,407.86,417.018,True,True,False,0.89,0.668,0,8.214,9.905,0.892,270.13435,,,,,2.067,0.143,,,,,1.548,1.076,0.425,0.0
CPER_yearly_False_window_4_lags_4_sinusoidal_yes_piecewise,False,4,piecewise_lags_4_sinusoidal_yes,0.77,0.738,397.689,406.668,True,True,False,0.856,0.657,0,10.629,12.692,0.988,267.7795,,,,,,,2.563,0.054,,,1.361,1.139,0.412,0.0
CPER_yearly_False_window_4_lags_5_sinusoidal_yes_piecewise,False,4,piecewise_lags_5_sinusoidal_yes,0.79,0.825,383.948,392.743,True,False,False,0.84,0.693,0,12.601,15.208,0.701,265.1125,,,,,,,,,3.222,0.005,1.269,1.116,0.627,0.0
CPER_yearly_True_window_4_lags_none_sinusoidal_no_piecewise,True,4,piecewise_lags_none_sinusoidal_no,0.54,0.002,465.437,470.269,True,False,False,0.56,0.38,0,1.574,1.574,0.356,313.02185151515147,,,,,,,,,,,,,,
CPER_yearly_True_window_4_lags_1_sinusoidal_no_piecewise,True,4,piecewise_lags_1_sinusoidal_no,0.499,0.002,455.535,461.869,True,True,False,0.513,0.359,0,1.483,1.556,0.284,313.3417121212121,1.073,0.51,,,,,,,,,,,,
CPER_yearly_True_window_4_lags_2_sinusoidal_no_piecewise,True,4,piecewise_lags_2_sinusoidal_no,0.488,0.099,443.177,449.398,True,True,False,0.62,0.447,0,4.475,4.802,0.218,269.8193,,,1.327,0.949,,,,,,,,,,
CPER_yearly_True_window_4_lags_3_sinusoidal_no_piecewise,True,4,piecewise_lags_3_sinusoidal_no,0.518,0.289,430.366,436.472,True,True,False,0.594,0.333,0,5.442,6.099,0.475,270.13435,,,,,1.657,0.227,,,,,,,,
CPER_yearly_True_window_4_lags_4_sinusoidal_no_piecewise,True,4,piecewise_lags_4_sinusoidal_no,0.544,0.566,416.214,422.2,True,True,False,0.646,0.327,0,7.419,8.461,0.697,267.7795,,,,,,,2.042,0.061,,,,,,
CPER_yearly_True_window_4_lags_5_sinusoidal_no_piecewise,True,4,piecewise_lags_5_sinusoidal_no,0.619,0.965,398.968,404.831,True,True,False,0.57,0.433,0,9.377,10.981,0.985,265.1125,,,,,,,,,2.604,0.006,,,,
CPER_yearly_True_window_4_lags_none_sinusoidal_yes_piecewise,True,4,piecewise_lags_none_sinusoidal_yes,0.678,0.008,456.176,464.231,True,True,False,0.655,0.436,0,1.79,2.166,0.976,313.02185151515147,,,,,,,,,,,1.334,1.042,0.894,0.001
CPER_yearly_True_window_4_lags_1_sinusoidal_yes_piecewise,True,4,piecewise_lags_1_sinusoidal_yes,0.764,0.001,432.449,441.95,True,True,False,0.808,0.539,0,1.731,2.357,0.942,313.3417121212121,1.111,0.298,,,,,,,,,1.47,1.044,0.866,0.0
CPER_yearly_True_window_4_lags_2_sinusoidal_yes_piecewise,True,4,piecewise_lags_2_sinusoidal_yes,0.778,0.212,417.896,427.228,True,True,False,0.919,0.701,0,6.502,7.603,0.531,269.8193,,,1.518,0.945,,,,,,,1.566,1.018,0.487,0.0
CPER_yearly_True_window_4_lags_3_sinusoidal_yes_piecewise,True,4,piecewise_lags_3_sinusoidal_yes,0.779,0.491,407.86,417.018,True,True,False,0.89,0.668,0,8.214,9.905,0.892,270.13435,,,,,2.067,0.143,,,,,1.548,1.076,0.425,0.0
CPER_yearly_True_window_4_lags_4_sinusoidal_yes_piecewise,True,4,piecewise_lags_4_sinusoidal_yes,0.77,0.738,397.689,406.668,True,True,False,0.856,0.657,0,10.629,12.692,0.988,267.7795,,,,,,,2.563,0.054,,,1.361,1.139,0.412,0.0
CPER_yearly_True_window_4_lags_5_sinusoidal_yes_piecewise,True,4,piecewise_lags_5_sinusoidal_yes,0.79,0.825,383.948,392.743,True,False,False,0.84,0.693,0,12.601,15.208,0.701,265.1125,,,,,,,,,3.222,0.005,1.269,1.116,0.627,0.0
CPER_yearly_False_window_5_lags_none_sinusoidal_no_piecewise,False,5,piecewise_lags_none_sinusoidal_no,0.585,0.0,453.738,458.571,True,True,False,0.47,0.128,0,1.863,1.863,0.057,299.9737564637576,,,,,,,,,,,,,,
CPER_yearly_False_window_5_lags_1_sinusoidal_no_piecewise,False,5,piecewise_lags_1_sinusoidal_no,0.561,0.001,443.705,450.039,True,True,False,0.503,0.254,0,1.775,1.86,0.051,300.3614273878788,1.085,0.902,,,,,,,,,,,,
CPER_yearly_False_window_5_lags_2_sinusoidal_no_piecewise,False,5,piecewise_lags_2_sinusoidal_no,0.576,0.002,431.057,437.278,True,True,False,0.485,0.512,0,1.812,2.05,0.065,299.7892946738181,,,1.238,0.311,,,,,,,,,,
CPER_yearly_False_window_5_lags_3_sinusoidal_no_piecewise,False,5,piecewise_lags_3_sinusoidal_no,0.592,0.017,419.052,425.158,True,True,False,0.508,0.527,0,1.921,2.306,0.178,300.4187358974343,,,,,1.385,0.132,,,,,,,,
CPER_yearly_False_window_5_lags_4_sinusoidal_no_piecewise,False,5,piecewise_lags_4_sinusoidal_no,0.617,0.043,405.354,411.34,True,False,False,0.539,0.463,0,2.113,2.667,0.222,300.1985419687273,,,,,,,1.553,0.034,,,,,,
CPER_yearly_False_window_5_lags_5_sinusoidal_no_piecewise,False,5,piecewise_lags_5_sinusoidal_no,0.672,0.556,388.994,394.857,True,True,False,0.463,0.492,0,2.332,3.13,0.725,299.7957868268889,,,,,,,,,1.798,0.003,,,,
CPER_yearly_False_window_5_lags_none_sinusoidal_yes_piecewise,False,5,piecewise_lags_none_sinusoidal_yes,0.731,0.002,441.744,449.799,True,True,False,0.452,0.482,0,2.224,2.643,0.303,299.9737564637576,,,,,,,,,,,1.419,1.0,0.671,0.0
CPER_yearly_False_window_5_lags_1_sinusoidal_yes_piecewise,False,5,piecewise_lags_1_sinusoidal_yes,0.785,0.0,421.986,431.487,True,True,False,0.76,0.493,0,2.218,2.922,0.117,300.3614273878788,1.134,0.729,,,,,,,,,1.57,1.001,0.817,0.0
CPER_yearly_False_window_5_lags_2_sinusoidal_yes_piecewise,False,5,piecewise_lags_2_sinusoidal_yes,0.824,0.002,404.309,413.641,True,True,False,0.759,0.742,0,2.323,3.339,0.297,299.7892946738181,,,1.387,0.123,,,,,,,1.617,1.012,0.965,0.0
CPER_yearly_False_window_5_lags_3_sinusoidal_yes_piecewise,False,5,piecewise_lags_3_sinusoidal_yes,0.837,0.005,391.86,401.018,True,True,False,0.727,0.779,0,2.48,3.705,0.277,300.4187358974343,,,,,1.618,0.041,,,,,1.573,1.034,0.854,0.0
CPER_yearly_False_window_5_lags_4_sinusoidal_yes_piecewise,False,5,piecewise_lags_4_sinusoidal_yes,0.834,0.016,381.755,390.734,True,False,False,0.687,0.776,0,2.684,4.034,0.393,300.1985419687273,,,,,,,1.837,0.013,,,1.45,1.063,0.987,0.0
CPER_yearly_False_window_5_lags_5_sinusoidal_yes_piecewise,False,5,piecewise_lags_5_sinusoidal_yes,0.846,0.344,368.836,377.631,True,True,False,0.706,0.763,0,2.86,4.369,0.869,299.7957868268889,,,,,,,,,2.114,0.002,1.34,1.056,0.812,0.0
CPER_yearly_True_window_5_lags_none_sinusoidal_no_piecewise,True,5,piecewise_lags_none_sinusoidal_no,0.585,0.0,453.738,458.571,True,True,False,0.47,0.128,0,1.863,1.863,0.057,299.9737564637576,,,,,,,,,,,,,,
CPER_yearly_True_window_5_lags_1_sinusoidal_no_piecewise,True,5,piecewise_lags_1_sinusoidal_no,0.561,0.001,443.705,450.039,True,True,False,0.503,0.254,0,1.775,1.86,0.051,300.3614273878788,1.085,0.902,,,,,,,,,,,,
CPER_yearly_True_window_5_lags_2_sinusoidal_no_piecewise,True,5,piecewise_lags_2_sinusoidal_no,0.576,0.002,431.057,437.278,True,True,False,0.485,0.512,0,1.812,2.05,0.065,299.7892946738181,,,1.238,0.311,,,,,,,,,,
CPER_yearly_True_window_5_lags_3_sinusoidal_no_piecewise,True,5,piecewise_lags_3_sinusoidal_no,0.592,0.017,419.052,425.158,True,True,False,0.508,0.527,0,1.921,2.306,0.178,300.4187358974343,,,,,1.385,0.132,,,,,,,,
CPER_yearly_True_window_5_lags_4_sinusoidal_no_piecewise,True,5,piecewise_lags_4_sinusoidal_no,0.617,0.043,405.354,411.34,True,False,False,0.539,0.463,0,2.113,2.667,0.222,300.1985419687273,,,,,,,1.553,0.034,,,,,,
CPER_yearly_True_window_5_lags_5_sinusoidal_no_piecewise,True,5,piecewise_lags_5_sinusoidal_no,0.672,0.556,388.994,394.857,True,True,False,0.463,0.492,0,2.332,3.13,0.725,299.7957868268889,,,,,,,,,1.798,0.003,,,,
CPER_yearly_True_window_5_lags_none_sinusoidal_yes_piecewise,True,5,piecewise_lags_none_sinusoidal_yes,0.731,0.002,441.744,449.799,True,True,False,0.452,0.482,0,2.224,2.643,0.303,299.9737564637576,,,,,,,,,,,1.419,1.0,0.671,0.0
CPER_yearly_True_window_5_lags_1_sinusoidal_yes_piecewise,True,5,piecewise_lags_1_sinusoidal_yes,0.785,0.0,421.986,431.487,True,True,False,0.76,0.493,0,2.218,2.922,0.117,300.3614273878788,1.134,0.729,,,,,,,,,1.57,1.001,0.817,0.0
CPER_yearly_True_window_5_lags_2_sinusoidal_yes_piecewise,True,5,piecewise_lags_2_sinusoidal_yes,0.824,0.002,404.309,413.641,True,True,False,0.759,0.742,0,2.323,3.339,0.297,299.7892946738181,,,1.387,0.123,,,,,,,1.617,1.012,0.965,0.0
CPER_yearly_True_window_5_lags_3_sinusoidal_yes_piecewise,True,5,piecewise_lags_3_sinusoidal_yes,0.837,0.005,391.86,401.018,True,True,False,0.727,0.779,0,2.48,3.705,0.277,300.4187358974343,,,,,1.618,0.041,,,,,1.573,1.034,0.854,0.0
CPER_yearly_True_window_5_lags_4_sinusoidal_yes_piecewise,True,5,piecewise_lags_4_sinusoidal_yes,0.834,0.016,381.755,390.734,True,False,False,0.687,0.776,0,2.684,4.034,0.393,300.1985419687273,,,,,,,1.837,0.013,,,1.45,1.063,0.987,0.0
CPER_yearly_True_window_5_lags_5_sinusoidal_yes_piecewise,True,5,piecewise_lags_5_sinusoidal_yes,0.846,0.344,368.836,377.631,True,True,False,0.706,0.763,0,2.86,4.369,0.869,299.7957868268889,,,,,,,,,2.114,0.002,1.34,1.056,0.812,0.0
CPER_yearly_False_window_6_lags_none_sinusoidal_no_piecewise,False,6,piecewise_lags_none_sinusoidal_no,0.583,0.0,445.891,450.724,True,True,False,0.61,0.494,0,1.973,1.973,0.02,299.93140755925924,,,,,,,,,,,,,,
CPER_yearly_False_window_6_lags_1_sinusoidal_no_piecewise,False,6,piecewise_lags_1_sinusoidal_no,0.556,0.0,435.438,441.772,False,True,False,0.701,0.36,0,1.879,1.972,0.015,299.8307728772727,1.093,0.663,,,,,,,,,,,,
CPER_yearly_False_window_6_lags_2_sinusoidal_no_piecewise,False,6,piecewise_lags_2_sinusoidal_no,0.589,0.002,421.779,428.001,True,True,False,0.691,0.388,0,1.892,2.153,0.025,299.18553348333336,,,1.261,0.123,,,,,,,,,,
CPER_yearly_False_window_6_lags_3_sinusoidal_no_piecewise,False,6,piecewise_lags_3_sinusoidal_no,0.629,0.006,408.189,414.295,False,True,False,0.703,0.519,0,1.997,2.427,0.045,300.29198230117845,,,,,1.43,0.02,,,,,,,,
CPER_yearly_False_window_6_lags_4_sinusoidal_no_piecewise,False,6,piecewise_lags_4_sinusoidal_no,0.63,0.039,396.617,402.603,True,True,False,0.745,0.492,0,2.25,2.792,0.128,298.7922021683502,,,,,,,1.541,0.014,,,,,,
CPER_yearly_False_window_6_lags_5_sinusoidal_no_piecewise,False,6,piecewise_lags_5_sinusoidal_no,0.686,0.142,380.287,386.15,True,True,False,0.625,0.556,0,2.414,3.268,0.194,300.0051678212121,,,,,,,,,1.854,0.001,,,,
CPER_yearly_False_window_6_lags_none_sinusoidal_yes_piecewise,False,6,piecewise_lags_none_sinusoidal_yes,0.716,0.002,435.62,443.675,True,True,False,0.587,0.554,0,2.369,2.776,0.106,299.93140755925924,,,,,,,,,,,1.392,1.015,0.918,0.0
CPER_yearly_False_window_6_lags_1_sinusoidal_yes_piecewise,False,6,piecewise_lags_1_sinusoidal_yes,0.783,0.001,413.636,423.137,True,True,False,0.837,0.468,0,2.383,3.103,0.069,299.8307728772727,1.146,0.559,,,,,,,,,1.551,1.023,0.634,0.0
CPER_yearly_False_window_6_lags_2_sinusoidal_yes_piecewise,False,6,piecewise_lags_2_sinusoidal_yes,0.812,0.005,398.309,407.641,True,True,False,0.927,0.687,0,2.468,3.542,0.113,299.18553348333336,,,1.429,0.029,,,,,,,1.603,1.042,0.421,0.0
CPER_yearly_False_window_6_lags_3_sinusoidal_yes_piecewise,False,6,piecewise_lags_3_sinusoidal_yes,0.841,0.01,383.484,392.643,True,True,False,0.886,0.754,0,2.602,3.899,0.181,300.29198230117845,,,,,1.691,0.003,,,,,1.507,1.099,0.32,0.0
CPER_yearly_False_window_6_lags_4_sinusoidal_yes_piecewise,False,6,piecewise_lags_4_sinusoidal_yes,0.841,0.023,372.737,381.716,True,True,False,0.91,0.8,0,2.798,4.013,0.208,298.7922021683502,,,,,,,1.778,0.002,,,1.356,1.081,0.425,0.0
CPER_yearly_False_window_6_lags_5_sinusoidal_yes_piecewise,False,6,piecewise_lags_5_sinusoidal_yes,0.844,0.121,361.951,370.746,True,True,False,0.894,0.776,0,2.945,4.494,0.366,300.0051678212121,,,,,,,,,2.174,0.001,1.253,1.122,0.925,0.0
CPER_yearly_True_window_6_lags_none_sinusoidal_no_piecewise,True,6,piecewise_lags_none_sinusoidal_no,0.583,0.0,445.891,450.724,True,True,False,0.61,0.494,0,1.973,1.973,0.02,299.93140755925924,,,,,,,,,,,,,,
CPER_yearly_True_window_6_lags_1_sinusoidal_no_piecewise,True,6,piecewise_lags_1_sinusoidal_no,0.556,0.0,435.438,441.772,False,True,False,0.701,0.36,0,1.879,1.972,0.015,299.8307728772727,1.093,0.663,,,,,,,,,,,,
CPER_yearly_True_window_6_lags_2_sinusoidal_no_piecewise,True,6,piecewise_lags_2_sinusoidal_no,0.589,0.002,421.779,428.001,True,True,False,0.691,0.388,0,1.892,2.153,0.025,299.18553348333336,,,1.261,0.123,,,,,,,,,,
CPER_yearly_True_window_6_lags_3_sinusoidal_no_piecewise,True,6,piecewise_lags_3_sinusoidal_no,0.629,0.006,408.189,414.295,False,True,False,0.703,0.519,0,1.997,2.427,0.045,300.29198230117845,,,,,1.43,0.02,,,,,,,,
CPER_yearly_True_window_6_lags_4_sinusoidal_no_piecewise,True,6,piecewise_lags_4_sinusoidal_no,0.63,0.039,396.617,402.603,True,True,False,0.745,0.492,0,2.25,2.792,0.128,298.7922021683502,,,,,,,1.541,0.014,,,,,,
CPER_yearly_True_window_6_lags_5_sinusoidal_no_piecewise,True,6,piecewise_lags_5_sinusoidal_no,0.686,0.142,380.287,386.15,True,True,False,0.625,0.556,0,2.414,3.268,0.194,300.0051678212121,,,,,,,,,1.854,0.001,,,,
CPER_yearly_True_window_6_lags_none_sinusoidal_yes_piecewise,True,6,piecewise_lags_none_sinusoidal_yes,0.716,0.002,435.62,443.675,True,True,False,0.587,0.554,0,2.369,2.776,0.106,299.93140755925924,,,,,,,,,,,1.392,1.015,0.918,0.0
CPER_yearly_True_window_6_lags_1_sinusoidal_yes_piecewise,True,6,piecewise_lags_1_sinusoidal_yes,0.783,0.001,413.636,423.137,True,True,False,0.837,0.468,0,2.383,3.103,0.069,299.8307728772727,1.146,0.559,,,,,,,,,1.551,1.023,0.634,0.0
CPER_yearly_True_window_6_lags_2_sinusoidal_yes_piecewise,True,6,piecewise_lags_2_sinusoidal_yes,0.812,0.005,398.309,407.641,True,True,False,0.927,0.687,0,2.468,3.542,0.113,299.18553348333336,,,1.429,0.029,,,,,,,1.603,1.042,0.421,0.0
CPER_yearly_True_window_6_lags_3_sinusoidal_yes_piecewise,True,6,piecewise_lags_3_sinusoidal_yes,0.841,0.01,383.484,392.643,True,True,False,0.886,0.754,0,2.602,3.899,0.181,300.29198230117845,,,,,1.691,0.003,,,,,1.507,1.099,0.32,0.0
CPER_yearly_True_window_6_lags_4_sinusoidal_yes_piecewise,True,6,piecewise_lags_4_sinusoidal_yes,0.841,0.023,372.737,381.716,True,True,False,0.91,0.8,0,2.798,4.013,0.208,298.7922021683502,,,,,,,1.778,0.002,,,1.356,1.081,0.425,0.0
CPER_yearly_True_window_6_lags_5_sinusoidal_yes_piecewise,True,6,piecewise_lags_5_sinusoidal_yes,0.844,0.121,361.951,370.746,True,True,False,0.894,0.776,0,2.945,4.494,0.366,300.0051678212121,,,,,,,,,2.174,0.001,1.253,1.122,0.925,0.0
CPER_yearly_False_window_7_lags_none_sinusoidal_no_piecewise,False,7,piecewise_lags_none_sinusoidal_no,0.566,0.0,437.574,442.407,True,True,False,0.656,0.383,0,1.738,1.738,0.004,304.5011377861472,,,,,,,,,,,,,,
CPER_yearly_False_window_7_lags_1_sinusoidal_no_piecewise,False,7,piecewise_lags_1_sinusoidal_no,0.555,0.0,427.818,434.152,False,True,False,0.736,0.408,0,1.628,1.683,0.007,304.630031868254,1.055,0.647,,,,,,,,,,,,
CPER_yearly_False_window_7_lags_2_sinusoidal_no_piecewise,False,7,piecewise_lags_2_sinusoidal_no,0.607,0.0,413.14,419.361,True,True,False,0.745,0.414,0,1.625,1.808,0.008,304.7825288363636,,,1.183,0.054,,,,,,,,,,
CPER_yearly_False_window_7_lags_3_sinusoidal_no_piecewise,False,7,piecewise_lags_3_sinusoidal_no,0.667,0.003,397.639,403.745,True,True,False,0.837,0.482,0,1.714,2.019,0.023,304.91209185822515,,,,,1.304,0.005,,,,,,,,
CPER_yearly_False_window_7_lags_4_sinusoidal_no_piecewise,False,7,piecewise_lags_4_sinusoidal_no,0.699,0.002,382.976,388.962,True,True,False,0.793,0.641,0,1.831,2.268,0.011,305.15833143059166,,,,,,,1.437,0.001,,,,,,
CPER_yearly_False_window_7_lags_5_sinusoidal_no_piecewise,False,7,piecewise_lags_5_sinusoidal_no,0.705,0.068,371.754,377.617,True,True,False,0.8,0.573,0,2.011,2.652,0.08,304.5897675056277,,,,,,,,,1.641,0.001,,,,
CPER_yearly_False_window_7_lags_none_sinusoidal_yes_piecewise,False,7,piecewise_lags_none_sinusoidal_yes,0.738,0.0,422.829,430.884,True,True,False,0.687,0.554,0,2.049,2.472,0.011,304.5011377861472,,,,,,,,,,,1.421,1.002,0.785,0.0
CPER_yearly_False_window_7_lags_1_sinusoidal_yes_piecewise,False,7,piecewise_lags_1_sinusoidal_yes,0.826,0.0,398.123,407.624,True,True,False,0.779,0.637,0,1.991,2.655,0.001,304.630031868254,1.086,0.338,,,,,,,,,1.577,1.001,0.987,0.0
CPER_yearly_False_window_7_lags_2_sinusoidal_yes_piecewise,False,7,piecewise_lags_2_sinusoidal_yes,0.838,0.001,386.039,395.371,True,True,False,0.767,0.739,0,1.987,2.854,0.019,304.7825288363636,,,1.289,0.003,,,,,,,1.574,1.004,0.774,0.0
CPER_yearly_False_window_7_lags_3_sinusoidal_yes_piecewise,False,7,piecewise_lags_3_sinusoidal_yes,0.857,0.005,372.971,382.129,True,True,False,0.783,0.78,0,2.096,3.096,0.047,304.91209185822515,,,,,1.467,0.0,,,,,1.511,1.023,0.541,0.0
CPER_yearly_False_window_7_lags_4_sinusoidal_yes_piecewise,False,7,piecewise_lags_4_sinusoidal_yes,0.861,0.002,361.53,370.51,True,True,False,0.911,0.807,0,2.153,3.146,0.025,305.15833143059166,,,,,,,1.606,0.0,,,1.361,1.026,0.973,0.0
CPER_yearly_False_window_7_lags_5_sinusoidal_yes_piecewise,False,7,piecewise_lags_5_sinusoidal_yes,0.86,0.029,351.938,360.732,True,True,False,0.916,0.808,0,2.33,3.489,0.078,304.5897675056277,,,,,,,,,1.843,0.0,1.275,1.04,0.466,0.0
CPER_yearly_True_window_7_lags_none_sinusoidal_no_piecewise,True,7,piecewise_lags_none_sinusoidal_no,0.566,0.0,437.574,442.407,True,True,False,0.656,0.383,0,1.738,1.738,0.004,304.5011377861472,,,,,,,,,,,,,,
CPER_yearly_True_window_7_lags_1_sinusoidal_no_piecewise,True,7,piecewise_lags_1_sinusoidal_no,0.555,0.0,427.818,434.152,False,True,False,0.736,0.408,0,1.628,1.683,0.007,304.630031868254,1.055,0.647,,,,,,,,,,,,
CPER_yearly_True_window_7_lags_2_sinusoidal_no_piecewise,True,7,piecewise_lags_2_sinusoidal_no,0.607,0.0,413.14,419.361,True,True,False,0.745,0.414,0,1.625,1.808,0.008,304.7825288363636,,,1.183,0.054,,,,,,,,,,
CPER_yearly_True_window_7_lags_3_sinusoidal_no_piecewise,True,7,piecewise_lags_3_sinusoidal_no,0.667,0.003,397.639,403.745,True,True,False,0.837,0.482,0,1.714,2.019,0.023,304.91209185822515,,,,,1.304,0.005,,,,,,,,
CPER_yearly_True_window_7_lags_4_sinusoidal_no_piecewise,True,7,piecewise_lags_4_sinusoidal_no,0.699,0.002,382.976,388.962,True,True,False,0.793,0.641,0,1.831,2.268,0.011,305.15833143059166,,,,,,,1.437,0.001,,,,,,
CPER_yearly_True_window_7_lags_5_sinusoidal_no_piecewise,True,7,piecewise_lags_5_sinusoidal_no,0.705,0.068,371.754,377.617,True,True,False,0.8,0.573,0,2.011,2.652,0.08,304.5897675056277,,,,,,,,,1.641,0.001,,,,
CPER_yearly_True_window_7_lags_none_sinusoidal_yes_piecewise,True,7,piecewise_lags_none_sinusoidal_yes,0.738,0.0,422.829,430.884,True,True,False,0.687,0.554,0,2.049,2.472,0.011,304.5011377861472,,,,,,,,,,,1.421,1.002,0.785,0.0
CPER_yearly_True_window_7_lags_1_sinusoidal_yes_piecewise,True,7,piecewise_lags_1_sinusoidal_yes,0.826,0.0,398.123,407.624,True,True,False,0.779,0.637,0,1.991,2.655,0.001,304.630031868254,1.086,0.338,,,,,,,,,1.577,1.001,0.987,0.0
CPER_yearly_True_window_7_lags_2_sinusoidal_yes_piecewise,True,7,piecewise_lags_2_sinusoidal_yes,0.838,0.001,386.039,395.371,True,True,False,0.767,0.739,0,1.987,2.854,0.019,304.7825288363636,,,1.289,0.003,,,,,,,1.574,1.004,0.774,0.0
CPER_yearly_True_window_7_lags_3_sinusoidal_yes_piecewise,True,7,piecewise_lags_3_sinusoidal_yes,0.857,0.005,372.971,382.129,True,True,False,0.783,0.78,0,2.096,3.096,0.047,304.91209185822515,,,,,1.467,0.0,,,,,1.511,1.023,0.541,0.0
CPER_yearly_True_window_7_lags_4_sinusoidal_yes_piecewise,True,7,piecewise_lags_4_sinusoidal_yes,0.861,0.002,361.53,370.51,True,True,False,0.911,0.807,0,2.153,3.146,0.025,305.15833143059166,,,,,,,1.606,0.0,,,1.361,1.026,0.973,0.0
CPER_yearly_True_window_7_lags_5_sinusoidal_yes_piecewise,True,7,piecewise_lags_5_sinusoidal_yes,0.86,0.029,351.938,360.732,True,True,False,0.916,0.808,0,2.33,3.489,0.078,304.5897675056277,,,,,,,,,1.843,0.0,1.275,1.04,0.466,0.0
CPER_yearly_False_window_8_lags_none_sinusoidal_no_piecewise,False,8,piecewise_lags_none_sinusoidal_no,0.546,0.0,430.717,435.549,True,True,False,0.538,0.48,0,1.714,1.714,0.002,307.02495001833336,,,,,,,,,,,,,,
CPER_yearly_False_window_8_lags_1_sinusoidal_no_piecewise,False,8,piecewise_lags_1_sinusoidal_no,0.566,0.0,418.269,424.603,True,True,False,0.897,0.402,0,1.633,1.721,0.002,305.62418688257577,1.088,0.096,,,,,,,,,,,,
CPER_yearly_False_window_8_lags_2_sinusoidal_no_piecewise,False,8,piecewise_lags_2_sinusoidal_no,0.618,0.0,403.889,410.111,True,True,False,0.681,0.516,0,1.61,1.812,0.005,306.29666112333337,,,1.202,0.008,,,,,,,,,,
CPER_yearly_False_window_8_lags_3_sinusoidal_no_piecewise,False,8,piecewise_lags_3_sinusoidal_no,0.709,0.001,385.176,391.282,True,True,False,0.839,0.638,0,1.686,2.029,0.005,307.0673401615152,,,,,1.343,0.0,,,,,,,,
CPER_yearly_False_window_8_lags_4_sinusoidal_no_piecewise,False,8,piecewise_lags_4_sinusoidal_no,0.775,0.0,365.491,371.477,True,True,False,1.099,0.718,0,1.809,2.273,0.001,306.863014147803,,,,,,,1.464,0.0,,,,,,
CPER_yearly_False_window_8_lags_5_sinusoidal_no_piecewise,False,8,piecewise_lags_5_sinusoidal_no,0.778,0.011,354.808,360.671,True,True,False,0.965,0.594,0,3.278,4.131,0.011,294.85006540459597,,,,,,,,,1.853,0.0,,,,
CPER_yearly_False_window_8_lags_none_sinusoidal_yes_piecewise,False,8,piecewise_lags_none_sinusoidal_yes,0.708,0.0,418.402,426.456,True,True,False,0.634,0.562,0,1.986,2.368,0.004,307.02495001833336,,,,,,,,,,,1.378,1.004,0.91,0.0
CPER_yearly_False_window_8_lags_1_sinusoidal_yes_piecewise,False,8,piecewise_lags_1_sinusoidal_yes,0.779,0.0,397.941,407.442,False,True,False,0.826,0.563,0,2.002,2.725,0.005,305.62418688257577,1.14,0.031,,,,,,,,,1.566,1.016,0.453,0.0
CPER_yearly_False_window_8_lags_2_sinusoidal_yes_piecewise,False,8,piecewise_lags_2_sinusoidal_yes,0.795,0.029,386.12,395.452,True,True,False,0.743,0.64,0,1.913,2.712,0.12,306.29666112333337,,,1.302,0.001,,,,,,,1.475,1.021,0.412,0.0
CPER_yearly_False_window_8_lags_3_sinusoidal_yes_piecewise,False,8,piecewise_lags_3_sinusoidal_yes,0.836,0.083,369.793,378.951,True,True,False,0.746,0.747,0,1.973,2.877,0.208,307.0673401615152,,,,,1.486,0.0,,,,,1.362,1.056,0.293,0.0
CPER_yearly_False_window_8_lags_4_sinusoidal_yes_piecewise,False,8,piecewise_lags_4_sinusoidal_yes,0.854,0.009,355.294,364.273,True,True,False,1.036,0.791,0,2.079,3.031,0.028,306.863014147803,,,,,,,1.619,0.0,,,1.262,1.071,0.81,0.001
CPER_yearly_False_window_8_lags_5_sinusoidal_yes_piecewise,False,8,piecewise_lags_5_sinusoidal_yes,0.86,0.016,344.115,352.909,True,True,False,1.155,0.764,0,4.166,5.74,0.023,294.85006540459597,,,,,,,,,2.185,0.0,1.303,1.087,0.783,0.001
CPER_yearly_True_window_8_lags_none_sinusoidal_no_piecewise,True,8,piecewise_lags_none_sinusoidal_no,0.546,0.0,430.717,435.549,True,True,False,0.538,0.48,0,1.714,1.714,0.002,307.02495001833336,,,,,,,,,,,,,,
CPER_yearly_True_window_8_lags_1_sinusoidal_no_piecewise,True,8,piecewise_lags_1_sinusoidal_no,0.566,0.0,418.269,424.603,True,True,False,0.897,0.402,0,1.633,1.721,0.002,305.62418688257577,1.088,0.096,,,,,,,,,,,,
CPER_yearly_True_window_8_lags_2_sinusoidal_no_piecewise,True,8,piecewise_lags_2_sinusoidal_no,0.618,0.0,403.889,410.111,True,True,False,0.681,0.516,0,1.61,1.812,0.005,306.29666112333337,,,1.202,0.008,,,,,,,,,,
CPER_yearly_True_window_8_lags_3_sinusoidal_no_piecewise,True,8,piecewise_lags_3_sinusoidal_no,0.709,0.001,385.176,391.282,True,True,False,0.839,0.638,0,1.686,2.029,0.005,307.0673401615152,,,,,1.343,0.0,,,,,,,,
CPER_yearly_True_window_8_lags_4_sinusoidal_no_piecewise,True,8,piecewise_lags_4_sinusoidal_no,0.775,0.0,365.491,371.477,True,True,False,1.099,0.718,0,1.809,2.273,0.001,306.863014147803,,,,,,,1.464,0.0,,,,,,
CPER_yearly_True_window_8_lags_5_sinusoidal_no_piecewise,True,8,piecewise_lags_5_sinusoidal_no,0.778,0.011,354.808,360.671,True,True,False,0.965,0.594,0,3.278,4.131,0.011,294.85006540459597,,,,,,,,,1.853,0.0,,,,
CPER_yearly_True_window_8_lags_none_sinusoidal_yes_piecewise,True,8,piecewise_lags_none_sinusoidal_yes,0.708,0.0,418.402,426.456,True,True,False,0.634,0.562,0,1.986,2.368,0.004,307.02495001833336,,,,,,,,,,,1.378,1.004,0.91,0.0
CPER_yearly_True_window_8_lags_1_sinusoidal_yes_piecewise,True,8,piecewise_lags_1_sinusoidal_yes,0.779,0.0,397.941,407.442,False,True,False,0.826,0.563,0,2.002,2.725,0.005,305.62418688257577,1.14,0.031,,,,,,,,,1.566,1.016,0.453,0.0
CPER_yearly_True_window_8_lags_2_sinusoidal_yes_piecewise,True,8,piecewise_lags_2_sinusoidal_yes,0.795,0.029,386.12,395.452,True,True,False,0.743,0.64,0,1.913,2.712,0.12,306.29666112333337,,,1.302,0.001,,,,,,,1.475,1.021,0.412,0.0
CPER_yearly_True_window_8_lags_3_sinusoidal_yes_piecewise,True,8,piecewise_lags_3_sinusoidal_yes,0.836,0.083,369.793,378.951,True,True,False,0.746,0.747,0,1.973,2.877,0.208,307.0673401615152,,,,,1.486,0.0,,,,,1.362,1.056,0.293,0.0
CPER_yearly_True_window_8_lags_4_sinusoidal_yes_piecewise,True,8,piecewise_lags_4_sinusoidal_yes,0.854,0.009,355.294,364.273,True,True,False,1.036,0.791,0,2.079,3.031,0.028,306.863014147803,,,,,,,1.619,0.0,,,1.262,1.071,0.81,0.001
CPER_yearly_True_window_8_lags_5_sinusoidal_yes_piecewise,True,8,piecewise_lags_5_sinusoidal_yes,0.86,0.016,344.115,352.909,True,True,False,1.155,0.764,0,4.166,5.74,0.023,294.85006540459597,,,,,,,,,2.185,0.0,1.303,1.087,0.783,0.001
CPER_yearly_False_window_9_lags_none_sinusoidal_no_piecewise,False,9,piecewise_lags_none_sinusoidal_no,0.48,0.0,427.278,432.111,True,True,False,0.446,0.341,0,1.738,1.738,0.009,308.45812666747474,,,,,,,,,,,,,,
CPER_yearly_False_window_9_lags_1_sinusoidal_no_piecewise,False,9,piecewise_lags_1_sinusoidal_no,0.499,0.0,416.073,422.407,True,True,False,0.768,0.419,0,1.615,1.707,0.01,308.2864995159933,1.093,0.125,,,,,,,,,,,,
CPER_yearly_False_window_9_lags_2_sinusoidal_no_piecewise,False,9,piecewise_lags_2_sinusoidal_no,0.586,0.003,399.417,405.638,True,True,False,0.529,0.399,0,1.639,1.831,0.023,308.12751523818184,,,1.192,0.004,,,,,,,,,,
CPER_yearly_False_window_9_lags_3_sinusoidal_no_piecewise,False,9,piecewise_lags_3_sinusoidal_no,0.681,0.009,380.677,386.782,True,True,False,0.861,0.618,0,1.705,1.995,0.037,308.5662402413019,,,,,1.29,0.0,,,,,,,,
CPER_yearly_False_window_9_lags_4_sinusoidal_no_piecewise,False,9,piecewise_lags_4_sinusoidal_no,0.756,0.001,360.841,366.827,True,True,False,0.946,0.697,0,1.809,2.192,0.003,308.3087435387879,,,,,,,1.383,0.0,,,,,,
CPER_yearly_False_window_9_lags_5_sinusoidal_no_piecewise,False,9,piecewise_lags_5_sinusoidal_no,0.819,0.012,341.566,347.429,True,True,False,1.249,0.749,0,1.933,2.504,0.006,308.6790961852862,,,,,,,,,1.571,0.0,,,,
CPER_yearly_False_window_9_lags_none_sinusoidal_yes_piecewise,False,9,piecewise_lags_none_sinusoidal_yes,0.705,0.0,410.382,418.437,True,True,False,0.626,0.527,0,1.992,2.335,0.004,308.45812666747474,,,,,,,,,,,1.334,1.009,0.78,0.0
CPER_yearly_False_window_9_lags_1_sinusoidal_yes_piecewise,False,9,piecewise_lags_1_sinusoidal_yes,0.776,0.0,391.093,400.595,True,True,False,0.8,0.631,0,1.924,2.567,0.002,308.2864995159933,1.139,0.024,,,,,,,,,1.502,1.001,0.765,0.0
CPER_yearly_False_window_9_lags_2_sinusoidal_yes_piecewise,False,9,piecewise_lags_2_sinusoidal_yes,0.783,0.054,380.727,390.06,True,True,False,0.766,0.66,0,1.9,2.577,0.148,308.12751523818184,,,1.27,0.0,,,,,,,1.408,1.0,0.494,0.0
CPER_yearly_False_window_9_lags_3_sinusoidal_yes_piecewise,False,9,piecewise_lags_3_sinusoidal_yes,0.827,0.104,363.782,372.94,True,True,False,0.788,0.714,0,1.942,2.663,0.179,308.5662402413019,,,,,1.387,0.0,,,,,1.33,1.005,0.371,0.0
CPER_yearly_False_window_9_lags_4_sinusoidal_yes_piecewise,False,9,piecewise_lags_4_sinusoidal_yes,0.838,0.013,351.385,360.364,True,True,False,1.033,0.811,0,2.023,2.77,0.03,308.3087435387879,,,,,,,1.484,0.0,,,1.248,1.016,0.88,0.001
CPER_yearly_False_window_9_lags_5_sinusoidal_yes_piecewise,False,9,piecewise_lags_5_sinusoidal_yes,0.886,0.011,330.952,339.746,True,True,False,1.29,0.762,0,2.135,3.046,0.01,308.6790961852862,,,,,,,,,1.694,0.0,1.167,1.05,0.303,0.001
CPER_yearly_True_window_9_lags_none_sinusoidal_no_piecewise,True,9,piecewise_lags_none_sinusoidal_no,0.48,0.0,427.278,432.111,True,True,False,0.446,0.341,0,1.738,1.738,0.009,308.45812666747474,,,,,,,,,,,,,,
CPER_yearly_True_window_9_lags_1_sinusoidal_no_piecewise,True,9,piecewise_lags_1_sinusoidal_no,0.499,0.0,416.073,422.407,True,True,False,0.768,0.419,0,1.615,1.707,0.01,308.2864995159933,1.093,0.125,,,,,,,,,,,,
CPER_yearly_True_window_9_lags_2_sinusoidal_no_piecewise,True,9,piecewise_lags_2_sinusoidal_no,0.586,0.003,399.417,405.638,True,True,False,0.529,0.399,0,1.639,1.831,0.023,308.12751523818184,,,1.192,0.004,,,,,,,,,,
CPER_yearly_True_window_9_lags_3_sinusoidal_no_piecewise,True,9,piecewise_lags_3_sinusoidal_no,0.681,0.009,380.677,386.782,True,True,False,0.861,0.618,0,1.705,1.995,0.037,308.5662402413019,,,,,1.29,0.0,,,,,,,,
CPER_yearly_True_window_9_lags_4_sinusoidal_no_piecewise,True,9,piecewise_lags_4_sinusoidal_no,0.756,0.001,360.841,366.827,True,True,False,0.946,0.697,0,1.809,2.192,0.003,308.3087435387879,,,,,,,1.383,0.0,,,,,,
CPER_yearly_True_window_9_lags_5_sinusoidal_no_piecewise,True,9,piecewise_lags_5_sinusoidal_no,0.819,0.012,341.566,347.429,True,True,False,1.249,0.749,0,1.933,2.504,0.006,308.6790961852862,,,,,,,,,1.571,0.0,,,,
CPER_yearly_True_window_9_lags_none_sinusoidal_yes_piecewise,True,9,piecewise_lags_none_sinusoidal_yes,0.705,0.0,410.382,418.437,True,True,False,0.626,0.527,0,1.992,2.335,0.004,308.45812666747474,,,,,,,,,,,1.334,1.009,0.78,0.0
CPER_yearly_True_window_9_lags_1_sinusoidal_yes_piecewise,True,9,piecewise_lags_1_sinusoidal_yes,0.776,0.0,391.093,400.595,True,True,False,0.8,0.631,0,1.924,2.567,0.002,308.2864995159933,1.139,0.024,,,,,,,,,1.502,1.001,0.765,0.0
CPER_yearly_True_window_9_lags_2_sinusoidal_yes_piecewise,True,9,piecewise_lags_2_sinusoidal_yes,0.783,0.054,380.727,390.06,True,True,False,0.766,0.66,0,1.9,2.577,0.148,308.12751523818184,,,1.27,0.0,,,,,,,1.408,1.0,0.494,0.0
CPER_yearly_True_window_9_lags_3_sinusoidal_yes_piecewise,True,9,piecewise_lags_3_sinusoidal_yes,0.827,0.104,363.782,372.94,True,True,False,0.788,0.714,0,1.942,2.663,0.179,308.5662402413019,,,,,1.387,0.0,,,,,1.33,1.005,0.371,0.0
CPER_yearly_True_window_9_lags_4_sinusoidal_yes_piecewise,True,9,piecewise_lags_4_sinusoidal_yes,0.838,0.013,351.385,360.364,True,True,False,1.033,0.811,0,2.023,2.77,0.03,308.3087435387879,,,,,,,1.484,0.0,,,1.248,1.016,0.88,0.001
CPER_yearly_True_window_9_lags_5_sinusoidal_yes_piecewise,True,9,piecewise_lags_5_sinusoidal_yes,0.886,0.011,330.952,339.746,True,True,False,1.29,0.762,0,2.135,3.046,0.01,308.6790961852862,,,,,,,,,1.694,0.0,1.167,1.05,0.303,0.001
CPER_yearly_False_window_10_lags_none_sinusoidal_no_piecewise,False,10,piecewise_lags_none_sinusoidal_no,0.382,0.003,423.886,428.719,False,True,False,0.35,0.258,0,1.832,1.832,0.072,309.5939875380808,,,,,,,,,,,,,,
CPER_yearly_False_window_10_lags_1_sinusoidal_no_piecewise,False,10,piecewise_lags_1_sinusoidal_no,0.409,0.003,411.799,418.133,True,True,False,0.557,0.358,0,1.685,1.811,0.042,309.25114451555555,1.127,0.098,,,,,,,,,,,,
CPER_yearly_False_window_10_lags_2_sinusoidal_no_piecewise,False,10,piecewise_lags_2_sinusoidal_no,0.499,0.054,396.424,402.646,True,True,False,0.49,0.272,0,1.694,1.891,0.212,309.1304966458788,,,1.197,0.007,,,,,,,,,,
CPER_yearly_False_window_10_lags_3_sinusoidal_no_piecewise,False,10,piecewise_lags_3_sinusoidal_no,0.648,0.074,374.869,380.974,True,True,False,0.614,0.617,0,1.768,2.073,0.182,309.5984840325084,,,,,1.305,0.0,,,,,,,,
CPER_yearly_False_window_10_lags_4_sinusoidal_no_piecewise,False,10,piecewise_lags_4_sinusoidal_no,0.698,0.085,358.624,364.61,True,True,False,0.981,0.618,0,1.85,2.182,0.141,309.68010393349493,,,,,,,1.332,0.0,,,,,,
CPER_yearly_False_window_10_lags_5_sinusoidal_no_piecewise,False,10,piecewise_lags_5_sinusoidal_no,0.809,0.098,334.569,340.432,True,True,False,0.986,0.711,0,2.005,2.533,0.039,309.848033436,,,,,,,,,1.528,0.0,,,,
CPER_yearly_False_window_10_lags_none_sinusoidal_yes_piecewise,False,10,piecewise_lags_none_sinusoidal_yes,0.619,0.001,410.044,418.099,True,True,False,0.487,0.518,0,2.083,2.385,0.032,309.5939875380808,,,,,,,,,,,1.302,1.0,0.461,0.0
CPER_yearly_False_window_10_lags_1_sinusoidal_yes_piecewise,False,10,piecewise_lags_1_sinusoidal_yes,0.708,0.002,390.433,399.934,True,True,False,0.805,0.377,0,1.999,2.643,0.018,309.25114451555555,1.185,0.018,,,,,,,,,1.454,1.005,0.167,0.0
CPER_yearly_False_window_10_lags_2_sinusoidal_yes_piecewise,False,10,piecewise_lags_2_sinusoidal_yes,0.757,0.269,375.107,384.439,True,False,False,0.737,0.417,0,1.93,2.535,0.457,309.1304966458788,,,1.265,0.0,,,,,,,1.339,1.001,0.082,0.0
CPER_yearly_False_window_10_lags_3_sinusoidal_yes_piecewise,False,10,piecewise_lags_3_sinusoidal_yes,0.818,0.446,356.4,365.558,True,True,False,0.781,0.697,0,1.989,2.669,0.539,309.5984840325084,,,,,1.392,0.0,,,,,1.268,1.019,0.045,0.0
CPER_yearly_False_window_10_lags_4_sinusoidal_yes_piecewise,False,10,piecewise_lags_4_sinusoidal_yes,0.808,0.1,347.672,356.651,True,True,False,1.05,0.743,0,2.031,2.648,0.157,309.68010393349493,,,,,,,1.403,0.0,,,1.194,1.02,0.479,0.001
CPER_yearly_False_window_10_lags_5_sinusoidal_yes_piecewise,False,10,piecewise_lags_5_sinusoidal_yes,0.862,0.041,328.217,337.011,True,True,False,1.146,0.744,0,2.193,3.006,0.031,309.848033436,,,,,,,,,1.626,0.0,1.104,1.083,0.489,0.004
CPER_yearly_True_window_10_lags_none_sinusoidal_no_piecewise,True,10,piecewise_lags_none_sinusoidal_no,0.382,0.003,423.886,428.719,False,True,False,0.35,0.258,0,1.832,1.832,0.072,309.5939875380808,,,,,,,,,,,,,,
CPER_yearly_True_window_10_lags_1_sinusoidal_no_piecewise,True,10,piecewise_lags_1_sinusoidal_no,0.409,0.003,411.799,418.133,True,True,False,0.557,0.358,0,1.685,1.811,0.042,309.25114451555555,1.127,0.098,,,,,,,,,,,,
CPER_yearly_True_window_10_lags_2_sinusoidal_no_piecewise,True,10,piecewise_lags_2_sinusoidal_no,0.499,0.054,396.424,402.646,True,True,False,0.49,0.272,0,1.694,1.891,0.212,309.1304966458788,,,1.197,0.007,,,,,,,,,,
CPER_yearly_True_window_10_lags_3_sinusoidal_no_piecewise,True,10,piecewise_lags_3_sinusoidal_no,0.648,0.074,374.869,380.974,True,True,False,0.614,0.617,0,1.768,2.073,0.182,309.5984840325084,,,,,1.305,0.0,,,,,,,,
CPER_yearly_True_window_10_lags_4_sinusoidal_no_piecewise,True,10,piecewise_lags_4_sinusoidal_no,0.698,0.085,358.624,364.61,True,True,False,0.981,0.618,0,1.85,2.182,0.141,309.68010393349493,,,,,,,1.332,0.0,,,,,,
CPER_yearly_True_window_10_lags_5_sinusoidal_no_piecewise,True,10,piecewise_lags_5_sinusoidal_no,0.809,0.098,334.569,340.432,True,True,False,0.986,0.711,0,2.005,2.533,0.039,309.848033436,,,,,,,,,1.528,0.0,,,,
CPER_yearly_True_window_10_lags_none_sinusoidal_yes_piecewise,True,10,piecewise_lags_none_sinusoidal_yes,0.619,0.001,410.044,418.099,True,True,False,0.487,0.518,0,2.083,2.385,0.032,309.5939875380808,,,,,,,,,,,1.302,1.0,0.461,0.0
CPER_yearly_True_window_10_lags_1_sinusoidal_yes_piecewise,True,10,piecewise_lags_1_sinusoidal_yes,0.708,0.002,390.433,399.934,True,True,False,0.805,0.377,0,1.999,2.643,0.018,309.25114451555555,1.185,0.018,,,,,,,,,1.454,1.005,0.167,0.0
CPER_yearly_True_window_10_lags_2_sinusoidal_yes_piecewise,True,10,piecewise_lags_2_sinusoidal_yes,0.757,0.269,375.107,384.439,True,False,False,0.737,0.417,0,1.93,2.535,0.457,309.1304966458788,,,1.265,0.0,,,,,,,1.339,1.001,0.082,0.0
CPER_yearly_True_window_10_lags_3_sinusoidal_yes_piecewise,True,10,piecewise_lags_3_sinusoidal_yes,0.818,0.446,356.4,365.558,True,True,False,0.781,0.697,0,1.989,2.669,0.539,309.5984840325084,,,,,1.392,0.0,,,,,1.268,1.019,0.045,0.0
CPER_yearly_True_window_10_lags_4_sinusoidal_yes_piecewise,True,10,piecewise_lags_4_sinusoidal_yes,0.808,0.1,347.672,356.651,True,True,False,1.05,0.743,0,2.031,2.648,0.157,309.68010393349493,,,,,,,1.403,0.0,,,1.194,1.02,0.479,0.001
CPER_yearly_True_window_10_lags_5_sinusoidal_yes_piecewise,True,10,piecewise_lags_5_sinusoidal_yes,0.862,0.041,328.217,337.011,True,True,False,1.146,0.744,0,2.193,3.006,0.031,309.848033436,,,,,,,,,1.626,0.0,1.104,1.083,0.489,0.004
