analysis_name,yearly_aggregate,window_size,config_type,r_squared,p_value,aic,bic,is_normal,is_homoscedastic,no_autocorrelation,durbin_watson,cv_r2_score,cv_r2_std,vif_PPT,vif_quadratic,p_value_quadratic,vif_ortho_PPT_lag1,p_value_lag1,vif_ortho_PPT_lag2,p_value_lag2,vif_ortho_PPT_lag3,p_value_lag3,vif_ortho_PPT_lag4,p_value_lag4,vif_ortho_PPT_lag5,p_value_lag5,vif_ortho_sin_cycle,vif_ortho_cos_cycle,p_value_sin,p_value_cos
CPER_yearly_False_window_1_lags_none_sinusoidal_no_quadratic,False,1,quadratic_lags_none_sinusoidal_no,0.525,0.0,509.189,514.022,True,True,True,1.743,0.407,0,1.491,1.491,0.13,,,,,,,,,,,,,,
CPER_yearly_False_window_1_lags_1_sinusoidal_no_quadratic,False,1,quadratic_lags_1_sinusoidal_no,0.538,0.0,496.636,502.971,True,True,True,1.701,0.279,0,1.481,1.491,0.142,1.01,0.196,,,,,,,,,,,,
CPER_yearly_False_window_1_lags_2_sinusoidal_no_quadratic,False,1,quadratic_lags_2_sinusoidal_no,0.503,0.0,485.728,491.95,True,True,True,1.729,0.417,0,1.481,1.492,0.152,,,1.011,0.812,,,,,,,,,,
CPER_yearly_False_window_1_lags_3_sinusoidal_no_quadratic,False,1,quadratic_lags_3_sinusoidal_no,0.507,0.007,472.608,478.713,True,True,True,1.731,0.377,0,1.501,1.519,0.272,,,,,1.018,0.692,,,,,,,,
CPER_yearly_False_window_1_lags_4_sinusoidal_no_quadratic,False,1,quadratic_lags_4_sinusoidal_no,0.502,0.0,460.006,465.992,True,True,True,1.694,0.394,0,1.486,1.492,0.185,,,,,,,1.006,0.771,,,,,,
CPER_yearly_False_window_1_lags_5_sinusoidal_no_quadratic,False,1,quadratic_lags_5_sinusoidal_no,0.534,0.045,445.071,450.934,True,True,True,1.755,0.358,0,1.516,1.538,0.406,,,,,,,,,1.022,0.199,,,,
CPER_yearly_False_window_1_lags_none_sinusoidal_yes_quadratic,False,1,quadratic_lags_none_sinusoidal_yes,0.582,0.0,508.402,516.456,True,True,True,1.939,0.434,0,1.537,1.631,0.162,,,,,,,,,,,1.084,1.01,0.732,0.047
CPER_yearly_False_window_1_lags_1_sinusoidal_yes_quadratic,False,1,quadratic_lags_1_sinusoidal_yes,0.611,0.0,494.443,503.944,False,True,True,1.992,0.361,0,1.531,1.647,0.236,1.011,0.171,,,,,,,,,1.092,1.012,0.839,0.024
CPER_yearly_False_window_1_lags_2_sinusoidal_yes_quadratic,False,1,quadratic_lags_2_sinusoidal_yes,0.582,0.0,483.655,492.987,False,True,True,2.02,0.393,0,1.533,1.656,0.198,,,1.013,0.78,,,,,,,1.094,1.016,0.718,0.029
CPER_yearly_False_window_1_lags_3_sinusoidal_yes_quadratic,False,1,quadratic_lags_3_sinusoidal_yes,0.6,0.005,469.492,478.65,False,True,True,2.079,0.44,0,1.554,1.681,0.254,,,,,1.02,0.704,,,,,1.1,1.006,0.649,0.019
CPER_yearly_False_window_1_lags_4_sinusoidal_yes_quadratic,False,1,quadratic_lags_4_sinusoidal_yes,0.624,0.0,454.731,463.71,False,True,True,2.001,0.416,0,1.533,1.635,0.247,,,,,,,1.006,0.634,,,1.078,1.018,0.746,0.007
CPER_yearly_False_window_1_lags_5_sinusoidal_yes_quadratic,False,1,quadratic_lags_5_sinusoidal_yes,0.607,0.021,443.603,452.397,False,True,True,2.03,0.437,0,1.567,1.69,0.37,,,,,,,,,1.024,0.281,1.094,1.005,0.816,0.039
CPER_yearly_True_window_1_lags_none_sinusoidal_no_quadratic,True,1,quadratic_lags_none_sinusoidal_no,0.525,0.0,509.189,514.022,True,True,True,1.743,0.407,0,1.491,1.491,0.13,,,,,,,,,,,,,,
CPER_yearly_True_window_1_lags_1_sinusoidal_no_quadratic,True,1,quadratic_lags_1_sinusoidal_no,0.538,0.0,496.636,502.971,True,True,True,1.701,0.279,0,1.481,1.491,0.142,1.01,0.196,,,,,,,,,,,,
CPER_yearly_True_window_1_lags_2_sinusoidal_no_quadratic,True,1,quadratic_lags_2_sinusoidal_no,0.503,0.0,485.728,491.95,True,True,True,1.729,0.417,0,1.481,1.492,0.152,,,1.011,0.812,,,,,,,,,,
CPER_yearly_True_window_1_lags_3_sinusoidal_no_quadratic,True,1,quadratic_lags_3_sinusoidal_no,0.507,0.007,472.608,478.713,True,True,True,1.731,0.377,0,1.501,1.519,0.272,,,,,1.018,0.692,,,,,,,,
CPER_yearly_True_window_1_lags_4_sinusoidal_no_quadratic,True,1,quadratic_lags_4_sinusoidal_no,0.502,0.0,460.006,465.992,True,True,True,1.694,0.394,0,1.486,1.492,0.185,,,,,,,1.006,0.771,,,,,,
CPER_yearly_True_window_1_lags_5_sinusoidal_no_quadratic,True,1,quadratic_lags_5_sinusoidal_no,0.534,0.045,445.071,450.934,True,True,True,1.755,0.358,0,1.516,1.538,0.406,,,,,,,,,1.022,0.199,,,,
CPER_yearly_True_window_1_lags_none_sinusoidal_yes_quadratic,True,1,quadratic_lags_none_sinusoidal_yes,0.582,0.0,508.402,516.456,True,True,True,1.939,0.434,0,1.537,1.631,0.162,,,,,,,,,,,1.084,1.01,0.732,0.047
CPER_yearly_True_window_1_lags_1_sinusoidal_yes_quadratic,True,1,quadratic_lags_1_sinusoidal_yes,0.611,0.0,494.443,503.944,False,True,True,1.992,0.361,0,1.531,1.647,0.236,1.011,0.171,,,,,,,,,1.092,1.012,0.839,0.024
CPER_yearly_True_window_1_lags_2_sinusoidal_yes_quadratic,True,1,quadratic_lags_2_sinusoidal_yes,0.582,0.0,483.655,492.987,False,True,True,2.02,0.393,0,1.533,1.656,0.198,,,1.013,0.78,,,,,,,1.094,1.016,0.718,0.029
CPER_yearly_True_window_1_lags_3_sinusoidal_yes_quadratic,True,1,quadratic_lags_3_sinusoidal_yes,0.6,0.005,469.492,478.65,False,True,True,2.079,0.44,0,1.554,1.681,0.254,,,,,1.02,0.704,,,,,1.1,1.006,0.649,0.019
CPER_yearly_True_window_1_lags_4_sinusoidal_yes_quadratic,True,1,quadratic_lags_4_sinusoidal_yes,0.624,0.0,454.731,463.71,False,True,True,2.001,0.416,0,1.533,1.635,0.247,,,,,,,1.006,0.634,,,1.078,1.018,0.746,0.007
CPER_yearly_True_window_1_lags_5_sinusoidal_yes_quadratic,True,1,quadratic_lags_5_sinusoidal_yes,0.607,0.021,443.603,452.397,False,True,True,2.03,0.437,0,1.567,1.69,0.37,,,,,,,,,1.024,0.281,1.094,1.005,0.816,0.039
CPER_yearly_False_window_2_lags_none_sinusoidal_no_quadratic,False,2,quadratic_lags_none_sinusoidal_no,0.527,0.0,489.349,494.182,False,True,False,0.895,0.404,0,1.625,1.625,0.818,,,,,,,,,,,,,,
CPER_yearly_False_window_2_lags_1_sinusoidal_no_quadratic,False,2,quadratic_lags_1_sinusoidal_no,0.518,0.0,478.405,484.739,True,True,False,0.843,0.349,0,1.552,1.552,0.778,1.0,0.359,,,,,,,,,,,,
CPER_yearly_False_window_2_lags_2_sinusoidal_no_quadratic,False,2,quadratic_lags_2_sinusoidal_no,0.472,0.0,467.574,473.795,False,True,False,0.885,0.378,0,1.512,1.518,0.792,,,1.005,0.927,,,,,,,,,,
CPER_yearly_False_window_2_lags_3_sinusoidal_no_quadratic,False,2,quadratic_lags_3_sinusoidal_no,0.502,0.004,453.58,459.685,False,True,False,0.898,0.396,0,1.549,1.55,0.997,,,,,1.0,0.431,,,,,,,,
CPER_yearly_False_window_2_lags_4_sinusoidal_no_quadratic,False,2,quadratic_lags_4_sinusoidal_no,0.495,0.007,441.366,447.352,False,True,False,0.993,0.389,0,1.51,1.512,0.923,,,,,,,1.002,0.33,,,,,,
CPER_yearly_False_window_2_lags_5_sinusoidal_no_quadratic,False,2,quadratic_lags_5_sinusoidal_no,0.538,0.082,426.149,432.012,False,True,False,1.043,0.443,0,1.536,1.54,0.801,,,,,,,,,1.004,0.078,,,,
CPER_yearly_False_window_2_lags_none_sinusoidal_yes_quadratic,False,2,quadratic_lags_none_sinusoidal_yes,0.624,0.0,484.851,492.906,True,True,False,1.089,0.508,0,1.676,1.757,0.949,,,,,,,,,,,1.068,1.014,0.955,0.007
CPER_yearly_False_window_2_lags_1_sinusoidal_yes_quadratic,False,2,quadratic_lags_1_sinusoidal_yes,0.655,0.0,470.383,479.884,True,True,False,1.132,0.457,0,1.608,1.709,0.898,1.0,0.226,,,,,,,,,1.098,1.003,0.804,0.002
CPER_yearly_False_window_2_lags_2_sinusoidal_yes_quadratic,False,2,quadratic_lags_2_sinusoidal_yes,0.611,0.0,460.855,470.187,True,True,False,1.236,0.418,0,1.579,1.716,0.805,,,1.006,0.687,,,,,,,1.13,1.001,0.911,0.003
CPER_yearly_False_window_2_lags_3_sinusoidal_yes_quadratic,False,2,quadratic_lags_3_sinusoidal_yes,0.649,0.001,445.687,454.845,False,True,False,1.278,0.324,0,1.614,1.733,0.915,,,,,1.0,0.639,,,,,1.117,1.001,0.862,0.002
CPER_yearly_False_window_2_lags_4_sinusoidal_yes_quadratic,False,2,quadratic_lags_4_sinusoidal_yes,0.654,0.001,432.899,441.878,False,True,False,1.213,0.448,0,1.58,1.72,0.795,,,,,,,1.003,0.624,,,1.136,1.001,0.807,0.002
CPER_yearly_False_window_2_lags_5_sinusoidal_yes_quadratic,False,2,quadratic_lags_5_sinusoidal_yes,0.649,0.012,421.329,430.123,False,True,False,1.269,0.562,0,1.606,1.742,0.97,,,,,,,,,1.004,0.238,1.13,1.001,0.967,0.008
CPER_yearly_True_window_2_lags_none_sinusoidal_no_quadratic,True,2,quadratic_lags_none_sinusoidal_no,0.527,0.0,489.349,494.182,False,True,False,0.895,0.404,0,1.625,1.625,0.818,,,,,,,,,,,,,,
CPER_yearly_True_window_2_lags_1_sinusoidal_no_quadratic,True,2,quadratic_lags_1_sinusoidal_no,0.518,0.0,478.405,484.739,True,True,False,0.843,0.349,0,1.552,1.552,0.778,1.0,0.359,,,,,,,,,,,,
CPER_yearly_True_window_2_lags_2_sinusoidal_no_quadratic,True,2,quadratic_lags_2_sinusoidal_no,0.472,0.0,467.574,473.795,False,True,False,0.885,0.378,0,1.512,1.518,0.792,,,1.005,0.927,,,,,,,,,,
CPER_yearly_True_window_2_lags_3_sinusoidal_no_quadratic,True,2,quadratic_lags_3_sinusoidal_no,0.502,0.004,453.58,459.685,False,True,False,0.898,0.396,0,1.549,1.55,0.997,,,,,1.0,0.431,,,,,,,,
CPER_yearly_True_window_2_lags_4_sinusoidal_no_quadratic,True,2,quadratic_lags_4_sinusoidal_no,0.495,0.007,441.366,447.352,False,True,False,0.993,0.389,0,1.51,1.512,0.923,,,,,,,1.002,0.33,,,,,,
CPER_yearly_True_window_2_lags_5_sinusoidal_no_quadratic,True,2,quadratic_lags_5_sinusoidal_no,0.538,0.082,426.149,432.012,False,True,False,1.043,0.443,0,1.536,1.54,0.801,,,,,,,,,1.004,0.078,,,,
CPER_yearly_True_window_2_lags_none_sinusoidal_yes_quadratic,True,2,quadratic_lags_none_sinusoidal_yes,0.624,0.0,484.851,492.906,True,True,False,1.089,0.508,0,1.676,1.757,0.949,,,,,,,,,,,1.068,1.014,0.955,0.007
CPER_yearly_True_window_2_lags_1_sinusoidal_yes_quadratic,True,2,quadratic_lags_1_sinusoidal_yes,0.655,0.0,470.383,479.884,True,True,False,1.132,0.457,0,1.608,1.709,0.898,1.0,0.226,,,,,,,,,1.098,1.003,0.804,0.002
CPER_yearly_True_window_2_lags_2_sinusoidal_yes_quadratic,True,2,quadratic_lags_2_sinusoidal_yes,0.611,0.0,460.855,470.187,True,True,False,1.236,0.418,0,1.579,1.716,0.805,,,1.006,0.687,,,,,,,1.13,1.001,0.911,0.003
CPER_yearly_True_window_2_lags_3_sinusoidal_yes_quadratic,True,2,quadratic_lags_3_sinusoidal_yes,0.649,0.001,445.687,454.845,False,True,False,1.278,0.324,0,1.614,1.733,0.915,,,,,1.0,0.639,,,,,1.117,1.001,0.862,0.002
CPER_yearly_True_window_2_lags_4_sinusoidal_yes_quadratic,True,2,quadratic_lags_4_sinusoidal_yes,0.654,0.001,432.899,441.878,False,True,False,1.213,0.448,0,1.58,1.72,0.795,,,,,,,1.003,0.624,,,1.136,1.001,0.807,0.002
CPER_yearly_True_window_2_lags_5_sinusoidal_yes_quadratic,True,2,quadratic_lags_5_sinusoidal_yes,0.649,0.012,421.329,430.123,False,True,False,1.269,0.562,0,1.606,1.742,0.97,,,,,,,,,1.004,0.238,1.13,1.001,0.967,0.008
CPER_yearly_False_window_3_lags_none_sinusoidal_no_quadratic,False,3,quadratic_lags_none_sinusoidal_no,0.543,0.0,476.31,481.143,True,True,False,0.586,0.379,0,1.469,1.469,0.493,,,,,,,,,,,,,,
CPER_yearly_False_window_3_lags_1_sinusoidal_no_quadratic,False,3,quadratic_lags_1_sinusoidal_no,0.518,0.0,466.094,472.428,True,True,False,0.552,0.437,0,1.394,1.394,0.394,1.0,0.454,,,,,,,,,,,,
CPER_yearly_False_window_3_lags_2_sinusoidal_no_quadratic,False,3,quadratic_lags_2_sinusoidal_no,0.498,0.0,454.532,460.753,True,True,False,0.584,0.387,0,1.415,1.416,0.543,,,1.001,0.965,,,,,,,,,,
CPER_yearly_False_window_3_lags_3_sinusoidal_no_quadratic,False,3,quadratic_lags_3_sinusoidal_no,0.519,0.005,441.664,447.77,True,True,False,0.606,0.378,0,1.419,1.419,0.76,,,,,1.001,0.425,,,,,,,,
CPER_yearly_False_window_3_lags_4_sinusoidal_no_quadratic,False,3,quadratic_lags_4_sinusoidal_no,0.535,0.012,428.256,434.242,True,True,False,0.686,0.168,0,1.42,1.42,0.795,,,,,,,1.001,0.144,,,,,,
CPER_yearly_False_window_3_lags_5_sinusoidal_no_quadratic,False,3,quadratic_lags_5_sinusoidal_no,0.613,0.529,410.571,416.434,True,True,False,0.752,0.47,0,1.442,1.447,0.489,,,,,,,,,1.005,0.009,,,,
CPER_yearly_False_window_3_lags_none_sinusoidal_yes_quadratic,False,3,quadratic_lags_none_sinusoidal_yes,0.671,0.0,468.144,476.199,True,True,False,0.761,0.442,0,1.524,1.642,0.924,,,,,,,,,,,1.091,1.027,0.693,0.001
CPER_yearly_False_window_3_lags_1_sinusoidal_yes_quadratic,False,3,quadratic_lags_1_sinusoidal_yes,0.704,0.0,452.617,462.118,True,True,False,0.95,0.62,0,1.445,1.576,0.603,1.0,0.343,,,,,,,,,1.122,1.008,0.576,0.0
CPER_yearly_False_window_3_lags_2_sinusoidal_yes_quadratic,False,3,quadratic_lags_2_sinusoidal_yes,0.723,0.0,437.757,447.089,True,True,False,1.02,0.605,0,1.475,1.618,0.887,,,1.001,0.932,,,,,,,1.127,1.015,0.739,0.0
CPER_yearly_False_window_3_lags_3_sinusoidal_yes_quadratic,False,3,quadratic_lags_3_sinusoidal_yes,0.733,0.001,425.651,434.809,False,True,False,0.985,0.678,0,1.474,1.607,0.896,,,,,1.001,0.493,,,,,1.123,1.01,0.931,0.0
CPER_yearly_False_window_3_lags_4_sinusoidal_yes_quadratic,False,3,quadratic_lags_4_sinusoidal_yes,0.728,0.001,414.56,423.539,False,True,False,0.948,0.581,0,1.47,1.589,0.992,,,,,,,1.001,0.201,,,1.104,1.015,0.874,0.0
CPER_yearly_False_window_3_lags_5_sinusoidal_yes_quadratic,False,3,quadratic_lags_5_sinusoidal_yes,0.743,0.132,401.394,410.189,False,True,False,1.016,0.685,0,1.496,1.624,0.57,,,,,,,,,1.006,0.029,1.119,1.004,0.825,0.001
CPER_yearly_True_window_3_lags_none_sinusoidal_no_quadratic,True,3,quadratic_lags_none_sinusoidal_no,0.543,0.0,476.31,481.143,True,True,False,0.586,0.379,0,1.469,1.469,0.493,,,,,,,,,,,,,,
CPER_yearly_True_window_3_lags_1_sinusoidal_no_quadratic,True,3,quadratic_lags_1_sinusoidal_no,0.518,0.0,466.094,472.428,True,True,False,0.552,0.437,0,1.394,1.394,0.394,1.0,0.454,,,,,,,,,,,,
CPER_yearly_True_window_3_lags_2_sinusoidal_no_quadratic,True,3,quadratic_lags_2_sinusoidal_no,0.498,0.0,454.532,460.753,True,True,False,0.584,0.387,0,1.415,1.416,0.543,,,1.001,0.965,,,,,,,,,,
CPER_yearly_True_window_3_lags_3_sinusoidal_no_quadratic,True,3,quadratic_lags_3_sinusoidal_no,0.519,0.005,441.664,447.77,True,True,False,0.606,0.378,0,1.419,1.419,0.76,,,,,1.001,0.425,,,,,,,,
CPER_yearly_True_window_3_lags_4_sinusoidal_no_quadratic,True,3,quadratic_lags_4_sinusoidal_no,0.535,0.012,428.256,434.242,True,True,False,0.686,0.168,0,1.42,1.42,0.795,,,,,,,1.001,0.144,,,,,,
CPER_yearly_True_window_3_lags_5_sinusoidal_no_quadratic,True,3,quadratic_lags_5_sinusoidal_no,0.613,0.529,410.571,416.434,True,True,False,0.752,0.47,0,1.442,1.447,0.489,,,,,,,,,1.005,0.009,,,,
CPER_yearly_True_window_3_lags_none_sinusoidal_yes_quadratic,True,3,quadratic_lags_none_sinusoidal_yes,0.671,0.0,468.144,476.199,True,True,False,0.761,0.442,0,1.524,1.642,0.924,,,,,,,,,,,1.091,1.027,0.693,0.001
CPER_yearly_True_window_3_lags_1_sinusoidal_yes_quadratic,True,3,quadratic_lags_1_sinusoidal_yes,0.704,0.0,452.617,462.118,True,True,False,0.95,0.62,0,1.445,1.576,0.603,1.0,0.343,,,,,,,,,1.122,1.008,0.576,0.0
CPER_yearly_True_window_3_lags_2_sinusoidal_yes_quadratic,True,3,quadratic_lags_2_sinusoidal_yes,0.723,0.0,437.757,447.089,True,True,False,1.02,0.605,0,1.475,1.618,0.887,,,1.001,0.932,,,,,,,1.127,1.015,0.739,0.0
CPER_yearly_True_window_3_lags_3_sinusoidal_yes_quadratic,True,3,quadratic_lags_3_sinusoidal_yes,0.733,0.001,425.651,434.809,False,True,False,0.985,0.678,0,1.474,1.607,0.896,,,,,1.001,0.493,,,,,1.123,1.01,0.931,0.0
CPER_yearly_True_window_3_lags_4_sinusoidal_yes_quadratic,True,3,quadratic_lags_4_sinusoidal_yes,0.728,0.001,414.56,423.539,False,True,False,0.948,0.581,0,1.47,1.589,0.992,,,,,,,1.001,0.201,,,1.104,1.015,0.874,0.0
CPER_yearly_True_window_3_lags_5_sinusoidal_yes_quadratic,True,3,quadratic_lags_5_sinusoidal_yes,0.743,0.132,401.394,410.189,False,True,False,1.016,0.685,0,1.496,1.624,0.57,,,,,,,,,1.006,0.029,1.119,1.004,0.825,0.001
CPER_yearly_False_window_4_lags_none_sinusoidal_no_quadratic,False,4,quadratic_lags_none_sinusoidal_no,0.536,0.0,465.698,470.531,True,False,False,0.55,0.401,0,1.593,1.593,0.433,,,,,,,,,,,,,,
CPER_yearly_False_window_4_lags_1_sinusoidal_no_quadratic,False,4,quadratic_lags_1_sinusoidal_no,0.492,0.0,455.997,462.331,True,True,False,0.499,0.37,0,1.473,1.509,0.389,1.036,0.518,,,,,,,,,,,,
CPER_yearly_False_window_4_lags_2_sinusoidal_no_quadratic,False,4,quadratic_lags_2_sinusoidal_no,0.469,0.0,444.469,450.691,True,True,False,0.535,0.328,0,1.483,1.503,0.531,,,1.019,0.986,,,,,,,,,,
CPER_yearly_False_window_4_lags_3_sinusoidal_no_quadratic,False,4,quadratic_lags_3_sinusoidal_no,0.512,0.009,430.822,436.927,True,False,False,0.55,0.342,0,1.499,1.534,0.734,,,,,1.035,0.199,,,,,,,,
CPER_yearly_False_window_4_lags_4_sinusoidal_no_quadratic,False,4,quadratic_lags_4_sinusoidal_no,0.543,0.166,416.314,422.3,True,False,False,0.6,0.3,0,1.495,1.511,0.798,,,,,,,1.016,0.034,,,,,,
CPER_yearly_False_window_4_lags_5_sinusoidal_no_quadratic,False,4,quadratic_lags_5_sinusoidal_no,0.629,0.989,398.084,403.947,True,True,False,0.535,0.451,0,1.524,1.547,0.383,,,,,,,,,1.023,0.002,,,,
CPER_yearly_False_window_4_lags_none_sinusoidal_yes_quadratic,False,4,quadratic_lags_none_sinusoidal_yes,0.678,0.0,456.175,464.23,True,True,False,0.656,0.435,0,1.688,1.847,0.968,,,,,,,,,,,1.095,1.065,0.893,0.001
CPER_yearly_False_window_4_lags_1_sinusoidal_yes_quadratic,False,4,quadratic_lags_1_sinusoidal_yes,0.764,0.0,432.383,441.884,True,True,False,0.779,0.544,0,1.577,1.842,0.808,1.044,0.284,,,,,,,,,1.144,1.076,0.905,0.0
CPER_yearly_False_window_4_lags_2_sinusoidal_yes_quadratic,False,4,quadratic_lags_2_sinusoidal_yes,0.777,0.0,418.118,427.45,True,True,False,0.82,0.602,0,1.584,1.816,0.646,,,1.023,0.871,,,,,,,1.144,1.065,0.6,0.0
CPER_yearly_False_window_4_lags_3_sinusoidal_yes_quadratic,False,4,quadratic_lags_3_sinusoidal_yes,0.781,0.002,407.502,416.66,True,True,False,0.829,0.639,0,1.599,1.841,0.579,,,,,1.042,0.117,,,,,1.12,1.08,0.443,0.0
CPER_yearly_False_window_4_lags_4_sinusoidal_yes_quadratic,False,4,quadratic_lags_4_sinusoidal_yes,0.774,0.025,397.145,406.124,True,True,False,0.82,0.653,0,1.58,1.77,0.508,,,,,,,1.019,0.035,,,1.114,1.057,0.428,0.0
CPER_yearly_False_window_4_lags_5_sinusoidal_yes_quadratic,False,4,quadratic_lags_5_sinusoidal_yes,0.804,0.526,381.685,390.479,True,True,False,0.828,0.712,0,1.601,1.776,0.162,,,,,,,,,1.027,0.001,1.092,1.055,0.589,0.0
CPER_yearly_True_window_4_lags_none_sinusoidal_no_quadratic,True,4,quadratic_lags_none_sinusoidal_no,0.536,0.0,465.698,470.531,True,False,False,0.55,0.401,0,1.593,1.593,0.433,,,,,,,,,,,,,,
CPER_yearly_True_window_4_lags_1_sinusoidal_no_quadratic,True,4,quadratic_lags_1_sinusoidal_no,0.492,0.0,455.997,462.331,True,True,False,0.499,0.37,0,1.473,1.509,0.389,1.036,0.518,,,,,,,,,,,,
CPER_yearly_True_window_4_lags_2_sinusoidal_no_quadratic,True,4,quadratic_lags_2_sinusoidal_no,0.469,0.0,444.469,450.691,True,True,False,0.535,0.328,0,1.483,1.503,0.531,,,1.019,0.986,,,,,,,,,,
CPER_yearly_True_window_4_lags_3_sinusoidal_no_quadratic,True,4,quadratic_lags_3_sinusoidal_no,0.512,0.009,430.822,436.927,True,False,False,0.55,0.342,0,1.499,1.534,0.734,,,,,1.035,0.199,,,,,,,,
CPER_yearly_True_window_4_lags_4_sinusoidal_no_quadratic,True,4,quadratic_lags_4_sinusoidal_no,0.543,0.166,416.314,422.3,True,False,False,0.6,0.3,0,1.495,1.511,0.798,,,,,,,1.016,0.034,,,,,,
CPER_yearly_True_window_4_lags_5_sinusoidal_no_quadratic,True,4,quadratic_lags_5_sinusoidal_no,0.629,0.989,398.084,403.947,True,True,False,0.535,0.451,0,1.524,1.547,0.383,,,,,,,,,1.023,0.002,,,,
CPER_yearly_True_window_4_lags_none_sinusoidal_yes_quadratic,True,4,quadratic_lags_none_sinusoidal_yes,0.678,0.0,456.175,464.23,True,True,False,0.656,0.435,0,1.688,1.847,0.968,,,,,,,,,,,1.095,1.065,0.893,0.001
CPER_yearly_True_window_4_lags_1_sinusoidal_yes_quadratic,True,4,quadratic_lags_1_sinusoidal_yes,0.764,0.0,432.383,441.884,True,True,False,0.779,0.544,0,1.577,1.842,0.808,1.044,0.284,,,,,,,,,1.144,1.076,0.905,0.0
CPER_yearly_True_window_4_lags_2_sinusoidal_yes_quadratic,True,4,quadratic_lags_2_sinusoidal_yes,0.777,0.0,418.118,427.45,True,True,False,0.82,0.602,0,1.584,1.816,0.646,,,1.023,0.871,,,,,,,1.144,1.065,0.6,0.0
CPER_yearly_True_window_4_lags_3_sinusoidal_yes_quadratic,True,4,quadratic_lags_3_sinusoidal_yes,0.781,0.002,407.502,416.66,True,True,False,0.829,0.639,0,1.599,1.841,0.579,,,,,1.042,0.117,,,,,1.12,1.08,0.443,0.0
CPER_yearly_True_window_4_lags_4_sinusoidal_yes_quadratic,True,4,quadratic_lags_4_sinusoidal_yes,0.774,0.025,397.145,406.124,True,True,False,0.82,0.653,0,1.58,1.77,0.508,,,,,,,1.019,0.035,,,1.114,1.057,0.428,0.0
CPER_yearly_True_window_4_lags_5_sinusoidal_yes_quadratic,True,4,quadratic_lags_5_sinusoidal_yes,0.804,0.526,381.685,390.479,True,True,False,0.828,0.712,0,1.601,1.776,0.162,,,,,,,,,1.027,0.001,1.092,1.055,0.589,0.0
CPER_yearly_False_window_5_lags_none_sinusoidal_no_quadratic,False,5,quadratic_lags_none_sinusoidal_no,0.571,0.0,454.933,459.766,True,True,False,0.413,0.464,0,1.501,1.501,0.111,,,,,,,,,,,,,,
CPER_yearly_False_window_5_lags_1_sinusoidal_no_quadratic,False,5,quadratic_lags_1_sinusoidal_no,0.539,0.0,445.428,451.762,True,True,False,0.433,0.153,0,1.432,1.441,0.129,1.009,0.794,,,,,,,,,,,,
CPER_yearly_False_window_5_lags_2_sinusoidal_no_quadratic,False,5,quadratic_lags_2_sinusoidal_no,0.552,0.0,432.981,439.202,True,True,False,0.407,0.45,0,1.466,1.496,0.19,,,1.03,0.348,,,,,,,,,,
CPER_yearly_False_window_5_lags_3_sinusoidal_no_quadratic,False,5,quadratic_lags_3_sinusoidal_no,0.577,0.003,420.272,426.377,True,False,False,0.436,0.501,0,1.474,1.493,0.386,,,,,1.019,0.116,,,,,,,,
CPER_yearly_False_window_5_lags_4_sinusoidal_no_quadratic,False,5,quadratic_lags_4_sinusoidal_no,0.604,0.022,406.507,412.493,True,False,False,0.506,0.388,0,1.486,1.515,0.483,,,,,,,1.029,0.029,,,,,,
CPER_yearly_False_window_5_lags_5_sinusoidal_no_quadratic,False,5,quadratic_lags_5_sinusoidal_no,0.672,0.733,389.048,394.911,True,True,False,0.428,0.577,0,1.511,1.534,0.781,,,,,,,,,1.022,0.002,,,,
CPER_yearly_False_window_5_lags_none_sinusoidal_yes_quadratic,False,5,quadratic_lags_none_sinusoidal_yes,0.733,0.0,441.369,449.423,True,True,False,0.47,0.538,0,1.57,1.707,0.24,,,,,,,,,,,1.123,1.014,0.667,0.0
CPER_yearly_False_window_5_lags_1_sinusoidal_yes_quadratic,False,5,quadratic_lags_1_sinusoidal_yes,0.776,0.0,423.424,432.926,True,True,False,0.764,0.317,0,1.508,1.695,0.257,1.011,0.668,,,,,,,,,1.159,1.018,0.709,0.0
CPER_yearly_False_window_5_lags_2_sinusoidal_yes_quadratic,False,5,quadratic_lags_2_sinusoidal_yes,0.818,0.0,405.459,414.791,True,True,False,0.706,0.637,0,1.557,1.788,0.696,,,1.036,0.141,,,,,,,1.149,1.047,0.825,0.0
CPER_yearly_False_window_5_lags_3_sinusoidal_yes_quadratic,False,5,quadratic_lags_3_sinusoidal_yes,0.831,0.0,393.148,402.307,True,True,False,0.7,0.77,0,1.554,1.744,0.71,,,,,1.022,0.038,,,,,1.133,1.035,0.958,0.0
CPER_yearly_False_window_5_lags_4_sinusoidal_yes_quadratic,False,5,quadratic_lags_4_sinusoidal_yes,0.83,0.002,382.633,391.612,True,True,False,0.672,0.731,0,1.564,1.761,0.876,,,,,,,1.034,0.012,,,1.114,1.048,0.909,0.0
CPER_yearly_False_window_5_lags_5_sinusoidal_yes_quadratic,False,5,quadratic_lags_5_sinusoidal_yes,0.849,0.308,368.228,377.022,True,True,False,0.732,0.803,0,1.576,1.728,0.474,,,,,,,,,1.025,0.001,1.094,1.033,0.838,0.0
CPER_yearly_True_window_5_lags_none_sinusoidal_no_quadratic,True,5,quadratic_lags_none_sinusoidal_no,0.571,0.0,454.933,459.766,True,True,False,0.413,0.464,0,1.501,1.501,0.111,,,,,,,,,,,,,,
CPER_yearly_True_window_5_lags_1_sinusoidal_no_quadratic,True,5,quadratic_lags_1_sinusoidal_no,0.539,0.0,445.428,451.762,True,True,False,0.433,0.153,0,1.432,1.441,0.129,1.009,0.794,,,,,,,,,,,,
CPER_yearly_True_window_5_lags_2_sinusoidal_no_quadratic,True,5,quadratic_lags_2_sinusoidal_no,0.552,0.0,432.981,439.202,True,True,False,0.407,0.45,0,1.466,1.496,0.19,,,1.03,0.348,,,,,,,,,,
CPER_yearly_True_window_5_lags_3_sinusoidal_no_quadratic,True,5,quadratic_lags_3_sinusoidal_no,0.577,0.003,420.272,426.377,True,False,False,0.436,0.501,0,1.474,1.493,0.386,,,,,1.019,0.116,,,,,,,,
CPER_yearly_True_window_5_lags_4_sinusoidal_no_quadratic,True,5,quadratic_lags_4_sinusoidal_no,0.604,0.022,406.507,412.493,True,False,False,0.506,0.388,0,1.486,1.515,0.483,,,,,,,1.029,0.029,,,,,,
CPER_yearly_True_window_5_lags_5_sinusoidal_no_quadratic,True,5,quadratic_lags_5_sinusoidal_no,0.672,0.733,389.048,394.911,True,True,False,0.428,0.577,0,1.511,1.534,0.781,,,,,,,,,1.022,0.002,,,,
CPER_yearly_True_window_5_lags_none_sinusoidal_yes_quadratic,True,5,quadratic_lags_none_sinusoidal_yes,0.733,0.0,441.369,449.423,True,True,False,0.47,0.538,0,1.57,1.707,0.24,,,,,,,,,,,1.123,1.014,0.667,0.0
CPER_yearly_True_window_5_lags_1_sinusoidal_yes_quadratic,True,5,quadratic_lags_1_sinusoidal_yes,0.776,0.0,423.424,432.926,True,True,False,0.764,0.317,0,1.508,1.695,0.257,1.011,0.668,,,,,,,,,1.159,1.018,0.709,0.0
CPER_yearly_True_window_5_lags_2_sinusoidal_yes_quadratic,True,5,quadratic_lags_2_sinusoidal_yes,0.818,0.0,405.459,414.791,True,True,False,0.706,0.637,0,1.557,1.788,0.696,,,1.036,0.141,,,,,,,1.149,1.047,0.825,0.0
CPER_yearly_True_window_5_lags_3_sinusoidal_yes_quadratic,True,5,quadratic_lags_3_sinusoidal_yes,0.831,0.0,393.148,402.307,True,True,False,0.7,0.77,0,1.554,1.744,0.71,,,,,1.022,0.038,,,,,1.133,1.035,0.958,0.0
CPER_yearly_True_window_5_lags_4_sinusoidal_yes_quadratic,True,5,quadratic_lags_4_sinusoidal_yes,0.83,0.002,382.633,391.612,True,True,False,0.672,0.731,0,1.564,1.761,0.876,,,,,,,1.034,0.012,,,1.114,1.048,0.909,0.0
CPER_yearly_True_window_5_lags_5_sinusoidal_yes_quadratic,True,5,quadratic_lags_5_sinusoidal_yes,0.849,0.308,368.228,377.022,True,True,False,0.732,0.803,0,1.576,1.728,0.474,,,,,,,,,1.025,0.001,1.094,1.033,0.838,0.0
CPER_yearly_False_window_6_lags_none_sinusoidal_no_quadratic,False,6,quadratic_lags_none_sinusoidal_no,0.565,0.0,447.398,452.231,True,True,False,0.474,0.499,0,1.645,1.645,0.045,,,,,,,,,,,,,,
CPER_yearly_False_window_6_lags_1_sinusoidal_no_quadratic,False,6,quadratic_lags_1_sinusoidal_no,0.528,0.0,437.599,443.933,True,True,False,0.534,0.309,0,1.53,1.593,0.044,1.063,0.593,,,,,,,,,,,,
CPER_yearly_False_window_6_lags_2_sinusoidal_no_quadratic,False,6,quadratic_lags_2_sinusoidal_no,0.555,0.0,424.545,430.767,True,True,False,0.497,0.44,0,1.554,1.603,0.106,,,1.049,0.172,,,,,,,,,,
CPER_yearly_False_window_6_lags_3_sinusoidal_no_quadratic,False,6,quadratic_lags_3_sinusoidal_no,0.61,0.001,409.961,416.066,False,True,False,0.555,0.53,0,1.605,1.708,0.115,,,,,1.102,0.021,,,,,,,,
CPER_yearly_False_window_6_lags_4_sinusoidal_no_quadratic,False,6,quadratic_lags_4_sinusoidal_no,0.619,0.016,397.605,403.591,True,True,False,0.634,0.5,0,1.602,1.687,0.227,,,,,,,1.085,0.01,,,,,,
CPER_yearly_False_window_6_lags_5_sinusoidal_no_quadratic,False,6,quadratic_lags_5_sinusoidal_no,0.675,0.251,381.363,387.226,True,True,False,0.532,0.576,0,1.659,1.772,0.383,,,,,,,,,1.114,0.001,,,,
CPER_yearly_False_window_6_lags_none_sinusoidal_yes_quadratic,False,6,quadratic_lags_none_sinusoidal_yes,0.727,0.0,434.203,442.257,True,True,False,0.577,0.586,0,1.726,1.851,0.051,,,,,,,,,,,1.11,1.015,0.829,0.0
CPER_yearly_False_window_6_lags_1_sinusoidal_yes_quadratic,False,6,quadratic_lags_1_sinusoidal_yes,0.777,0.0,414.609,424.11,True,True,False,0.766,0.38,0,1.638,1.918,0.114,1.076,0.517,,,,,,,,,1.155,1.049,0.678,0.0
CPER_yearly_False_window_6_lags_2_sinusoidal_yes_quadratic,False,6,quadratic_lags_2_sinusoidal_yes,0.802,0.0,400.231,409.564,True,True,False,0.766,0.601,0,1.66,1.908,0.33,,,1.058,0.045,,,,,,,1.136,1.055,0.529,0.0
CPER_yearly_False_window_6_lags_3_sinusoidal_yes_quadratic,False,6,quadratic_lags_3_sinusoidal_yes,0.833,0.001,385.054,394.212,True,True,False,0.751,0.753,0,1.729,2.056,0.471,,,,,1.123,0.003,,,,,1.097,1.107,0.371,0.0
CPER_yearly_False_window_6_lags_4_sinusoidal_yes_quadratic,False,6,quadratic_lags_4_sinusoidal_yes,0.834,0.004,374.163,383.142,True,True,False,0.777,0.808,0,1.698,1.958,0.506,,,,,,,1.099,0.002,,,1.082,1.078,0.502,0.0
CPER_yearly_False_window_6_lags_5_sinusoidal_yes_quadratic,False,6,quadratic_lags_5_sinusoidal_yes,0.839,0.083,362.847,371.642,True,True,False,0.8,0.787,0,1.751,2.019,0.748,,,,,,,,,1.129,0.001,1.045,1.094,0.941,0.0
CPER_yearly_True_window_6_lags_none_sinusoidal_no_quadratic,True,6,quadratic_lags_none_sinusoidal_no,0.565,0.0,447.398,452.231,True,True,False,0.474,0.499,0,1.645,1.645,0.045,,,,,,,,,,,,,,
CPER_yearly_True_window_6_lags_1_sinusoidal_no_quadratic,True,6,quadratic_lags_1_sinusoidal_no,0.528,0.0,437.599,443.933,True,True,False,0.534,0.309,0,1.53,1.593,0.044,1.063,0.593,,,,,,,,,,,,
CPER_yearly_True_window_6_lags_2_sinusoidal_no_quadratic,True,6,quadratic_lags_2_sinusoidal_no,0.555,0.0,424.545,430.767,True,True,False,0.497,0.44,0,1.554,1.603,0.106,,,1.049,0.172,,,,,,,,,,
CPER_yearly_True_window_6_lags_3_sinusoidal_no_quadratic,True,6,quadratic_lags_3_sinusoidal_no,0.61,0.001,409.961,416.066,False,True,False,0.555,0.53,0,1.605,1.708,0.115,,,,,1.102,0.021,,,,,,,,
CPER_yearly_True_window_6_lags_4_sinusoidal_no_quadratic,True,6,quadratic_lags_4_sinusoidal_no,0.619,0.016,397.605,403.591,True,True,False,0.634,0.5,0,1.602,1.687,0.227,,,,,,,1.085,0.01,,,,,,
CPER_yearly_True_window_6_lags_5_sinusoidal_no_quadratic,True,6,quadratic_lags_5_sinusoidal_no,0.675,0.251,381.363,387.226,True,True,False,0.532,0.576,0,1.659,1.772,0.383,,,,,,,,,1.114,0.001,,,,
CPER_yearly_True_window_6_lags_none_sinusoidal_yes_quadratic,True,6,quadratic_lags_none_sinusoidal_yes,0.727,0.0,434.203,442.257,True,True,False,0.577,0.586,0,1.726,1.851,0.051,,,,,,,,,,,1.11,1.015,0.829,0.0
CPER_yearly_True_window_6_lags_1_sinusoidal_yes_quadratic,True,6,quadratic_lags_1_sinusoidal_yes,0.777,0.0,414.609,424.11,True,True,False,0.766,0.38,0,1.638,1.918,0.114,1.076,0.517,,,,,,,,,1.155,1.049,0.678,0.0
CPER_yearly_True_window_6_lags_2_sinusoidal_yes_quadratic,True,6,quadratic_lags_2_sinusoidal_yes,0.802,0.0,400.231,409.564,True,True,False,0.766,0.601,0,1.66,1.908,0.33,,,1.058,0.045,,,,,,,1.136,1.055,0.529,0.0
CPER_yearly_True_window_6_lags_3_sinusoidal_yes_quadratic,True,6,quadratic_lags_3_sinusoidal_yes,0.833,0.001,385.054,394.212,True,True,False,0.751,0.753,0,1.729,2.056,0.471,,,,,1.123,0.003,,,,,1.097,1.107,0.371,0.0
CPER_yearly_True_window_6_lags_4_sinusoidal_yes_quadratic,True,6,quadratic_lags_4_sinusoidal_yes,0.834,0.004,374.163,383.142,True,True,False,0.777,0.808,0,1.698,1.958,0.506,,,,,,,1.099,0.002,,,1.082,1.078,0.502,0.0
CPER_yearly_True_window_6_lags_5_sinusoidal_yes_quadratic,True,6,quadratic_lags_5_sinusoidal_yes,0.839,0.083,362.847,371.642,True,True,False,0.8,0.787,0,1.751,2.019,0.748,,,,,,,,,1.129,0.001,1.045,1.094,0.941,0.0
CPER_yearly_False_window_7_lags_none_sinusoidal_no_quadratic,False,7,quadratic_lags_none_sinusoidal_no,0.525,0.0,440.894,445.726,True,True,False,0.483,0.321,0,1.594,1.594,0.022,,,,,,,,,,,,,,
CPER_yearly_False_window_7_lags_1_sinusoidal_no_quadratic,False,7,quadratic_lags_1_sinusoidal_no,0.512,0.0,431.193,437.527,True,True,False,0.6,0.363,0,1.524,1.535,0.036,1.011,0.433,,,,,,,,,,,,
CPER_yearly_False_window_7_lags_2_sinusoidal_no_quadratic,False,7,quadratic_lags_2_sinusoidal_no,0.563,0.0,416.871,423.092,True,True,False,0.595,0.358,0,1.58,1.628,0.05,,,1.048,0.055,,,,,,,,,,
CPER_yearly_False_window_7_lags_3_sinusoidal_no_quadratic,False,7,quadratic_lags_3_sinusoidal_no,0.643,0.002,399.986,406.092,True,False,False,0.665,0.55,0,1.626,1.695,0.077,,,,,1.069,0.003,,,,,,,,
CPER_yearly_False_window_7_lags_4_sinusoidal_no_quadratic,False,7,quadratic_lags_4_sinusoidal_no,0.675,0.005,385.511,391.497,True,True,False,0.714,0.628,0,1.651,1.762,0.038,,,,,,,1.11,0.001,,,,,,
CPER_yearly_False_window_7_lags_5_sinusoidal_no_quadratic,False,7,quadratic_lags_5_sinusoidal_no,0.695,0.186,372.9,378.763,True,True,False,0.71,0.595,0,1.683,1.784,0.149,,,,,,,,,1.101,0.0,,,,
CPER_yearly_False_window_7_lags_none_sinusoidal_yes_quadratic,False,7,quadratic_lags_none_sinusoidal_yes,0.747,0.0,421.613,429.667,True,True,False,0.694,0.586,0,1.661,1.772,0.006,,,,,,,,,,,1.111,1.0,0.887,0.0
CPER_yearly_False_window_7_lags_1_sinusoidal_yes_quadratic,False,7,quadratic_lags_1_sinusoidal_yes,0.801,0.0,402.869,412.37,True,True,False,0.766,0.594,0,1.603,1.766,0.008,1.013,0.199,,,,,,,,,1.15,1.001,0.953,0.0
CPER_yearly_False_window_7_lags_2_sinusoidal_yes_quadratic,False,7,quadratic_lags_2_sinusoidal_yes,0.82,0.0,389.838,399.17,True,True,False,0.664,0.705,0,1.666,1.869,0.119,,,1.055,0.004,,,,,,,1.127,1.021,0.837,0.0
CPER_yearly_False_window_7_lags_3_sinusoidal_yes_quadratic,False,7,quadratic_lags_3_sinusoidal_yes,0.844,0.007,375.975,385.133,True,True,False,0.715,0.807,0,1.712,1.929,0.217,,,,,1.079,0.0,,,,,1.098,1.04,0.527,0.0
CPER_yearly_False_window_7_lags_4_sinusoidal_yes_quadratic,False,7,quadratic_lags_4_sinusoidal_yes,0.846,0.004,364.994,373.973,True,True,False,0.833,0.791,0,1.739,1.999,0.134,,,,,,,1.125,0.0,,,1.069,1.065,0.905,0.0
CPER_yearly_False_window_7_lags_5_sinusoidal_yes_quadratic,False,7,quadratic_lags_5_sinusoidal_yes,0.85,0.061,354.079,362.874,True,True,False,0.846,0.81,0,1.749,1.957,0.238,,,,,,,,,1.111,0.0,1.045,1.052,0.477,0.0
CPER_yearly_True_window_7_lags_none_sinusoidal_no_quadratic,True,7,quadratic_lags_none_sinusoidal_no,0.525,0.0,440.894,445.726,True,True,False,0.483,0.321,0,1.594,1.594,0.022,,,,,,,,,,,,,,
CPER_yearly_True_window_7_lags_1_sinusoidal_no_quadratic,True,7,quadratic_lags_1_sinusoidal_no,0.512,0.0,431.193,437.527,True,True,False,0.6,0.363,0,1.524,1.535,0.036,1.011,0.433,,,,,,,,,,,,
CPER_yearly_True_window_7_lags_2_sinusoidal_no_quadratic,True,7,quadratic_lags_2_sinusoidal_no,0.563,0.0,416.871,423.092,True,True,False,0.595,0.358,0,1.58,1.628,0.05,,,1.048,0.055,,,,,,,,,,
CPER_yearly_True_window_7_lags_3_sinusoidal_no_quadratic,True,7,quadratic_lags_3_sinusoidal_no,0.643,0.002,399.986,406.092,True,False,False,0.665,0.55,0,1.626,1.695,0.077,,,,,1.069,0.003,,,,,,,,
CPER_yearly_True_window_7_lags_4_sinusoidal_no_quadratic,True,7,quadratic_lags_4_sinusoidal_no,0.675,0.005,385.511,391.497,True,True,False,0.714,0.628,0,1.651,1.762,0.038,,,,,,,1.11,0.001,,,,,,
CPER_yearly_True_window_7_lags_5_sinusoidal_no_quadratic,True,7,quadratic_lags_5_sinusoidal_no,0.695,0.186,372.9,378.763,True,True,False,0.71,0.595,0,1.683,1.784,0.149,,,,,,,,,1.101,0.0,,,,
CPER_yearly_True_window_7_lags_none_sinusoidal_yes_quadratic,True,7,quadratic_lags_none_sinusoidal_yes,0.747,0.0,421.613,429.667,True,True,False,0.694,0.586,0,1.661,1.772,0.006,,,,,,,,,,,1.111,1.0,0.887,0.0
CPER_yearly_True_window_7_lags_1_sinusoidal_yes_quadratic,True,7,quadratic_lags_1_sinusoidal_yes,0.801,0.0,402.869,412.37,True,True,False,0.766,0.594,0,1.603,1.766,0.008,1.013,0.199,,,,,,,,,1.15,1.001,0.953,0.0
CPER_yearly_True_window_7_lags_2_sinusoidal_yes_quadratic,True,7,quadratic_lags_2_sinusoidal_yes,0.82,0.0,389.838,399.17,True,True,False,0.664,0.705,0,1.666,1.869,0.119,,,1.055,0.004,,,,,,,1.127,1.021,0.837,0.0
CPER_yearly_True_window_7_lags_3_sinusoidal_yes_quadratic,True,7,quadratic_lags_3_sinusoidal_yes,0.844,0.007,375.975,385.133,True,True,False,0.715,0.807,0,1.712,1.929,0.217,,,,,1.079,0.0,,,,,1.098,1.04,0.527,0.0
CPER_yearly_True_window_7_lags_4_sinusoidal_yes_quadratic,True,7,quadratic_lags_4_sinusoidal_yes,0.846,0.004,364.994,373.973,True,True,False,0.833,0.791,0,1.739,1.999,0.134,,,,,,,1.125,0.0,,,1.069,1.065,0.905,0.0
CPER_yearly_True_window_7_lags_5_sinusoidal_yes_quadratic,True,7,quadratic_lags_5_sinusoidal_yes,0.85,0.061,354.079,362.874,True,True,False,0.846,0.81,0,1.749,1.957,0.238,,,,,,,,,1.111,0.0,1.045,1.052,0.477,0.0
CPER_yearly_False_window_8_lags_none_sinusoidal_no_quadratic,False,8,quadratic_lags_none_sinusoidal_no,0.488,0.0,435.104,439.936,True,True,False,0.407,0.369,0,1.597,1.597,0.023,,,,,,,,,,,,,,
CPER_yearly_False_window_8_lags_1_sinusoidal_no_quadratic,False,8,quadratic_lags_1_sinusoidal_no,0.506,0.0,422.928,429.262,True,True,False,0.647,0.471,0,1.546,1.645,0.015,1.099,0.092,,,,,,,,,,,,
CPER_yearly_False_window_8_lags_2_sinusoidal_no_quadratic,False,8,quadratic_lags_2_sinusoidal_no,0.564,0.001,408.505,414.727,True,True,False,0.512,0.454,0,1.581,1.655,0.054,,,1.073,0.011,,,,,,,,,,
CPER_yearly_False_window_8_lags_3_sinusoidal_no_quadratic,False,8,quadratic_lags_3_sinusoidal_no,0.683,0.001,388.159,394.264,True,True,False,0.66,0.658,0,1.66,1.811,0.021,,,,,1.151,0.0,,,,,,,,
CPER_yearly_False_window_8_lags_4_sinusoidal_no_quadratic,False,8,quadratic_lags_4_sinusoidal_no,0.743,0.004,369.894,375.88,True,True,False,0.913,0.688,0,1.671,1.849,0.009,,,,,,,1.178,0.0,,,,,,
CPER_yearly_False_window_8_lags_5_sinusoidal_no_quadratic,False,8,quadratic_lags_5_sinusoidal_no,0.779,0.11,354.737,360.6,False,True,False,0.743,0.705,0,1.74,1.968,0.01,,,,,,,,,1.227,0.0,,,,
CPER_yearly_False_window_8_lags_none_sinusoidal_yes_quadratic,False,8,quadratic_lags_none_sinusoidal_yes,0.713,0.0,417.761,425.816,True,True,False,0.645,0.557,0,1.65,1.737,0.003,,,,,,,,,,,1.087,1.001,0.56,0.0
CPER_yearly_False_window_8_lags_1_sinusoidal_yes_quadratic,False,8,quadratic_lags_1_sinusoidal_yes,0.755,0.0,401.733,411.234,True,True,False,0.799,0.495,0,1.627,1.889,0.029,1.113,0.03,,,,,,,,,1.117,1.032,0.445,0.0
CPER_yearly_False_window_8_lags_2_sinusoidal_yes_quadratic,False,8,quadratic_lags_2_sinusoidal_yes,0.785,0.019,387.754,397.087,True,True,False,0.708,0.627,0,1.646,1.84,0.299,,,1.082,0.001,,,,,,,1.079,1.032,0.297,0.0
CPER_yearly_False_window_8_lags_3_sinusoidal_yes_quadratic,False,8,quadratic_lags_3_sinusoidal_yes,0.831,0.064,370.768,379.926,True,True,False,0.716,0.763,0,1.753,2.067,0.371,,,,,1.173,0.0,,,,,1.039,1.103,0.203,0.0
CPER_yearly_False_window_8_lags_4_sinusoidal_yes_quadratic,False,8,quadratic_lags_4_sinusoidal_yes,0.841,0.02,357.936,366.915,True,True,False,0.913,0.773,0,1.772,2.127,0.099,,,,,,,1.205,0.0,,,1.022,1.128,0.706,0.0
CPER_yearly_False_window_8_lags_5_sinusoidal_yes_quadratic,False,8,quadratic_lags_5_sinusoidal_yes,0.849,0.071,346.584,355.379,True,True,False,0.86,0.792,0,1.898,2.386,0.073,,,,,,,,,1.276,0.0,1.002,1.211,0.497,0.002
CPER_yearly_True_window_8_lags_none_sinusoidal_no_quadratic,True,8,quadratic_lags_none_sinusoidal_no,0.488,0.0,435.104,439.936,True,True,False,0.407,0.369,0,1.597,1.597,0.023,,,,,,,,,,,,,,
CPER_yearly_True_window_8_lags_1_sinusoidal_no_quadratic,True,8,quadratic_lags_1_sinusoidal_no,0.506,0.0,422.928,429.262,True,True,False,0.647,0.471,0,1.546,1.645,0.015,1.099,0.092,,,,,,,,,,,,
CPER_yearly_True_window_8_lags_2_sinusoidal_no_quadratic,True,8,quadratic_lags_2_sinusoidal_no,0.564,0.001,408.505,414.727,True,True,False,0.512,0.454,0,1.581,1.655,0.054,,,1.073,0.011,,,,,,,,,,
CPER_yearly_True_window_8_lags_3_sinusoidal_no_quadratic,True,8,quadratic_lags_3_sinusoidal_no,0.683,0.001,388.159,394.264,True,True,False,0.66,0.658,0,1.66,1.811,0.021,,,,,1.151,0.0,,,,,,,,
CPER_yearly_True_window_8_lags_4_sinusoidal_no_quadratic,True,8,quadratic_lags_4_sinusoidal_no,0.743,0.004,369.894,375.88,True,True,False,0.913,0.688,0,1.671,1.849,0.009,,,,,,,1.178,0.0,,,,,,
CPER_yearly_True_window_8_lags_5_sinusoidal_no_quadratic,True,8,quadratic_lags_5_sinusoidal_no,0.779,0.11,354.737,360.6,False,True,False,0.743,0.705,0,1.74,1.968,0.01,,,,,,,,,1.227,0.0,,,,
CPER_yearly_True_window_8_lags_none_sinusoidal_yes_quadratic,True,8,quadratic_lags_none_sinusoidal_yes,0.713,0.0,417.761,425.816,True,True,False,0.645,0.557,0,1.65,1.737,0.003,,,,,,,,,,,1.087,1.001,0.56,0.0
CPER_yearly_True_window_8_lags_1_sinusoidal_yes_quadratic,True,8,quadratic_lags_1_sinusoidal_yes,0.755,0.0,401.733,411.234,True,True,False,0.799,0.495,0,1.627,1.889,0.029,1.113,0.03,,,,,,,,,1.117,1.032,0.445,0.0
CPER_yearly_True_window_8_lags_2_sinusoidal_yes_quadratic,True,8,quadratic_lags_2_sinusoidal_yes,0.785,0.019,387.754,397.087,True,True,False,0.708,0.627,0,1.646,1.84,0.299,,,1.082,0.001,,,,,,,1.079,1.032,0.297,0.0
CPER_yearly_True_window_8_lags_3_sinusoidal_yes_quadratic,True,8,quadratic_lags_3_sinusoidal_yes,0.831,0.064,370.768,379.926,True,True,False,0.716,0.763,0,1.753,2.067,0.371,,,,,1.173,0.0,,,,,1.039,1.103,0.203,0.0
CPER_yearly_True_window_8_lags_4_sinusoidal_yes_quadratic,True,8,quadratic_lags_4_sinusoidal_yes,0.841,0.02,357.936,366.915,True,True,False,0.913,0.773,0,1.772,2.127,0.099,,,,,,,1.205,0.0,,,1.022,1.128,0.706,0.0
CPER_yearly_True_window_8_lags_5_sinusoidal_yes_quadratic,True,8,quadratic_lags_5_sinusoidal_yes,0.849,0.071,346.584,355.379,True,True,False,0.86,0.792,0,1.898,2.386,0.073,,,,,,,,,1.276,0.0,1.002,1.211,0.497,0.002
CPER_yearly_False_window_9_lags_none_sinusoidal_no_quadratic,False,9,quadratic_lags_none_sinusoidal_no,0.411,0.0,431.909,436.741,True,True,False,0.318,0.2,0,1.62,1.62,0.103,,,,,,,,,,,,,,
CPER_yearly_False_window_9_lags_1_sinusoidal_no_quadratic,False,9,quadratic_lags_1_sinusoidal_no,0.424,0.0,421.034,427.368,True,True,False,0.537,0.269,0,1.577,1.607,0.13,1.03,0.148,,,,,,,,,,,,
CPER_yearly_False_window_9_lags_2_sinusoidal_no_quadratic,False,9,quadratic_lags_2_sinusoidal_no,0.535,0.004,403.445,409.666,True,True,False,0.416,0.37,0,1.668,1.726,0.197,,,1.059,0.004,,,,,,,,,,
CPER_yearly_False_window_9_lags_3_sinusoidal_no_quadratic,False,9,quadratic_lags_3_sinusoidal_no,0.652,0.019,383.556,389.662,True,True,False,0.717,0.62,0,1.71,1.792,0.172,,,,,1.082,0.0,,,,,,,,
CPER_yearly_False_window_9_lags_4_sinusoidal_no_quadratic,False,9,quadratic_lags_4_sinusoidal_no,0.727,0.015,364.48,370.466,True,True,False,0.875,0.612,0,1.732,1.881,0.02,,,,,,,1.149,0.0,,,,,,
CPER_yearly_False_window_9_lags_5_sinusoidal_no_quadratic,False,9,quadratic_lags_5_sinusoidal_no,0.81,0.333,343.107,348.97,True,True,False,1.152,0.771,0,1.76,1.912,0.012,,,,,,,,,1.152,0.0,,,,
CPER_yearly_False_window_9_lags_none_sinusoidal_yes_quadratic,False,9,quadratic_lags_none_sinusoidal_yes,0.688,0.0,412.42,420.475,True,True,False,0.552,0.473,0,1.663,1.732,0.01,,,,,,,,,,,1.048,1.02,0.877,0.0
CPER_yearly_False_window_9_lags_1_sinusoidal_yes_quadratic,False,9,quadratic_lags_1_sinusoidal_yes,0.737,0.0,396.867,406.368,True,True,False,0.735,0.516,0,1.624,1.737,0.022,1.032,0.031,,,,,,,,,1.076,1.005,0.646,0.0
CPER_yearly_False_window_9_lags_2_sinusoidal_yes_quadratic,False,9,quadratic_lags_2_sinusoidal_yes,0.773,0.066,382.323,391.655,True,True,False,0.8,0.639,0,1.699,1.809,0.372,,,1.062,0.0,,,,,,,1.046,1.001,0.318,0.0
CPER_yearly_False_window_9_lags_3_sinusoidal_yes_quadratic,False,9,quadratic_lags_3_sinusoidal_yes,0.82,0.177,365.099,374.257,True,True,False,0.786,0.682,0,1.734,1.852,0.389,,,,,1.085,0.0,,,,,1.025,1.009,0.237,0.0
CPER_yearly_False_window_9_lags_4_sinusoidal_yes_quadratic,False,9,quadratic_lags_4_sinusoidal_yes,0.826,0.046,353.673,362.652,True,True,False,1.005,0.775,0,1.784,2.014,0.091,,,,,,,1.16,0.0,,,1.009,1.062,0.984,0.001
CPER_yearly_False_window_9_lags_5_sinusoidal_yes_quadratic,False,9,quadratic_lags_5_sinusoidal_yes,0.878,0.146,332.906,341.7,True,True,False,1.193,0.796,0,1.818,2.058,0.025,,,,,,,,,1.164,0.0,1.001,1.076,0.356,0.001
CPER_yearly_True_window_9_lags_none_sinusoidal_no_quadratic,True,9,quadratic_lags_none_sinusoidal_no,0.411,0.0,431.909,436.741,True,True,False,0.318,0.2,0,1.62,1.62,0.103,,,,,,,,,,,,,,
CPER_yearly_True_window_9_lags_1_sinusoidal_no_quadratic,True,9,quadratic_lags_1_sinusoidal_no,0.424,0.0,421.034,427.368,True,True,False,0.537,0.269,0,1.577,1.607,0.13,1.03,0.148,,,,,,,,,,,,
CPER_yearly_True_window_9_lags_2_sinusoidal_no_quadratic,True,9,quadratic_lags_2_sinusoidal_no,0.535,0.004,403.445,409.666,True,True,False,0.416,0.37,0,1.668,1.726,0.197,,,1.059,0.004,,,,,,,,,,
CPER_yearly_True_window_9_lags_3_sinusoidal_no_quadratic,True,9,quadratic_lags_3_sinusoidal_no,0.652,0.019,383.556,389.662,True,True,False,0.717,0.62,0,1.71,1.792,0.172,,,,,1.082,0.0,,,,,,,,
CPER_yearly_True_window_9_lags_4_sinusoidal_no_quadratic,True,9,quadratic_lags_4_sinusoidal_no,0.727,0.015,364.48,370.466,True,True,False,0.875,0.612,0,1.732,1.881,0.02,,,,,,,1.149,0.0,,,,,,
CPER_yearly_True_window_9_lags_5_sinusoidal_no_quadratic,True,9,quadratic_lags_5_sinusoidal_no,0.81,0.333,343.107,348.97,True,True,False,1.152,0.771,0,1.76,1.912,0.012,,,,,,,,,1.152,0.0,,,,
CPER_yearly_True_window_9_lags_none_sinusoidal_yes_quadratic,True,9,quadratic_lags_none_sinusoidal_yes,0.688,0.0,412.42,420.475,True,True,False,0.552,0.473,0,1.663,1.732,0.01,,,,,,,,,,,1.048,1.02,0.877,0.0
CPER_yearly_True_window_9_lags_1_sinusoidal_yes_quadratic,True,9,quadratic_lags_1_sinusoidal_yes,0.737,0.0,396.867,406.368,True,True,False,0.735,0.516,0,1.624,1.737,0.022,1.032,0.031,,,,,,,,,1.076,1.005,0.646,0.0
CPER_yearly_True_window_9_lags_2_sinusoidal_yes_quadratic,True,9,quadratic_lags_2_sinusoidal_yes,0.773,0.066,382.323,391.655,True,True,False,0.8,0.639,0,1.699,1.809,0.372,,,1.062,0.0,,,,,,,1.046,1.001,0.318,0.0
CPER_yearly_True_window_9_lags_3_sinusoidal_yes_quadratic,True,9,quadratic_lags_3_sinusoidal_yes,0.82,0.177,365.099,374.257,True,True,False,0.786,0.682,0,1.734,1.852,0.389,,,,,1.085,0.0,,,,,1.025,1.009,0.237,0.0
CPER_yearly_True_window_9_lags_4_sinusoidal_yes_quadratic,True,9,quadratic_lags_4_sinusoidal_yes,0.826,0.046,353.673,362.652,True,True,False,1.005,0.775,0,1.784,2.014,0.091,,,,,,,1.16,0.0,,,1.009,1.062,0.984,0.001
CPER_yearly_True_window_9_lags_5_sinusoidal_yes_quadratic,True,9,quadratic_lags_5_sinusoidal_yes,0.878,0.146,332.906,341.7,True,True,False,1.193,0.796,0,1.818,2.058,0.025,,,,,,,,,1.164,0.0,1.001,1.076,0.356,0.001
CPER_yearly_False_window_10_lags_none_sinusoidal_no_quadratic,False,10,quadratic_lags_none_sinusoidal_no,0.337,0.0,426.519,431.352,False,True,False,0.278,0.243,0,1.663,1.663,0.356,,,,,,,,,,,,,,
CPER_yearly_False_window_10_lags_1_sinusoidal_no_quadratic,False,10,quadratic_lags_1_sinusoidal_no,0.345,0.002,415.463,421.797,True,True,False,0.399,0.302,0,1.651,1.729,0.337,1.077,0.155,,,,,,,,,,,,
CPER_yearly_False_window_10_lags_2_sinusoidal_no_quadratic,False,10,quadratic_lags_2_sinusoidal_no,0.473,0.048,398.136,404.357,True,True,False,0.427,0.238,0,1.735,1.764,0.8,,,1.029,0.005,,,,,,,,,,
CPER_yearly_False_window_10_lags_3_sinusoidal_no_quadratic,False,10,quadratic_lags_3_sinusoidal_no,0.632,0.107,376.45,382.555,True,True,False,0.575,0.605,0,1.793,1.868,0.521,,,,,1.075,0.0,,,,,,,,
CPER_yearly_False_window_10_lags_4_sinusoidal_no_quadratic,False,10,quadratic_lags_4_sinusoidal_no,0.685,0.212,360.029,366.015,True,True,False,0.937,0.603,0,1.751,1.826,0.329,,,,,,,1.075,0.0,,,,,,
CPER_yearly_False_window_10_lags_5_sinusoidal_no_quadratic,False,10,quadratic_lags_5_sinusoidal_no,0.806,0.989,335.134,340.997,True,True,False,0.958,0.741,0,1.803,1.918,0.052,,,,,,,,,1.115,0.0,,,,
CPER_yearly_False_window_10_lags_none_sinusoidal_yes_quadratic,False,10,quadratic_lags_none_sinusoidal_yes,0.608,0.0,411.024,419.078,True,True,False,0.472,0.506,0,1.699,1.753,0.053,,,,,,,,,,,1.022,1.032,0.318,0.0
CPER_yearly_False_window_10_lags_1_sinusoidal_yes_quadratic,False,10,quadratic_lags_1_sinusoidal_yes,0.674,0.005,394.382,403.883,True,True,False,0.752,0.31,0,1.677,1.796,0.124,1.08,0.032,,,,,,,,,1.037,1.002,0.163,0.0
CPER_yearly_False_window_10_lags_2_sinusoidal_yes_quadratic,False,10,quadratic_lags_2_sinusoidal_yes,0.753,0.287,375.699,385.031,True,True,False,0.723,0.394,0,1.757,1.817,0.789,,,1.03,0.0,,,,,,,1.024,1.006,0.051,0.0
CPER_yearly_False_window_10_lags_3_sinusoidal_yes_quadratic,False,10,quadratic_lags_3_sinusoidal_yes,0.816,0.595,356.816,365.974,True,True,False,0.775,0.687,0,1.799,1.881,0.841,,,,,1.075,0.0,,,,,1.005,1.002,0.029,0.0
CPER_yearly_False_window_10_lags_4_sinusoidal_yes_quadratic,False,10,quadratic_lags_4_sinusoidal_yes,0.799,0.252,349.214,358.193,True,True,False,1.007,0.74,0,1.756,1.838,0.383,,,,,,,1.075,0.0,,,1.001,1.006,0.429,0.001
CPER_yearly_False_window_10_lags_5_sinusoidal_yes_quadratic,False,10,quadratic_lags_5_sinusoidal_yes,0.854,0.434,330.028,338.822,True,True,False,1.085,0.756,0,1.848,2.025,0.074,,,,,,,,,1.122,0.0,1.008,1.048,0.527,0.007
CPER_yearly_True_window_10_lags_none_sinusoidal_no_quadratic,True,10,quadratic_lags_none_sinusoidal_no,0.337,0.0,426.519,431.352,False,True,False,0.278,0.243,0,1.663,1.663,0.356,,,,,,,,,,,,,,
CPER_yearly_True_window_10_lags_1_sinusoidal_no_quadratic,True,10,quadratic_lags_1_sinusoidal_no,0.345,0.002,415.463,421.797,True,True,False,0.399,0.302,0,1.651,1.729,0.337,1.077,0.155,,,,,,,,,,,,
CPER_yearly_True_window_10_lags_2_sinusoidal_no_quadratic,True,10,quadratic_lags_2_sinusoidal_no,0.473,0.048,398.136,404.357,True,True,False,0.427,0.238,0,1.735,1.764,0.8,,,1.029,0.005,,,,,,,,,,
CPER_yearly_True_window_10_lags_3_sinusoidal_no_quadratic,True,10,quadratic_lags_3_sinusoidal_no,0.632,0.107,376.45,382.555,True,True,False,0.575,0.605,0,1.793,1.868,0.521,,,,,1.075,0.0,,,,,,,,
CPER_yearly_True_window_10_lags_4_sinusoidal_no_quadratic,True,10,quadratic_lags_4_sinusoidal_no,0.685,0.212,360.029,366.015,True,True,False,0.937,0.603,0,1.751,1.826,0.329,,,,,,,1.075,0.0,,,,,,
CPER_yearly_True_window_10_lags_5_sinusoidal_no_quadratic,True,10,quadratic_lags_5_sinusoidal_no,0.806,0.989,335.134,340.997,True,True,False,0.958,0.741,0,1.803,1.918,0.052,,,,,,,,,1.115,0.0,,,,
CPER_yearly_True_window_10_lags_none_sinusoidal_yes_quadratic,True,10,quadratic_lags_none_sinusoidal_yes,0.608,0.0,411.024,419.078,True,True,False,0.472,0.506,0,1.699,1.753,0.053,,,,,,,,,,,1.022,1.032,0.318,0.0
CPER_yearly_True_window_10_lags_1_sinusoidal_yes_quadratic,True,10,quadratic_lags_1_sinusoidal_yes,0.674,0.005,394.382,403.883,True,True,False,0.752,0.31,0,1.677,1.796,0.124,1.08,0.032,,,,,,,,,1.037,1.002,0.163,0.0
CPER_yearly_True_window_10_lags_2_sinusoidal_yes_quadratic,True,10,quadratic_lags_2_sinusoidal_yes,0.753,0.287,375.699,385.031,True,True,False,0.723,0.394,0,1.757,1.817,0.789,,,1.03,0.0,,,,,,,1.024,1.006,0.051,0.0
CPER_yearly_True_window_10_lags_3_sinusoidal_yes_quadratic,True,10,quadratic_lags_3_sinusoidal_yes,0.816,0.595,356.816,365.974,True,True,False,0.775,0.687,0,1.799,1.881,0.841,,,,,1.075,0.0,,,,,1.005,1.002,0.029,0.0
CPER_yearly_True_window_10_lags_4_sinusoidal_yes_quadratic,True,10,quadratic_lags_4_sinusoidal_yes,0.799,0.252,349.214,358.193,True,True,False,1.007,0.74,0,1.756,1.838,0.383,,,,,,,1.075,0.0,,,1.001,1.006,0.429,0.001
CPER_yearly_True_window_10_lags_5_sinusoidal_yes_quadratic,True,10,quadratic_lags_5_sinusoidal_yes,0.854,0.434,330.028,338.822,True,True,False,1.085,0.756,0,1.848,2.025,0.074,,,,,,,,,1.122,0.0,1.008,1.048,0.527,0.007
