analysis_name,yearly_aggregate,window_size,config_type,r_squared,p_value,aic,bic,is_normal,is_homoscedastic,no_autocorrelation,durbin_watson,cv_r2_score,cv_r2_std,vif_PPT,vif_ortho_PPT_lag1,p_value_lag1,vif_ortho_PPT_lag2,p_value_lag2,vif_ortho_PPT_lag3,p_value_lag3,vif_ortho_PPT_lag4,p_value_lag4,vif_ortho_PPT_lag5,p_value_lag5,vif_ortho_sin_cycle,vif_ortho_cos_cycle,p_value_sin,p_value_cos
Croplands_yearly_False_window_1_lags_none_sinusoidal_no_linear,False,1,linear_lags_none_sinusoidal_no,0.025,0.035,3537.185,3543.526,False,False,True,2.44,0.003,0,1.0,,,,,,,,,,,,,,
Croplands_yearly_False_window_1_lags_1_sinusoidal_no_linear,False,1,linear_lags_1_sinusoidal_no,0.029,0.246,3519.376,3528.87,False,False,True,2.427,0.01,0,1.0,1.0,0.399,,,,,,,,,,,,
Croplands_yearly_False_window_1_lags_2_sinusoidal_no_linear,False,1,linear_lags_2_sinusoidal_no,0.032,0.022,3498.636,3508.113,False,False,True,2.407,0.005,0,1.0,,,1.0,0.299,,,,,,,,,,
Croplands_yearly_False_window_1_lags_3_sinusoidal_no_linear,False,1,linear_lags_3_sinusoidal_no,0.027,0.196,3479.215,3488.675,False,False,True,2.417,-0.046,0,1.0,,,,,1.0,0.733,,,,,,,,
Croplands_yearly_False_window_1_lags_4_sinusoidal_no_linear,False,1,linear_lags_4_sinusoidal_no,0.034,0.017,3458.593,3468.036,False,False,True,2.417,-0.023,0,1.0,,,,,,,1.0,0.236,,,,,,
Croplands_yearly_False_window_1_lags_5_sinusoidal_no_linear,False,1,linear_lags_5_sinusoidal_no,0.025,0.075,3440.167,3449.592,False,False,True,2.422,0.002,0,1.0,,,,,,,,,1.0,0.751,,,,
Croplands_yearly_False_window_1_lags_none_sinusoidal_yes_linear,False,1,linear_lags_none_sinusoidal_yes,0.026,0.038,3541.095,3553.777,False,False,True,2.443,-0.028,0,1.0,,,,,,,,,,,1.0,1.0,0.795,0.887
Croplands_yearly_False_window_1_lags_1_sinusoidal_yes_linear,False,1,linear_lags_1_sinusoidal_yes,0.03,0.262,3523.267,3539.091,False,True,True,2.43,-0.011,0,1.0,1.0,0.394,,,,,,,,,1.0,1.0,0.759,0.916
Croplands_yearly_False_window_1_lags_2_sinusoidal_yes_linear,False,1,linear_lags_2_sinusoidal_yes,0.033,0.024,3502.469,3518.264,False,True,True,2.412,-0.022,0,1.0,,,1.0,0.302,,,,,,,1.0,1.0,0.828,0.736
Croplands_yearly_False_window_1_lags_3_sinusoidal_yes_linear,False,1,linear_lags_3_sinusoidal_yes,0.027,0.208,3483.15,3498.917,False,False,True,2.419,-0.056,0,1.0,,,,,1.0,0.732,,,,,1.0,1.0,0.848,0.873
Croplands_yearly_False_window_1_lags_4_sinusoidal_yes_linear,False,1,linear_lags_4_sinusoidal_yes,0.035,0.018,3462.433,3478.171,False,True,True,2.421,-0.053,0,1.0,,,,,,,1.0,0.235,,,1.0,1.0,0.869,0.722
Croplands_yearly_False_window_1_lags_5_sinusoidal_yes_linear,False,1,linear_lags_5_sinusoidal_yes,0.026,0.075,3444.064,3459.773,False,True,True,2.426,-0.039,0,1.0,,,,,,,,,1.0,0.74,1.0,1.0,0.908,0.77
Croplands_yearly_True_window_1_lags_none_sinusoidal_no_linear,True,1,linear_lags_none_sinusoidal_no,0.397,0.0,677.014,680.341,True,True,True,2.253,0.299,0,1.0,,,,,,,,,,,,,,
Croplands_yearly_True_window_1_lags_1_sinusoidal_no_linear,True,1,linear_lags_1_sinusoidal_no,0.444,0.0,656.521,661.434,True,True,True,2.167,0.369,0,1.0,1.0,0.867,,,,,,,,,,,,
Croplands_yearly_True_window_1_lags_2_sinusoidal_no_linear,True,1,linear_lags_2_sinusoidal_no,0.49,0.003,635.738,640.571,True,True,True,2.138,0.46,0,1.0,,,1.0,0.179,,,,,,,,,,
Croplands_yearly_True_window_1_lags_3_sinusoidal_no_linear,True,1,linear_lags_3_sinusoidal_no,0.461,0.0,621.132,625.882,True,True,True,2.19,0.357,0,1.0,,,,,1.0,0.776,,,,,,,,
Croplands_yearly_True_window_1_lags_4_sinusoidal_no_linear,True,1,linear_lags_4_sinusoidal_no,0.473,0.004,604.242,608.909,True,True,True,2.239,0.341,0,1.0,,,,,,,1.0,0.411,,,,,,
Croplands_yearly_True_window_1_lags_5_sinusoidal_no_linear,True,1,linear_lags_5_sinusoidal_no,0.464,0.004,587.718,592.297,True,True,True,2.291,0.341,0,1.0,,,,,,,,,1.0,0.36,,,,
Croplands_yearly_True_window_1_lags_none_sinusoidal_yes_linear,True,1,linear_lags_none_sinusoidal_yes,0.398,0.0,680.939,687.594,True,True,True,2.25,0.278,0,1.0,,,,,,,,,,,1.0,1.0,0.926,0.81
Croplands_yearly_True_window_1_lags_1_sinusoidal_yes_linear,True,1,linear_lags_1_sinusoidal_yes,0.457,0.0,659.625,667.813,True,True,True,2.174,0.147,0,1.0,1.0,0.838,,,,,,,,,1.0,1.0,0.989,0.382
Croplands_yearly_True_window_1_lags_2_sinusoidal_yes_linear,True,1,linear_lags_2_sinusoidal_yes,0.492,0.004,639.538,647.593,True,False,True,2.152,0.386,0,1.0,,,1.0,0.212,,,,,,,1.0,1.0,0.728,0.82
Croplands_yearly_True_window_1_lags_3_sinusoidal_yes_linear,True,1,linear_lags_3_sinusoidal_yes,0.468,0.001,624.702,632.62,True,True,True,2.198,0.291,0,1.0,,,,,1.0,0.767,,,,,1.0,1.0,0.956,0.548
Croplands_yearly_True_window_1_lags_4_sinusoidal_yes_linear,True,1,linear_lags_4_sinusoidal_yes,0.483,0.008,607.614,615.39,True,True,True,2.266,0.247,0,1.0,,,,,,,1.0,0.374,,,1.0,1.0,0.755,0.508
Croplands_yearly_True_window_1_lags_5_sinusoidal_yes_linear,True,1,linear_lags_5_sinusoidal_yes,0.482,0.011,590.589,598.221,True,True,True,2.36,0.239,0,1.0,,,,,,,,,1.0,0.299,1.0,1.0,0.956,0.332
Croplands_yearly_False_window_2_lags_none_sinusoidal_no_linear,False,2,linear_lags_none_sinusoidal_no,0.05,0.003,3371.242,3377.583,False,False,False,1.248,0.022,0,1.0,,,,,,,,,,,,,,
Croplands_yearly_False_window_2_lags_1_sinusoidal_no_linear,False,2,linear_lags_1_sinusoidal_no,0.052,0.017,3356.841,3366.335,False,False,False,1.251,0.017,0,1.0,1.0,0.454,,,,,,,,,,,,
Croplands_yearly_False_window_2_lags_2_sinusoidal_no_linear,False,2,linear_lags_2_sinusoidal_no,0.05,0.011,3339.198,3348.675,False,False,False,1.226,0.025,0,1.0,,,1.0,0.687,,,,,,,,,,
Croplands_yearly_False_window_2_lags_3_sinusoidal_no_linear,False,2,linear_lags_3_sinusoidal_no,0.054,0.006,3317.562,3327.022,False,False,False,1.253,-0.002,0,1.0,,,,,1.0,0.451,,,,,,,,
Croplands_yearly_False_window_2_lags_4_sinusoidal_no_linear,False,2,linear_lags_4_sinusoidal_no,0.061,0.002,3299.665,3309.107,False,False,False,1.257,-0.003,0,1.0,,,,,,,1.0,0.263,,,,,,
Croplands_yearly_False_window_2_lags_5_sinusoidal_no_linear,False,2,linear_lags_5_sinusoidal_no,0.06,0.001,3280.269,3289.694,False,False,False,1.247,0.014,0,1.0,,,,,,,,,1.0,0.108,,,,
Croplands_yearly_False_window_2_lags_none_sinusoidal_yes_linear,False,2,linear_lags_none_sinusoidal_yes,0.053,0.004,3374.589,3387.271,False,False,False,1.249,0.019,0,1.0,,,,,,,,,,,1.0,1.0,0.523,0.635
Croplands_yearly_False_window_2_lags_1_sinusoidal_yes_linear,False,2,linear_lags_1_sinusoidal_yes,0.055,0.02,3360.276,3376.1,False,False,False,1.251,-0.021,0,1.0,1.0,0.448,,,,,,,,,1.0,1.0,0.519,0.722
Croplands_yearly_False_window_2_lags_2_sinusoidal_yes_linear,False,2,linear_lags_2_sinusoidal_yes,0.056,0.013,3342.027,3357.822,False,False,False,1.231,-0.001,0,1.0,,,1.0,0.695,,,,,,,1.0,1.0,0.451,0.457
Croplands_yearly_False_window_2_lags_3_sinusoidal_yes_linear,False,2,linear_lags_3_sinusoidal_yes,0.057,0.007,3320.952,3336.718,False,False,False,1.256,-0.023,0,1.0,,,,,1.0,0.448,,,,,1.0,1.0,0.645,0.543
Croplands_yearly_False_window_2_lags_4_sinusoidal_yes_linear,False,2,linear_lags_4_sinusoidal_yes,0.066,0.002,3302.662,3318.4,False,False,False,1.262,-0.024,0,1.0,,,,,,,1.0,0.256,,,1.0,1.0,0.517,0.463
Croplands_yearly_False_window_2_lags_5_sinusoidal_yes_linear,False,2,linear_lags_5_sinusoidal_yes,0.066,0.001,3283.18,3298.888,False,False,False,1.255,-0.025,0,1.0,,,,,,,,,1.0,0.097,1.0,1.0,0.629,0.367
Croplands_yearly_True_window_2_lags_none_sinusoidal_no_linear,True,2,linear_lags_none_sinusoidal_no,0.5,0.0,650.491,653.818,True,True,False,0.777,0.484,0,1.0,,,,,,,,,,,,,,
Croplands_yearly_True_window_2_lags_1_sinusoidal_no_linear,True,2,linear_lags_1_sinusoidal_no,0.568,0.0,628.422,633.334,True,True,False,0.796,0.492,0,1.0,1.0,0.434,,,,,,,,,,,,
Croplands_yearly_True_window_2_lags_2_sinusoidal_no_linear,True,2,linear_lags_2_sinusoidal_no,0.598,0.0,607.315,612.147,True,True,False,0.707,0.531,0,1.0,,,1.0,0.309,,,,,,,,,,
Croplands_yearly_True_window_2_lags_3_sinusoidal_no_linear,True,2,linear_lags_3_sinusoidal_no,0.594,0.0,591.302,596.052,True,True,False,0.772,0.532,0,1.0,,,,,1.0,0.457,,,,,,,,
Croplands_yearly_True_window_2_lags_4_sinusoidal_no_linear,True,2,linear_lags_4_sinusoidal_no,0.613,0.0,575.574,580.24,True,True,False,0.749,0.552,0,1.0,,,,,,,1.0,0.294,,,,,,
Croplands_yearly_True_window_2_lags_5_sinusoidal_no_linear,True,2,linear_lags_5_sinusoidal_no,0.618,0.0,558.401,562.98,True,True,False,0.72,0.574,0,1.0,,,,,,,,,1.0,0.135,,,,
Croplands_yearly_True_window_2_lags_none_sinusoidal_yes_linear,True,2,linear_lags_none_sinusoidal_yes,0.5,0.0,654.434,661.088,True,True,False,0.767,0.465,0,1.0,,,,,,,,,,,1.0,1.0,0.831,0.944
Croplands_yearly_True_window_2_lags_1_sinusoidal_yes_linear,True,2,linear_lags_1_sinusoidal_yes,0.585,0.0,630.918,639.106,True,False,False,0.756,0.349,0,1.0,1.0,0.473,,,,,,,,,1.0,1.0,0.602,0.32
Croplands_yearly_True_window_2_lags_2_sinusoidal_yes_linear,True,2,linear_lags_2_sinusoidal_yes,0.605,0.0,610.67,618.725,True,True,False,0.719,0.417,0,1.0,,,1.0,0.38,,,,,,,1.0,1.0,0.814,0.481
Croplands_yearly_True_window_2_lags_3_sinusoidal_yes_linear,True,2,linear_lags_3_sinusoidal_yes,0.605,0.0,594.381,602.299,True,True,False,0.781,0.463,0,1.0,,,,,1.0,0.474,,,,,1.0,1.0,0.947,0.379
Croplands_yearly_True_window_2_lags_4_sinusoidal_yes_linear,True,2,linear_lags_4_sinusoidal_yes,0.626,0.001,578.384,586.16,True,True,False,0.763,0.508,0,1.0,,,,,,,1.0,0.236,,,1.0,1.0,0.969,0.317
Croplands_yearly_True_window_2_lags_5_sinusoidal_yes_linear,True,2,linear_lags_5_sinusoidal_yes,0.652,0.002,559.152,566.784,True,True,False,0.717,0.573,0,1.0,,,,,,,,,1.0,0.077,1.0,1.0,0.547,0.116
Croplands_yearly_False_window_3_lags_none_sinusoidal_no_linear,False,3,linear_lags_none_sinusoidal_no,0.127,0.0,3284.952,3291.293,False,False,False,1.009,0.096,0,1.0,,,,,,,,,,,,,,
Croplands_yearly_False_window_3_lags_1_sinusoidal_no_linear,False,3,linear_lags_1_sinusoidal_no,0.146,0.0,3264.037,3273.531,False,False,False,1.01,0.133,0,1.0,1.0,0.056,,,,,,,,,,,,
Croplands_yearly_False_window_3_lags_2_sinusoidal_no_linear,False,3,linear_lags_2_sinusoidal_no,0.128,0.0,3250.425,3259.902,False,False,False,1.001,0.112,0,1.0,,,1.0,0.751,,,,,,,,,,
Croplands_yearly_False_window_3_lags_3_sinusoidal_no_linear,False,3,linear_lags_3_sinusoidal_no,0.109,0.004,3324.424,3333.884,False,False,False,1.339,0.07,0,1.0,,,,,1.0,0.367,,,,,,,,
Croplands_yearly_False_window_3_lags_4_sinusoidal_no_linear,False,3,linear_lags_4_sinusoidal_no,0.141,0.0,3211.117,3220.56,False,False,False,0.991,0.111,0,1.0,,,,,,,1.0,0.115,,,,,,
Croplands_yearly_False_window_3_lags_5_sinusoidal_no_linear,False,3,linear_lags_5_sinusoidal_no,0.105,0.0,3286.462,3295.887,False,False,False,1.311,0.057,0,1.0,,,,,,,,,1.0,0.639,,,,
Croplands_yearly_False_window_3_lags_none_sinusoidal_yes_linear,False,3,linear_lags_none_sinusoidal_yes,0.13,0.0,3288.329,3301.011,False,False,False,1.008,0.07,0,1.0,,,,,,,,,,,1.0,1.0,0.677,0.512
Croplands_yearly_False_window_3_lags_1_sinusoidal_yes_linear,False,3,linear_lags_1_sinusoidal_yes,0.15,0.0,3267.322,3283.146,False,False,False,1.008,0.102,0,1.0,1.0,0.057,,,,,,,,,1.0,1.0,0.645,0.491
Croplands_yearly_False_window_3_lags_2_sinusoidal_yes_linear,False,3,linear_lags_2_sinusoidal_yes,0.133,0.0,3253.43,3269.225,False,False,False,1.0,0.087,0,1.0,,,1.0,0.758,,,,,,,1.0,1.0,0.606,0.407
Croplands_yearly_False_window_3_lags_3_sinusoidal_yes_linear,False,3,linear_lags_3_sinusoidal_yes,0.114,0.004,3327.549,3343.315,False,False,False,1.338,0.06,0,1.0,,,,,1.0,0.396,,,,,1.0,1.0,0.756,0.39
Croplands_yearly_False_window_3_lags_4_sinusoidal_yes_linear,False,3,linear_lags_4_sinusoidal_yes,0.147,0.0,3213.927,3229.665,False,False,False,0.993,0.073,0,1.0,,,,,,,1.0,0.104,,,1.0,1.0,0.756,0.307
Croplands_yearly_False_window_3_lags_5_sinusoidal_yes_linear,False,3,linear_lags_5_sinusoidal_yes,0.111,0.0,3289.223,3304.931,False,False,False,1.316,0.019,0,1.0,,,,,,,,,1.0,0.579,1.0,1.0,0.837,0.283
Croplands_yearly_True_window_3_lags_none_sinusoidal_no_linear,True,3,linear_lags_none_sinusoidal_no,0.591,0.0,629.402,632.729,True,True,False,0.536,0.579,0,1.0,,,,,,,,,,,,,,
Croplands_yearly_True_window_3_lags_1_sinusoidal_no_linear,True,3,linear_lags_1_sinusoidal_no,0.644,0.0,612.844,617.757,True,True,False,0.655,0.562,0,1.0,1.0,0.136,,,,,,,,,,,,
Croplands_yearly_True_window_3_lags_2_sinusoidal_no_linear,True,3,linear_lags_2_sinusoidal_no,0.615,0.0,598.292,603.125,True,True,False,0.564,0.522,0,1.0,,,1.0,0.161,,,,,,,,,,
Croplands_yearly_True_window_3_lags_3_sinusoidal_no_linear,True,3,linear_lags_3_sinusoidal_no,0.623,0.0,582.74,587.491,True,True,False,0.585,0.545,0,1.0,,,,,1.0,0.206,,,,,,,,
Croplands_yearly_True_window_3_lags_4_sinusoidal_no_linear,True,3,linear_lags_4_sinusoidal_no,0.636,0.0,567.147,571.813,True,True,False,0.517,0.597,0,1.0,,,,,,,1.0,0.139,,,,,,
Croplands_yearly_True_window_3_lags_5_sinusoidal_no_linear,True,3,linear_lags_5_sinusoidal_no,0.611,0.0,551.819,556.398,True,True,False,0.597,0.514,0,1.0,,,,,,,,,1.0,0.151,,,,
Croplands_yearly_True_window_3_lags_none_sinusoidal_yes_linear,True,3,linear_lags_none_sinusoidal_yes,0.596,0.0,632.945,639.599,True,True,False,0.539,0.508,0,1.0,,,,,,,,,,,1.0,1.0,0.764,0.576
Croplands_yearly_True_window_3_lags_1_sinusoidal_yes_linear,True,3,linear_lags_1_sinusoidal_yes,0.646,0.0,616.571,624.759,True,False,False,0.634,0.484,0,1.0,1.0,0.156,,,,,,,,,1.0,1.0,0.877,0.645
Croplands_yearly_True_window_3_lags_2_sinusoidal_yes_linear,True,3,linear_lags_2_sinusoidal_yes,0.622,0.0,601.574,609.628,True,False,False,0.579,0.373,0,1.0,,,1.0,0.197,,,,,,,1.0,1.0,0.526,0.638
Croplands_yearly_True_window_3_lags_3_sinusoidal_yes_linear,True,3,linear_lags_3_sinusoidal_yes,0.631,0.0,585.946,593.864,True,False,False,0.592,0.513,0,1.0,,,,,1.0,0.214,,,,,1.0,1.0,0.587,0.538
Croplands_yearly_True_window_3_lags_4_sinusoidal_yes_linear,True,3,linear_lags_4_sinusoidal_yes,0.654,0.001,569.294,577.07,True,True,False,0.522,0.53,0,1.0,,,,,,,1.0,0.107,,,1.0,1.0,0.527,0.275
Croplands_yearly_True_window_3_lags_5_sinusoidal_yes_linear,True,3,linear_lags_5_sinusoidal_yes,0.641,0.001,553.083,560.715,True,True,False,0.626,0.508,0,1.0,,,,,,,,,1.0,0.102,1.0,1.0,0.893,0.132
Croplands_yearly_False_window_4_lags_none_sinusoidal_no_linear,False,4,linear_lags_none_sinusoidal_no,0.169,0.0,3215.981,3222.321,False,False,False,0.899,0.119,0,1.0,,,,,,,,,,,,,,
Croplands_yearly_False_window_4_lags_1_sinusoidal_no_linear,False,4,linear_lags_1_sinusoidal_no,0.175,0.0,3197.483,3206.977,False,False,False,0.922,0.158,0,1.0,1.0,0.331,,,,,,,,,,,,
Croplands_yearly_False_window_4_lags_2_sinusoidal_no_linear,False,4,linear_lags_2_sinusoidal_no,0.172,0.0,3182.689,3192.166,False,False,False,0.896,0.165,0,1.0,,,1.0,0.527,,,,,,,,,,
Croplands_yearly_False_window_4_lags_3_sinusoidal_no_linear,False,4,linear_lags_3_sinusoidal_no,0.132,0.0,3218.167,3227.627,False,False,False,0.939,0.096,0,1.0,,,,,1.0,0.468,,,,,,,,
Croplands_yearly_False_window_4_lags_4_sinusoidal_no_linear,False,4,linear_lags_4_sinusoidal_no,0.182,0.0,3144.681,3154.124,False,False,False,0.89,0.16,0,1.0,,,,,,,1.0,0.153,,,,,,
Croplands_yearly_False_window_4_lags_5_sinusoidal_no_linear,False,4,linear_lags_5_sinusoidal_no,0.131,0.0,3182.698,3192.123,False,False,False,0.931,0.099,0,1.0,,,,,,,,,1.0,0.378,,,,
Croplands_yearly_False_window_4_lags_none_sinusoidal_yes_linear,False,4,linear_lags_none_sinusoidal_yes,0.172,0.0,3219.192,3231.874,False,False,False,0.901,0.098,0,1.0,,,,,,,,,,,1.0,1.0,0.621,0.472
Croplands_yearly_False_window_4_lags_1_sinusoidal_yes_linear,False,4,linear_lags_1_sinusoidal_yes,0.18,0.0,3200.518,3216.342,False,False,False,0.923,0.14,0,1.0,1.0,0.335,,,,,,,,,1.0,1.0,0.597,0.422
Croplands_yearly_False_window_4_lags_2_sinusoidal_yes_linear,False,4,linear_lags_2_sinusoidal_yes,0.179,0.0,3185.226,3201.022,False,False,False,0.899,0.148,0,1.0,,,1.0,0.536,,,,,,,1.0,1.0,0.489,0.338
Croplands_yearly_False_window_4_lags_3_sinusoidal_yes_linear,False,4,linear_lags_3_sinusoidal_yes,0.137,0.0,3221.216,3236.982,False,False,False,0.943,0.079,0,1.0,,,,,1.0,0.517,,,,,1.0,1.0,0.921,0.341
Croplands_yearly_False_window_4_lags_4_sinusoidal_yes_linear,False,4,linear_lags_4_sinusoidal_yes,0.19,0.0,3146.909,3162.646,False,False,False,0.895,0.145,0,1.0,,,,,,,1.0,0.132,,,1.0,1.0,0.633,0.226
Croplands_yearly_False_window_4_lags_5_sinusoidal_yes_linear,False,4,linear_lags_5_sinusoidal_yes,0.141,0.0,3184.671,3200.379,False,False,False,0.938,0.078,0,1.0,,,,,,,,,1.0,0.307,1.0,1.0,0.91,0.163
Croplands_yearly_True_window_4_lags_none_sinusoidal_no_linear,True,4,linear_lags_none_sinusoidal_no,0.568,0.0,623.741,627.068,True,True,False,0.413,0.545,0,1.0,,,,,,,,,,,,,,
Croplands_yearly_True_window_4_lags_1_sinusoidal_no_linear,True,4,linear_lags_1_sinusoidal_no,0.661,0.0,604.57,609.483,True,True,False,0.554,0.637,0,1.0,1.0,0.061,,,,,,,,,,,,
Croplands_yearly_True_window_4_lags_2_sinusoidal_no_linear,True,4,linear_lags_2_sinusoidal_no,0.63,0.0,590.207,595.04,True,True,False,0.436,0.566,0,1.0,,,1.0,0.061,,,,,,,,,,
Croplands_yearly_True_window_4_lags_3_sinusoidal_no_linear,True,4,linear_lags_3_sinusoidal_no,0.643,0.0,575.426,580.177,True,True,False,0.446,0.581,0,1.0,,,,,1.0,0.133,,,,,,,,
Croplands_yearly_True_window_4_lags_4_sinusoidal_no_linear,True,4,linear_lags_4_sinusoidal_no,0.649,0.0,561.203,565.869,True,False,False,0.402,0.598,0,1.0,,,,,,,1.0,0.159,,,,,,
Croplands_yearly_True_window_4_lags_5_sinusoidal_no_linear,True,4,linear_lags_5_sinusoidal_no,0.628,0.0,545.016,549.595,True,True,False,0.427,0.586,0,1.0,,,,,,,,,1.0,0.109,,,,
Croplands_yearly_True_window_4_lags_none_sinusoidal_yes_linear,True,4,linear_lags_none_sinusoidal_yes,0.569,0.0,627.649,634.304,True,False,False,0.416,0.497,0,1.0,,,,,,,,,,,1.0,1.0,0.825,0.856
Croplands_yearly_True_window_4_lags_1_sinusoidal_yes_linear,True,4,linear_lags_1_sinusoidal_yes,0.661,0.0,608.553,616.741,True,False,False,0.556,0.56,0,1.0,1.0,0.071,,,,,,,,,1.0,1.0,0.911,0.963
Croplands_yearly_True_window_4_lags_2_sinusoidal_yes_linear,True,4,linear_lags_2_sinusoidal_yes,0.637,0.0,593.464,601.519,True,False,False,0.454,0.4,0,1.0,,,1.0,0.072,,,,,,,1.0,1.0,0.48,0.711
Croplands_yearly_True_window_4_lags_3_sinusoidal_yes_linear,True,4,linear_lags_3_sinusoidal_yes,0.647,0.0,579.007,586.925,True,False,False,0.45,0.556,0,1.0,,,,,1.0,0.139,,,,,1.0,1.0,0.733,0.624
Croplands_yearly_True_window_4_lags_4_sinusoidal_yes_linear,True,4,linear_lags_4_sinusoidal_yes,0.656,0.001,564.44,572.216,True,False,False,0.404,0.543,0,1.0,,,,,,,1.0,0.146,,,1.0,1.0,0.832,0.439
Croplands_yearly_True_window_4_lags_5_sinusoidal_yes_linear,True,4,linear_lags_5_sinusoidal_yes,0.646,0.001,547.376,555.008,True,False,False,0.431,0.574,0,1.0,,,,,,,,,1.0,0.088,1.0,1.0,0.755,0.255
Croplands_yearly_False_window_5_lags_none_sinusoidal_no_linear,False,5,linear_lags_none_sinusoidal_no,0.225,0.0,3145.656,3151.997,False,False,False,0.713,0.217,0,1.0,,,,,,,,,,,,,,
Croplands_yearly_False_window_5_lags_1_sinusoidal_no_linear,False,5,linear_lags_1_sinusoidal_no,0.227,0.0,3130.495,3139.989,False,False,False,0.72,0.22,0,1.0,1.0,0.55,,,,,,,,,,,,
Croplands_yearly_False_window_5_lags_2_sinusoidal_no_linear,False,5,linear_lags_2_sinusoidal_no,0.228,0.0,3115.486,3124.963,False,False,False,0.699,0.198,0,1.0,,,1.0,0.831,,,,,,,,,,
Croplands_yearly_False_window_5_lags_3_sinusoidal_no_linear,False,5,linear_lags_3_sinusoidal_no,0.076,0.003,3247.773,3257.233,False,False,False,1.045,0.061,0,1.0,,,,,1.0,0.506,,,,,,,,
Croplands_yearly_False_window_5_lags_4_sinusoidal_no_linear,False,5,linear_lags_4_sinusoidal_no,0.23,0.0,3078.964,3088.407,False,False,False,0.694,0.215,0,1.0,,,,,,,1.0,0.527,,,,,,
Croplands_yearly_False_window_5_lags_5_sinusoidal_no_linear,False,5,linear_lags_5_sinusoidal_no,0.074,0.001,3211.23,3220.655,False,False,False,1.015,0.004,0,1.0,,,,,,,,,1.0,0.767,,,,
Croplands_yearly_False_window_5_lags_none_sinusoidal_yes_linear,False,5,linear_lags_none_sinusoidal_yes,0.228,0.0,3148.868,3161.55,False,False,False,0.719,0.213,0,1.0,,,,,,,,,,,1.0,1.0,0.877,0.389
Croplands_yearly_False_window_5_lags_1_sinusoidal_yes_linear,False,5,linear_lags_1_sinusoidal_yes,0.23,0.0,3133.805,3149.629,False,False,False,0.725,0.202,0,1.0,1.0,0.558,,,,,,,,,1.0,1.0,0.848,0.428
Croplands_yearly_False_window_5_lags_2_sinusoidal_yes_linear,False,5,linear_lags_2_sinusoidal_yes,0.234,0.0,3118.164,3133.959,True,False,False,0.704,0.184,0,1.0,,,1.0,0.815,,,,,,,1.0,1.0,0.762,0.277
Croplands_yearly_False_window_5_lags_3_sinusoidal_yes_linear,False,5,linear_lags_3_sinusoidal_yes,0.085,0.002,3250.033,3265.799,False,False,False,1.064,0.017,0,1.0,,,,,1.0,0.577,,,,,1.0,1.0,0.491,0.265
Croplands_yearly_False_window_5_lags_4_sinusoidal_yes_linear,False,5,linear_lags_4_sinusoidal_yes,0.236,0.0,3081.669,3097.407,True,False,False,0.701,0.181,0,1.0,,,,,,,1.0,0.485,,,1.0,1.0,0.86,0.27
Croplands_yearly_False_window_5_lags_5_sinusoidal_yes_linear,False,5,linear_lags_5_sinusoidal_yes,0.089,0.001,3212.362,3228.07,False,False,False,1.04,-0.014,0,1.0,,,,,,,,,1.0,0.638,1.0,1.0,0.445,0.135
Croplands_yearly_True_window_5_lags_none_sinusoidal_no_linear,True,5,linear_lags_none_sinusoidal_no,0.565,0.0,619.702,623.029,True,False,False,0.323,0.555,0,1.0,,,,,,,,,,,,,,
Croplands_yearly_True_window_5_lags_1_sinusoidal_no_linear,True,5,linear_lags_1_sinusoidal_no,0.653,0.0,599.365,604.278,True,False,False,0.573,0.604,0,1.0,1.0,0.033,,,,,,,,,,,,
Croplands_yearly_True_window_5_lags_2_sinusoidal_no_linear,True,5,linear_lags_2_sinusoidal_no,0.68,0.0,580.991,585.823,True,True,False,0.427,0.614,0,1.0,,,1.0,0.006,,,,,,,,,,
Croplands_yearly_True_window_5_lags_3_sinusoidal_no_linear,True,5,linear_lags_3_sinusoidal_no,0.662,0.0,569.923,574.674,True,False,False,0.406,0.563,0,1.0,,,,,1.0,0.042,,,,,,,,
Croplands_yearly_True_window_5_lags_4_sinusoidal_no_linear,True,5,linear_lags_4_sinusoidal_no,0.644,0.0,556.407,561.073,True,False,False,0.362,0.571,0,1.0,,,,,,,1.0,0.065,,,,,,
Croplands_yearly_True_window_5_lags_5_sinusoidal_no_linear,True,5,linear_lags_5_sinusoidal_no,0.648,0.0,539.48,544.059,True,False,False,0.399,0.636,0,1.0,,,,,,,,,1.0,0.032,,,,
Croplands_yearly_True_window_5_lags_none_sinusoidal_yes_linear,True,5,linear_lags_none_sinusoidal_yes,0.568,0.0,623.433,630.087,True,False,False,0.331,0.539,0,1.0,,,,,,,,,,,1.0,1.0,0.626,0.986
Croplands_yearly_True_window_5_lags_1_sinusoidal_yes_linear,True,5,linear_lags_1_sinusoidal_yes,0.654,0.0,603.333,611.521,True,False,False,0.578,0.531,0,1.0,1.0,0.038,,,,,,,,,1.0,1.0,0.908,0.907
Croplands_yearly_True_window_5_lags_2_sinusoidal_yes_linear,True,5,linear_lags_2_sinusoidal_yes,0.684,0.0,584.495,592.55,True,False,False,0.428,0.386,0,1.0,,,1.0,0.008,,,,,,,1.0,1.0,0.516,0.984
Croplands_yearly_True_window_5_lags_3_sinusoidal_yes_linear,True,5,linear_lags_3_sinusoidal_yes,0.667,0.0,573.47,581.388,True,False,False,0.412,0.536,0,1.0,,,,,1.0,0.047,,,,,1.0,1.0,0.542,0.909
Croplands_yearly_True_window_5_lags_4_sinusoidal_yes_linear,True,5,linear_lags_4_sinusoidal_yes,0.653,0.0,559.569,567.345,True,False,False,0.371,0.522,0,1.0,,,,,,,1.0,0.068,,,1.0,1.0,0.49,0.629
Croplands_yearly_True_window_5_lags_5_sinusoidal_yes_linear,True,5,linear_lags_5_sinusoidal_yes,0.66,0.0,542.299,549.93,True,False,False,0.41,0.614,0,1.0,,,,,,,,,1.0,0.033,1.0,1.0,0.785,0.339
Croplands_yearly_False_window_6_lags_none_sinusoidal_no_linear,False,6,linear_lags_none_sinusoidal_no,0.258,0.0,3097.369,3103.71,True,False,False,0.695,0.253,0,1.0,,,,,,,,,,,,,,
Croplands_yearly_False_window_6_lags_1_sinusoidal_no_linear,False,6,linear_lags_1_sinusoidal_no,0.258,0.0,3082.855,3092.349,True,False,False,0.693,0.248,0,1.0,1.0,0.832,,,,,,,,,,,,
Croplands_yearly_False_window_6_lags_2_sinusoidal_no_linear,False,6,linear_lags_2_sinusoidal_no,0.265,0.0,3068.385,3077.862,True,False,False,0.677,0.24,0,1.0,,,1.0,0.475,,,,,,,,,,
Croplands_yearly_False_window_6_lags_3_sinusoidal_no_linear,False,6,linear_lags_3_sinusoidal_no,0.115,0.0,3151.951,3161.411,False,False,False,0.821,0.094,0,1.0,,,,,1.0,0.633,,,,,,,,
Croplands_yearly_False_window_6_lags_4_sinusoidal_no_linear,False,6,linear_lags_4_sinusoidal_no,0.262,0.0,3033.049,3042.491,True,False,False,0.698,0.246,0,1.0,,,,,,,1.0,0.997,,,,,,
Croplands_yearly_False_window_6_lags_5_sinusoidal_no_linear,False,6,linear_lags_5_sinusoidal_no,0.116,0.0,3117.689,3127.114,False,False,False,0.809,0.066,0,1.0,,,,,,,,,1.0,0.894,,,,
Croplands_yearly_False_window_6_lags_none_sinusoidal_yes_linear,False,6,linear_lags_none_sinusoidal_yes,0.263,0.0,3100.22,3112.902,False,False,False,0.702,0.249,0,1.0,,,,,,,,,,,1.0,1.0,0.794,0.307
Croplands_yearly_False_window_6_lags_1_sinusoidal_yes_linear,False,6,linear_lags_1_sinusoidal_yes,0.264,0.0,3085.596,3101.42,True,False,False,0.699,0.245,0,1.0,1.0,0.82,,,,,,,,,1.0,1.0,0.797,0.285
Croplands_yearly_False_window_6_lags_2_sinusoidal_yes_linear,False,6,linear_lags_2_sinusoidal_yes,0.275,0.0,3070.128,3085.923,True,False,False,0.684,0.231,0,1.0,,,1.0,0.457,,,,,,,1.0,1.0,0.603,0.169
Croplands_yearly_False_window_6_lags_3_sinusoidal_yes_linear,False,6,linear_lags_3_sinusoidal_yes,0.125,0.0,3153.858,3169.624,False,False,False,0.846,0.08,0,1.0,,,,,1.0,0.569,,,,,1.0,1.0,0.742,0.164
Croplands_yearly_False_window_6_lags_4_sinusoidal_yes_linear,False,6,linear_lags_4_sinusoidal_yes,0.268,0.0,3035.638,3051.376,True,False,False,0.704,0.204,0,1.0,,,,,,,1.0,0.945,,,1.0,1.0,0.77,0.26
Croplands_yearly_False_window_6_lags_5_sinusoidal_yes_linear,False,6,linear_lags_5_sinusoidal_yes,0.128,0.0,3119.289,3134.997,False,False,False,0.835,0.028,0,1.0,,,,,,,,,1.0,0.993,1.0,1.0,0.662,0.142
Croplands_yearly_True_window_6_lags_none_sinusoidal_no_linear,True,6,linear_lags_none_sinusoidal_no,0.552,0.0,615.607,618.934,True,False,False,0.216,0.53,0,1.0,,,,,,,,,,,,,,
Croplands_yearly_True_window_6_lags_1_sinusoidal_no_linear,True,6,linear_lags_1_sinusoidal_no,0.663,0.0,592.837,597.75,True,False,False,0.448,0.548,0,1.0,1.0,0.011,,,,,,,,,,,,
Croplands_yearly_True_window_6_lags_2_sinusoidal_no_linear,True,6,linear_lags_2_sinusoidal_no,0.698,0.0,573.845,578.678,True,False,False,0.366,0.591,0,1.0,,,1.0,0.002,,,,,,,,,,
Croplands_yearly_True_window_6_lags_3_sinusoidal_no_linear,True,6,linear_lags_3_sinusoidal_no,0.675,0.0,564.196,568.946,True,False,False,0.295,0.524,0,1.0,,,,,1.0,0.019,,,,,,,,
Croplands_yearly_True_window_6_lags_4_sinusoidal_no_linear,True,6,linear_lags_4_sinusoidal_no,0.656,0.0,550.901,555.567,True,False,False,0.231,0.514,0,1.0,,,,,,,1.0,0.026,,,,,,
Croplands_yearly_True_window_6_lags_5_sinusoidal_no_linear,True,6,linear_lags_5_sinusoidal_no,0.67,0.0,532.848,537.428,False,False,False,0.32,0.627,0,1.0,,,,,,,,,1.0,0.008,,,,
Croplands_yearly_True_window_6_lags_none_sinusoidal_yes_linear,True,6,linear_lags_none_sinusoidal_yes,0.556,0.0,619.275,625.93,True,False,False,0.229,0.518,0,1.0,,,,,,,,,,,1.0,1.0,0.593,0.935
Croplands_yearly_True_window_6_lags_1_sinusoidal_yes_linear,True,6,linear_lags_1_sinusoidal_yes,0.663,0.0,596.833,605.021,True,False,False,0.449,0.472,0,1.0,1.0,0.013,,,,,,,,,1.0,1.0,0.969,0.967
Croplands_yearly_True_window_6_lags_2_sinusoidal_yes_linear,True,6,linear_lags_2_sinusoidal_yes,0.7,0.0,577.625,585.679,True,False,False,0.366,0.435,0,1.0,,,1.0,0.002,,,,,,,1.0,1.0,0.762,0.756
Croplands_yearly_True_window_6_lags_3_sinusoidal_yes_linear,True,6,linear_lags_3_sinusoidal_yes,0.676,0.0,568.044,575.962,True,False,False,0.301,0.461,0,1.0,,,,,1.0,0.022,,,,,1.0,1.0,0.727,0.937
Croplands_yearly_True_window_6_lags_4_sinusoidal_yes_linear,True,6,linear_lags_4_sinusoidal_yes,0.66,0.0,554.475,562.252,True,False,False,0.243,0.431,0,1.0,,,,,,,1.0,0.031,,,1.0,1.0,0.619,0.737
Croplands_yearly_True_window_6_lags_5_sinusoidal_yes_linear,True,6,linear_lags_5_sinusoidal_yes,0.677,0.0,536.154,543.785,False,False,False,0.331,0.597,0,1.0,,,,,,,,,1.0,0.01,1.0,1.0,0.964,0.446
Croplands_yearly_False_window_7_lags_none_sinusoidal_no_linear,False,7,linear_lags_none_sinusoidal_no,0.3,0.0,3057.945,3064.286,False,False,False,0.568,0.291,0,1.0,,,,,,,,,,,,,,
Croplands_yearly_False_window_7_lags_1_sinusoidal_no_linear,False,7,linear_lags_1_sinusoidal_no,0.301,0.0,3043.405,3052.899,False,False,False,0.567,0.249,0,1.0,1.0,0.881,,,,,,,,,,,,
Croplands_yearly_False_window_7_lags_2_sinusoidal_no_linear,False,7,linear_lags_2_sinusoidal_no,0.309,0.0,3026.8,3036.278,True,False,False,0.55,0.284,0,1.0,,,1.0,0.489,,,,,,,,,,
Croplands_yearly_False_window_7_lags_3_sinusoidal_no_linear,False,7,linear_lags_3_sinusoidal_no,0.065,0.001,3164.354,3173.814,False,False,False,0.994,0.018,0,1.0,,,,,1.0,0.51,,,,,,,,
Croplands_yearly_False_window_7_lags_4_sinusoidal_no_linear,False,7,linear_lags_4_sinusoidal_no,0.302,0.0,2993.473,3002.915,False,False,False,0.558,0.284,0,1.0,,,,,,,1.0,0.823,,,,,,
Croplands_yearly_False_window_7_lags_5_sinusoidal_no_linear,False,7,linear_lags_5_sinusoidal_no,0.064,0.003,3127.881,3137.305,False,False,False,0.959,0.036,0,1.0,,,,,,,,,1.0,0.917,,,,
Croplands_yearly_False_window_7_lags_none_sinusoidal_yes_linear,False,7,linear_lags_none_sinusoidal_yes,0.305,0.0,3060.693,3073.375,False,False,False,0.574,0.28,0,1.0,,,,,,,,,,,1.0,1.0,0.924,0.271
Croplands_yearly_False_window_7_lags_1_sinusoidal_yes_linear,False,7,linear_lags_1_sinusoidal_yes,0.307,0.0,3045.911,3061.735,True,False,False,0.573,0.248,0,1.0,1.0,0.865,,,,,,,,,1.0,1.0,0.919,0.23
Croplands_yearly_False_window_7_lags_2_sinusoidal_yes_linear,False,7,linear_lags_2_sinusoidal_yes,0.318,0.0,3028.641,3044.436,True,False,False,0.555,0.272,0,1.0,,,1.0,0.467,,,,,,,1.0,1.0,0.916,0.15
Croplands_yearly_False_window_7_lags_3_sinusoidal_yes_linear,False,7,linear_lags_3_sinusoidal_yes,0.083,0.0,3165.019,3180.785,False,False,False,1.021,0.017,0,1.0,,,,,1.0,0.441,,,,,1.0,1.0,0.4,0.108
Croplands_yearly_False_window_7_lags_4_sinusoidal_yes_linear,False,7,linear_lags_4_sinusoidal_yes,0.307,0.0,2996.093,3011.83,True,False,False,0.561,0.271,0,1.0,,,,,,,1.0,0.881,,,1.0,1.0,0.924,0.249
Croplands_yearly_False_window_7_lags_5_sinusoidal_yes_linear,False,7,linear_lags_5_sinusoidal_yes,0.08,0.001,3128.876,3144.585,False,False,False,0.988,-0.025,0,1.0,,,,,,,,,1.0,0.974,1.0,1.0,0.356,0.147
Croplands_yearly_True_window_7_lags_none_sinusoidal_no_linear,True,7,linear_lags_none_sinusoidal_no,0.567,0.0,611.793,615.12,True,False,False,0.237,0.546,0,1.0,,,,,,,,,,,,,,
Croplands_yearly_True_window_7_lags_1_sinusoidal_no_linear,True,7,linear_lags_1_sinusoidal_no,0.654,0.0,589.991,594.904,True,False,False,0.503,0.603,0,1.0,1.0,0.007,,,,,,,,,,,,
Croplands_yearly_True_window_7_lags_2_sinusoidal_no_linear,True,7,linear_lags_2_sinusoidal_no,0.728,0.0,567.451,572.284,True,False,False,0.453,0.646,0,1.0,,,1.0,0.0,,,,,,,,,,
Croplands_yearly_True_window_7_lags_3_sinusoidal_no_linear,True,7,linear_lags_3_sinusoidal_no,0.7,0.0,557.386,562.137,True,True,False,0.407,0.554,0,1.0,,,,,1.0,0.002,,,,,,,,
Croplands_yearly_True_window_7_lags_4_sinusoidal_no_linear,True,7,linear_lags_4_sinusoidal_no,0.691,0.0,543.285,547.951,True,False,False,0.349,0.57,0,1.0,,,,,,,1.0,0.002,,,,,,
Croplands_yearly_True_window_7_lags_5_sinusoidal_no_linear,True,7,linear_lags_5_sinusoidal_no,0.746,0.0,521.726,526.305,True,False,False,0.417,0.72,0,1.0,,,,,,,,,1.0,0.0,,,,
Croplands_yearly_True_window_7_lags_none_sinusoidal_yes_linear,True,7,linear_lags_none_sinusoidal_yes,0.572,0.0,615.395,622.049,True,False,False,0.252,0.53,0,1.0,,,,,,,,,,,1.0,1.0,0.57,0.861
Croplands_yearly_True_window_7_lags_1_sinusoidal_yes_linear,True,7,linear_lags_1_sinusoidal_yes,0.655,0.0,593.907,602.095,True,False,False,0.506,0.56,0,1.0,1.0,0.009,,,,,,,,,1.0,1.0,0.881,0.824
Croplands_yearly_True_window_7_lags_2_sinusoidal_yes_linear,True,7,linear_lags_2_sinusoidal_yes,0.729,0.0,571.313,579.368,True,False,False,0.448,0.556,0,1.0,,,1.0,0.0,,,,,,,1.0,1.0,0.965,0.734
Croplands_yearly_True_window_7_lags_3_sinusoidal_yes_linear,True,7,linear_lags_3_sinusoidal_yes,0.701,0.0,561.334,569.251,True,False,False,0.413,0.496,0,1.0,,,,,1.0,0.003,,,,,1.0,1.0,0.862,0.906
Croplands_yearly_True_window_7_lags_4_sinusoidal_yes_linear,True,7,linear_lags_4_sinusoidal_yes,0.693,0.0,547.028,554.804,True,False,False,0.363,0.535,0,1.0,,,,,,,1.0,0.002,,,1.0,1.0,0.643,0.968
Croplands_yearly_True_window_7_lags_5_sinusoidal_yes_linear,True,7,linear_lags_5_sinusoidal_yes,0.748,0.0,525.529,533.161,True,False,False,0.426,0.715,0,1.0,,,,,,,,,1.0,0.0,1.0,1.0,0.96,0.687
Croplands_yearly_False_window_8_lags_none_sinusoidal_no_linear,False,8,linear_lags_none_sinusoidal_no,0.318,0.0,3035.357,3041.698,False,False,False,0.581,0.307,0,1.0,,,,,,,,,,,,,,
Croplands_yearly_False_window_8_lags_1_sinusoidal_no_linear,False,8,linear_lags_1_sinusoidal_no,0.318,0.0,3020.972,3030.466,False,True,False,0.58,0.306,0,1.0,1.0,0.963,,,,,,,,,,,,
Croplands_yearly_False_window_8_lags_2_sinusoidal_no_linear,False,8,linear_lags_2_sinusoidal_no,0.326,0.0,3005.099,3014.576,False,True,False,0.569,0.314,0,1.0,,,1.0,0.679,,,,,,,,,,
Croplands_yearly_False_window_8_lags_3_sinusoidal_no_linear,False,8,linear_lags_3_sinusoidal_no,0.114,0.0,3103.409,3112.869,False,False,False,0.85,0.104,0,1.0,,,,,1.0,0.472,,,,,,,,
Croplands_yearly_False_window_8_lags_4_sinusoidal_no_linear,False,8,linear_lags_4_sinusoidal_no,0.32,0.0,2971.566,2981.008,False,True,False,0.586,0.298,0,1.0,,,,,,,1.0,0.604,,,,,,
Croplands_yearly_False_window_8_lags_5_sinusoidal_no_linear,False,8,linear_lags_5_sinusoidal_no,0.116,0.0,3069.093,3078.518,False,False,False,0.836,0.09,0,1.0,,,,,,,,,1.0,0.724,,,,
Croplands_yearly_False_window_8_lags_none_sinusoidal_yes_linear,False,8,linear_lags_none_sinusoidal_yes,0.324,0.0,3037.702,3050.384,False,False,False,0.585,0.289,0,1.0,,,,,,,,,,,1.0,1.0,0.863,0.208
Croplands_yearly_False_window_8_lags_1_sinusoidal_yes_linear,False,8,linear_lags_1_sinusoidal_yes,0.326,0.0,3023.039,3038.863,False,False,False,0.581,0.289,0,1.0,1.0,0.939,,,,,,,,,1.0,1.0,0.858,0.174
Croplands_yearly_False_window_8_lags_2_sinusoidal_yes_linear,False,8,linear_lags_2_sinusoidal_yes,0.335,0.0,3006.588,3022.383,False,False,False,0.569,0.294,0,1.0,,,1.0,0.644,,,,,,,1.0,1.0,0.903,0.121
Croplands_yearly_False_window_8_lags_3_sinusoidal_yes_linear,False,8,linear_lags_3_sinusoidal_yes,0.128,0.0,3104.717,3120.483,False,False,False,0.852,0.081,0,1.0,,,,,1.0,0.415,,,,,1.0,1.0,0.707,0.115
Croplands_yearly_False_window_8_lags_4_sinusoidal_yes_linear,False,8,linear_lags_4_sinusoidal_yes,0.327,0.0,2973.898,2989.635,False,False,False,0.587,0.285,0,1.0,,,,,,,1.0,0.665,,,1.0,1.0,0.874,0.207
Croplands_yearly_False_window_8_lags_5_sinusoidal_yes_linear,False,8,linear_lags_5_sinusoidal_yes,0.129,0.0,3070.51,3086.218,False,False,False,0.838,0.025,0,1.0,,,,,,,,,1.0,0.636,1.0,1.0,0.746,0.121
Croplands_yearly_True_window_8_lags_none_sinusoidal_no_linear,True,8,linear_lags_none_sinusoidal_no,0.597,0.0,603.494,606.821,True,False,False,0.18,0.577,0,1.0,,,,,,,,,,,,,,
Croplands_yearly_True_window_8_lags_1_sinusoidal_no_linear,True,8,linear_lags_1_sinusoidal_no,0.672,0.0,582.296,587.209,True,False,False,0.419,0.595,0,1.0,1.0,0.011,,,,,,,,,,,,
Croplands_yearly_True_window_8_lags_2_sinusoidal_no_linear,True,8,linear_lags_2_sinusoidal_no,0.752,0.0,558.713,563.546,True,False,False,0.387,0.616,0,1.0,,,1.0,0.0,,,,,,,,,,
Croplands_yearly_True_window_8_lags_3_sinusoidal_no_linear,True,8,linear_lags_3_sinusoidal_no,0.72,0.0,549.856,554.606,True,False,False,0.314,0.588,0,1.0,,,,,1.0,0.002,,,,,,,,
Croplands_yearly_True_window_8_lags_4_sinusoidal_no_linear,True,8,linear_lags_4_sinusoidal_no,0.704,0.0,536.716,541.382,True,False,False,0.276,0.571,0,1.0,,,,,,,1.0,0.003,,,,,,
Croplands_yearly_True_window_8_lags_5_sinusoidal_no_linear,True,8,linear_lags_5_sinusoidal_no,0.773,0.0,512.768,517.347,True,False,False,0.432,0.742,0,1.0,,,,,,,,,1.0,0.0,,,,
Croplands_yearly_True_window_8_lags_none_sinusoidal_yes_linear,True,8,linear_lags_none_sinusoidal_yes,0.606,0.0,606.666,613.32,True,False,False,0.191,0.569,0,1.0,,,,,,,,,,,1.0,1.0,0.466,0.652
Croplands_yearly_True_window_8_lags_1_sinusoidal_yes_linear,True,8,linear_lags_1_sinusoidal_yes,0.673,0.0,586.196,594.384,True,False,False,0.432,0.537,0,1.0,1.0,0.013,,,,,,,,,1.0,1.0,0.771,0.98
Croplands_yearly_True_window_8_lags_2_sinusoidal_yes_linear,True,8,linear_lags_2_sinusoidal_yes,0.755,0.0,562.243,570.297,True,False,False,0.4,0.531,0,1.0,,,1.0,0.0,,,,,,,1.0,1.0,0.527,0.993
Croplands_yearly_True_window_8_lags_3_sinusoidal_yes_linear,True,8,linear_lags_3_sinusoidal_yes,0.724,0.0,553.37,561.288,True,False,False,0.323,0.522,0,1.0,,,,,1.0,0.003,,,,,1.0,1.0,0.958,0.523
Croplands_yearly_True_window_8_lags_4_sinusoidal_yes_linear,True,8,linear_lags_4_sinusoidal_yes,0.709,0.0,540.101,547.877,True,False,False,0.281,0.515,0,1.0,,,,,,,1.0,0.004,,,1.0,1.0,0.684,0.552
Croplands_yearly_True_window_8_lags_5_sinusoidal_yes_linear,True,8,linear_lags_5_sinusoidal_yes,0.776,0.0,516.265,523.896,True,False,False,0.418,0.74,0,1.0,,,,,,,,,1.0,0.0,1.0,1.0,0.768,0.562
Croplands_yearly_False_window_9_lags_none_sinusoidal_no_linear,False,9,linear_lags_none_sinusoidal_no,0.344,0.0,3012.559,3018.9,False,True,False,0.49,0.339,0,1.0,,,,,,,,,,,,,,
Croplands_yearly_False_window_9_lags_1_sinusoidal_no_linear,False,9,linear_lags_1_sinusoidal_no,0.346,0.0,2997.955,3007.449,False,True,False,0.504,0.313,0,1.0,1.0,0.448,,,,,,,,,,,,
Croplands_yearly_False_window_9_lags_2_sinusoidal_no_linear,False,9,linear_lags_2_sinusoidal_no,0.349,0.0,2982.732,2992.209,True,True,False,0.491,0.325,0,1.0,,,1.0,0.78,,,,,,,,,,
Croplands_yearly_False_window_9_lags_3_sinusoidal_no_linear,False,9,linear_lags_3_sinusoidal_no,0.079,0.0,3119.883,3129.343,False,False,False,0.706,0.072,0,1.0,,,,,1.0,0.454,,,,,,,,
Croplands_yearly_False_window_9_lags_4_sinusoidal_no_linear,False,9,linear_lags_4_sinusoidal_no,0.35,0.0,2948.137,2957.58,False,True,False,0.496,0.329,0,1.0,,,,,,,1.0,0.35,,,,,,
Croplands_yearly_False_window_9_lags_5_sinusoidal_no_linear,False,9,linear_lags_5_sinusoidal_no,0.086,0.0,3084.533,3093.958,False,False,False,0.695,0.071,0,1.0,,,,,,,,,1.0,0.348,,,,
Croplands_yearly_False_window_9_lags_none_sinusoidal_yes_linear,False,9,linear_lags_none_sinusoidal_yes,0.351,0.0,3014.738,3027.42,False,False,False,0.498,0.322,0,1.0,,,,,,,,,,,1.0,1.0,0.877,0.185
Croplands_yearly_False_window_9_lags_1_sinusoidal_yes_linear,False,9,linear_lags_1_sinusoidal_yes,0.351,0.0,3000.433,3016.257,False,False,False,0.507,0.278,0,1.0,1.0,0.461,,,,,,,,,1.0,1.0,0.917,0.226
Croplands_yearly_False_window_9_lags_2_sinusoidal_yes_linear,False,9,linear_lags_2_sinusoidal_yes,0.357,0.0,2984.559,3000.355,True,False,False,0.492,0.313,0,1.0,,,1.0,0.807,,,,,,,1.0,1.0,0.907,0.149
Croplands_yearly_False_window_9_lags_3_sinusoidal_yes_linear,False,9,linear_lags_3_sinusoidal_yes,0.087,0.0,3122.208,3137.975,False,False,False,0.722,0.052,0,1.0,,,,,1.0,0.418,,,,,1.0,1.0,0.845,0.207
Croplands_yearly_False_window_9_lags_4_sinusoidal_yes_linear,False,9,linear_lags_4_sinusoidal_yes,0.356,0.0,2950.584,2966.321,False,False,False,0.496,0.328,0,1.0,,,,,,,1.0,0.39,,,1.0,1.0,0.905,0.222
Croplands_yearly_False_window_9_lags_5_sinusoidal_yes_linear,False,9,linear_lags_5_sinusoidal_yes,0.099,0.0,3086.025,3101.733,False,False,False,0.711,0.044,0,1.0,,,,,,,,,1.0,0.297,1.0,1.0,0.892,0.12
Croplands_yearly_True_window_9_lags_none_sinusoidal_no_linear,True,9,linear_lags_none_sinusoidal_no,0.619,0.0,598.743,602.07,True,False,False,0.172,0.601,0,1.0,,,,,,,,,,,,,,
Croplands_yearly_True_window_9_lags_1_sinusoidal_no_linear,True,9,linear_lags_1_sinusoidal_no,0.739,0.0,570.828,575.741,True,True,False,0.55,0.71,0,1.0,1.0,0.0,,,,,,,,,,,,
Croplands_yearly_True_window_9_lags_2_sinusoidal_no_linear,True,9,linear_lags_2_sinusoidal_no,0.79,0.0,549.209,554.042,True,True,False,0.536,0.737,0,1.0,,,1.0,0.0,,,,,,,,,,
Croplands_yearly_True_window_9_lags_3_sinusoidal_no_linear,True,9,linear_lags_3_sinusoidal_no,0.767,0.0,539.374,544.124,True,True,False,0.481,0.692,0,1.0,,,,,1.0,0.0,,,,,,,,
Croplands_yearly_True_window_9_lags_4_sinusoidal_no_linear,True,9,linear_lags_4_sinusoidal_no,0.774,0.0,524.292,528.958,True,True,False,0.39,0.701,0,1.0,,,,,,,1.0,0.0,,,,,,
Croplands_yearly_True_window_9_lags_5_sinusoidal_no_linear,True,9,linear_lags_5_sinusoidal_no,0.85,0.0,495.983,500.563,True,True,False,0.656,0.834,0,1.0,,,,,,,,,1.0,0.0,,,,
Croplands_yearly_True_window_9_lags_none_sinusoidal_yes_linear,True,9,linear_lags_none_sinusoidal_yes,0.626,0.0,602.044,608.699,True,False,False,0.179,0.595,0,1.0,,,,,,,,,,,1.0,1.0,0.527,0.639
Croplands_yearly_True_window_9_lags_1_sinusoidal_yes_linear,True,9,linear_lags_1_sinusoidal_yes,0.742,0.0,574.381,582.569,True,True,False,0.583,0.656,0,1.0,1.0,0.0,,,,,,,,,1.0,1.0,0.622,0.708
Croplands_yearly_True_window_9_lags_2_sinusoidal_yes_linear,True,9,linear_lags_2_sinusoidal_yes,0.797,0.0,552.04,560.094,False,True,False,0.57,0.649,0,1.0,,,1.0,0.0,,,,,,,1.0,1.0,0.345,0.744
Croplands_yearly_True_window_9_lags_3_sinusoidal_yes_linear,True,9,linear_lags_3_sinusoidal_yes,0.773,0.0,542.479,550.397,True,True,False,0.495,0.637,0,1.0,,,,,1.0,0.0,,,,,1.0,1.0,0.515,0.561
Croplands_yearly_True_window_9_lags_4_sinusoidal_yes_linear,True,9,linear_lags_4_sinusoidal_yes,0.781,0.0,527.259,535.036,True,False,False,0.381,0.648,0,1.0,,,,,,,1.0,0.0,,,1.0,1.0,0.754,0.378
Croplands_yearly_True_window_9_lags_5_sinusoidal_yes_linear,True,9,linear_lags_5_sinusoidal_yes,0.863,0.0,496.891,504.522,True,False,False,0.658,0.853,0,1.0,,,,,,,,,1.0,0.0,1.0,1.0,0.512,0.138
Croplands_yearly_False_window_10_lags_none_sinusoidal_no_linear,False,10,linear_lags_none_sinusoidal_no,0.357,0.0,2994.993,3001.334,False,True,False,0.477,0.354,0,1.0,,,,,,,,,,,,,,
Croplands_yearly_False_window_10_lags_1_sinusoidal_no_linear,False,10,linear_lags_1_sinusoidal_no,0.364,0.0,2979.004,2988.498,False,True,False,0.513,0.343,0,1.0,1.0,0.153,,,,,,,,,,,,
Croplands_yearly_False_window_10_lags_2_sinusoidal_no_linear,False,10,linear_lags_2_sinusoidal_no,0.368,0.0,2964.031,2973.508,True,True,False,0.495,0.31,0,1.0,,,1.0,0.207,,,,,,,,,,
Croplands_yearly_False_window_10_lags_3_sinusoidal_no_linear,False,10,linear_lags_3_sinusoidal_no,0.112,0.0,3072.478,3081.938,False,False,False,0.677,0.082,0,1.0,,,,,1.0,0.779,,,,,,,,
Croplands_yearly_False_window_10_lags_4_sinusoidal_no_linear,False,10,linear_lags_4_sinusoidal_no,0.366,0.0,2930.561,2940.004,False,True,False,0.485,0.343,0,1.0,,,,,,,1.0,0.242,,,,,,
Croplands_yearly_False_window_10_lags_5_sinusoidal_no_linear,False,10,linear_lags_5_sinusoidal_no,0.12,0.0,3037.551,3046.976,False,False,False,0.665,0.096,0,1.0,,,,,,,,,1.0,0.483,,,,
Croplands_yearly_False_window_10_lags_none_sinusoidal_yes_linear,False,10,linear_lags_none_sinusoidal_yes,0.364,0.0,2997.136,3009.818,False,False,False,0.485,0.345,0,1.0,,,,,,,,,,,1.0,1.0,0.887,0.181
Croplands_yearly_False_window_10_lags_1_sinusoidal_yes_linear,False,10,linear_lags_1_sinusoidal_yes,0.369,0.0,2981.677,2997.501,False,False,False,0.514,0.316,0,1.0,1.0,0.161,,,,,,,,,1.0,1.0,0.923,0.258
Croplands_yearly_False_window_10_lags_2_sinusoidal_yes_linear,False,10,linear_lags_2_sinusoidal_yes,0.373,0.0,2966.517,2982.312,True,False,False,0.496,0.302,0,1.0,,,1.0,0.221,,,,,,,1.0,1.0,0.89,0.23
Croplands_yearly_False_window_10_lags_3_sinusoidal_yes_linear,False,10,linear_lags_3_sinusoidal_yes,0.119,0.0,3075.14,3090.906,False,False,False,0.685,0.078,0,1.0,,,,,1.0,0.744,,,,,1.0,1.0,0.85,0.263
Croplands_yearly_False_window_10_lags_4_sinusoidal_yes_linear,False,10,linear_lags_4_sinusoidal_yes,0.371,0.0,2933.113,2948.85,False,False,False,0.487,0.339,0,1.0,,,,,,,1.0,0.275,,,1.0,1.0,0.863,0.24
Croplands_yearly_False_window_10_lags_5_sinusoidal_yes_linear,False,10,linear_lags_5_sinusoidal_yes,0.132,0.0,3039.339,3055.047,False,False,False,0.675,0.079,0,1.0,,,,,,,,,1.0,0.429,1.0,1.0,0.8,0.15
Croplands_yearly_True_window_10_lags_none_sinusoidal_no_linear,True,10,linear_lags_none_sinusoidal_no,0.636,0.0,592.9,596.227,True,False,False,0.164,0.619,0,1.0,,,,,,,,,,,,,,
Croplands_yearly_True_window_10_lags_1_sinusoidal_no_linear,True,10,linear_lags_1_sinusoidal_no,0.736,0.0,567.126,572.038,True,True,False,0.648,0.703,0,1.0,1.0,0.0,,,,,,,,,,,,
Croplands_yearly_True_window_10_lags_2_sinusoidal_no_linear,True,10,linear_lags_2_sinusoidal_no,0.813,0.0,541.018,545.85,True,True,False,0.531,0.788,0,1.0,,,1.0,0.0,,,,,,,,,,
Croplands_yearly_True_window_10_lags_3_sinusoidal_no_linear,True,10,linear_lags_3_sinusoidal_no,0.786,0.0,532.707,537.458,True,True,False,0.414,0.706,0,1.0,,,,,1.0,0.0,,,,,,,,
Croplands_yearly_True_window_10_lags_4_sinusoidal_no_linear,True,10,linear_lags_4_sinusoidal_no,0.777,0.0,520.304,524.97,True,True,False,0.369,0.639,0,1.0,,,,,,,1.0,0.0,,,,,,
Croplands_yearly_True_window_10_lags_5_sinusoidal_no_linear,True,10,linear_lags_5_sinusoidal_no,0.866,0.0,488.405,492.984,True,True,False,0.628,0.835,0,1.0,,,,,,,,,1.0,0.0,,,,
Croplands_yearly_True_window_10_lags_none_sinusoidal_yes_linear,True,10,linear_lags_none_sinusoidal_yes,0.645,0.0,595.877,602.531,True,False,False,0.176,0.614,0,1.0,,,,,,,,,,,1.0,1.0,0.391,0.681
Croplands_yearly_True_window_10_lags_1_sinusoidal_yes_linear,True,10,linear_lags_1_sinusoidal_yes,0.739,0.0,570.751,578.939,True,True,False,0.701,0.667,0,1.0,1.0,0.0,,,,,,,,,1.0,1.0,0.578,0.921
Croplands_yearly_True_window_10_lags_2_sinusoidal_yes_linear,True,10,linear_lags_2_sinusoidal_yes,0.825,0.0,542.645,550.699,True,True,False,0.615,0.706,0,1.0,,,1.0,0.0,,,,,,,1.0,1.0,0.165,0.75
Croplands_yearly_True_window_10_lags_3_sinusoidal_yes_linear,True,10,linear_lags_3_sinusoidal_yes,0.798,0.0,534.595,542.513,True,True,False,0.441,0.651,0,1.0,,,,,1.0,0.0,,,,,1.0,1.0,0.517,0.24
Croplands_yearly_True_window_10_lags_4_sinusoidal_yes_linear,True,10,linear_lags_4_sinusoidal_yes,0.792,0.0,521.926,529.702,True,True,False,0.371,0.536,0,1.0,,,,,,,1.0,0.0,,,1.0,1.0,0.885,0.159
Croplands_yearly_True_window_10_lags_5_sinusoidal_yes_linear,True,10,linear_lags_5_sinusoidal_yes,0.889,0.0,485.833,493.465,True,True,False,0.631,0.862,0,1.0,,,,,,,,,1.0,0.0,1.0,1.0,0.549,0.022
