analysis_name,yearly_aggregate,window_size,config_type,r_squared,p_value,aic,bic,is_normal,is_homoscedastic,no_autocorrelation,durbin_watson,cv_r2_score,cv_r2_std,vif_PPT,vif_spline_0,vif_spline_1,vif_spline_2,p_value_spline_0,p_value_spline_1,p_value_spline_2,knots,vif_ortho_PPT_lag1,p_value_lag1,vif_ortho_PPT_lag2,p_value_lag2,vif_ortho_PPT_lag3,p_value_lag3,vif_ortho_PPT_lag4,p_value_lag4,vif_ortho_PPT_lag7,p_value_lag7,vif_ortho_sin_cycle,vif_ortho_cos_cycle,p_value_sin,p_value_cos
Croplands_cluster_0_yearly_False_window_1_lags_none_sinusoidal_no_spline,False,1,spline_lags_none_sinusoidal_no,0.124,0.023,1034.733,1044.585,False,True,True,2.232,-0.539,0,1.0,1.0,1.0,1.0,0.884,0.486,0.382,"[np.float64(229.8), np.float64(427.3886), np.float64(501.5684), np.float64(561.964), np.float64(642.8232)]",,,,,,,,,,,,,,
Croplands_cluster_0_yearly_False_window_1_lags_1_sinusoidal_no_spline,False,1,spline_lags_1_sinusoidal_no,0.28,0.65,1007.289,1018.996,False,True,True,2.247,0.025,0,1.0,1.072,1.175,1.0,0.363,0.802,0.18,"[np.float64(229.8), np.float64(425.7848), np.float64(522.199), np.float64(565.82465), np.float64(642.8232)]",1.248,0.004,,,,,,,,,,,,
Croplands_cluster_0_yearly_False_window_1_lags_2_sinusoidal_no_spline,False,1,spline_lags_2_sinusoidal_no,0.143,0.045,997.203,1008.794,False,True,True,2.086,-0.037,0,1.0,1.07,1.138,1.001,0.725,0.521,0.288,"[np.float64(229.8), np.float64(446.1), np.float64(522.199), np.float64(566.0465), np.float64(642.8232)]",,,1.209,0.571,,,,,,,,,,
Croplands_cluster_0_yearly_False_window_1_lags_3_sinusoidal_no_spline,False,1,spline_lags_3_sinusoidal_no,0.136,0.03,978.729,990.201,False,True,True,2.16,-0.203,0,1.0,1.012,1.112,1.018,0.596,0.599,0.325,"[np.float64(229.8), np.float64(421.3362), np.float64(522.199), np.float64(566.26835), np.float64(642.8232)]",,,,,1.142,0.599,,,,,,,,
Croplands_cluster_0_yearly_False_window_1_lags_4_sinusoidal_no_spline,False,1,spline_lags_4_sinusoidal_no,0.189,0.682,956.719,968.07,False,True,True,1.94,-0.378,0,1.0,1.068,1.215,1.011,0.529,0.529,0.478,"[np.float64(229.8), np.float64(418.4914), np.float64(522.199), np.float64(567.7358), np.float64(642.8232)]",,,,,,,1.295,0.064,,,,,,
Croplands_cluster_0_yearly_False_window_1_lags_7_sinusoidal_no_spline,False,1,spline_lags_7_sinusoidal_no,0.17,0.354,900.051,911.023,False,True,True,2.181,-0.096,0,1.0,1.005,1.367,1.0,0.841,0.407,0.357,"[np.float64(229.8), np.float64(424.181), np.float64(522.199), np.float64(566.16975), np.float64(642.8232)]",,,,,,,,,1.372,0.239,,,,
Croplands_cluster_0_yearly_False_window_1_lags_none_sinusoidal_yes_spline,False,1,spline_lags_none_sinusoidal_yes,0.151,0.014,1037.107,1050.899,False,True,True,2.251,-0.935,0,1.0,1.002,1.151,1.006,0.856,0.628,0.337,"[np.float64(229.8), np.float64(427.3886), np.float64(501.5684), np.float64(561.964), np.float64(642.8232)]",,,,,,,,,,,1.008,1.151,0.874,0.239
Croplands_cluster_0_yearly_False_window_1_lags_1_sinusoidal_yes_spline,False,1,spline_lags_1_sinusoidal_yes,0.314,0.852,1008.82,1024.43,False,True,True,2.178,-0.118,0,1.0,1.078,1.267,1.208,0.405,0.918,0.079,"[np.float64(229.8), np.float64(425.7848), np.float64(522.199), np.float64(565.82465), np.float64(642.8232)]",1.265,0.012,,,,,,,,,1.18,1.108,0.286,0.298
Croplands_cluster_0_yearly_False_window_1_lags_2_sinusoidal_yes_spline,False,1,spline_lags_2_sinusoidal_yes,0.161,0.035,1000.151,1015.605,False,True,True,2.088,-0.172,0,1.0,1.078,1.205,1.029,0.773,0.606,0.38,"[np.float64(229.8), np.float64(446.1), np.float64(522.199), np.float64(566.0465), np.float64(642.8232)]",,,1.221,0.457,,,,,,,1.005,1.086,0.858,0.355
Croplands_cluster_0_yearly_False_window_1_lags_3_sinusoidal_yes_spline,False,1,spline_lags_3_sinusoidal_yes,0.165,0.023,981.045,996.341,False,True,True,2.191,-0.221,0,1.0,1.019,1.166,1.061,0.642,0.717,0.305,"[np.float64(229.8), np.float64(421.3362), np.float64(522.199), np.float64(566.26835), np.float64(642.8232)]",,,,,1.15,0.497,,,,,1.041,1.055,0.943,0.238
Croplands_cluster_0_yearly_False_window_1_lags_4_sinusoidal_yes_spline,False,1,spline_lags_4_sinusoidal_yes,0.211,0.585,959.386,974.52,False,True,True,1.991,-0.437,0,1.0,1.074,1.306,1.012,0.56,0.628,0.473,"[np.float64(229.8), np.float64(418.4914), np.float64(522.199), np.float64(567.7358), np.float64(642.8232)]",,,,,,,1.314,0.118,,,1.014,1.064,0.78,0.325
Croplands_cluster_0_yearly_False_window_1_lags_7_sinusoidal_yes_spline,False,1,spline_lags_7_sinusoidal_yes,0.181,0.28,903.436,918.065,False,True,True,2.184,-0.345,0,1.0,1.01,1.491,1.028,0.828,0.503,0.427,"[np.float64(229.8), np.float64(424.181), np.float64(522.199), np.float64(566.16975), np.float64(642.8232)]",,,,,,,,,1.407,0.392,1.015,1.107,0.987,0.48
Croplands_cluster_0_yearly_True_window_1_lags_none_sinusoidal_no_spline,True,1,spline_lags_none_sinusoidal_no,0.159,0.091,507.052,513.713,True,True,True,2.11,-1.314,0,1.0,1.0,1.0,1.0,0.174,0.46,0.506,"[np.float64(229.8), np.float64(463.7184), np.float64(543.4184), np.float64(566.0465), np.float64(642.8232)]",,,,,,,,,,,,,,
Croplands_cluster_0_yearly_True_window_1_lags_1_sinusoidal_no_spline,True,1,spline_lags_1_sinusoidal_no,0.203,0.506,490.473,498.248,True,True,True,2.134,-0.69,0,1.0,1.144,1.152,1.042,0.165,0.629,0.23,"[np.float64(229.8), np.float64(460.862), np.float64(543.0978), np.float64(571.76), np.float64(642.8232)]",1.339,0.567,,,,,,,,,,,,
Croplands_cluster_0_yearly_True_window_1_lags_2_sinusoidal_no_spline,True,1,spline_lags_2_sinusoidal_no,0.232,0.566,472.503,480.051,True,True,True,2.134,-5.562,0,1.0,1.025,1.057,1.006,0.212,0.78,0.317,"[np.float64(229.8), np.float64(451.3), np.float64(538.18225), np.float64(574.55), np.float64(642.8232)]",,,1.088,0.364,,,,,,,,,,
Croplands_cluster_0_yearly_True_window_1_lags_3_sinusoidal_no_spline,True,1,spline_lags_3_sinusoidal_no,0.163,0.312,455.806,463.119,True,True,True,2.144,-1.148,0,1.0,1.191,1.075,1.057,0.138,0.821,0.827,"[np.float64(229.8), np.float64(445.8762), np.float64(550.704), np.float64(577.3072), np.float64(642.8232)]",,,,,1.323,0.828,,,,,,,,
Croplands_cluster_0_yearly_True_window_1_lags_4_sinusoidal_no_spline,True,1,spline_lags_4_sinusoidal_no,0.257,0.196,436.143,443.211,False,True,True,2.031,-162.673,0,1.0,1.077,1.194,1.003,0.193,0.474,0.155,"[np.float64(229.8), np.float64(479.986), np.float64(544.1095), np.float64(565.97255), np.float64(642.8232)]",,,,,,,1.274,0.949,,,,,,
Croplands_cluster_0_yearly_True_window_1_lags_7_sinusoidal_no_spline,True,1,spline_lags_7_sinusoidal_no,0.487,0.238,376.391,382.658,True,True,True,2.027,-174.15,0,1.0,1.17,1.193,1.014,0.11,0.847,0.011,"[np.float64(229.8), np.float64(451.3), np.float64(555.5), np.float64(576.1), np.float64(642.8232)]",,,,,,,,,1.376,0.884,,,,
Croplands_cluster_0_yearly_True_window_1_lags_none_sinusoidal_yes_spline,True,1,spline_lags_none_sinusoidal_yes,0.184,0.176,510.213,519.538,True,False,True,2.013,-3.119,0,1.0,1.048,1.121,1.043,0.204,0.469,0.556,"[np.float64(229.8), np.float64(463.7184), np.float64(543.4184), np.float64(566.0465), np.float64(642.8232)]",,,,,,,,,,,1.016,1.195,0.501,0.717
Croplands_cluster_0_yearly_True_window_1_lags_1_sinusoidal_yes_spline,True,1,spline_lags_1_sinusoidal_yes,0.235,0.771,493.382,503.748,True,True,True,2.036,-1.636,0,1.0,1.145,1.168,1.128,0.185,0.661,0.307,"[np.float64(229.8), np.float64(460.862), np.float64(543.0978), np.float64(571.76), np.float64(642.8232)]",1.34,0.439,,,,,,,,,1.097,1.005,0.48,0.595
Croplands_cluster_0_yearly_True_window_1_lags_2_sinusoidal_yes_spline,True,1,spline_lags_2_sinusoidal_yes,0.237,0.587,476.309,486.374,True,True,True,2.104,-9.889,0,1.0,1.052,1.113,1.044,0.226,0.757,0.36,"[np.float64(229.8), np.float64(451.3), np.float64(538.18225), np.float64(574.55), np.float64(642.8232)]",,,1.093,0.434,,,,,,,1.089,1.028,0.9,0.739
Croplands_cluster_0_yearly_True_window_1_lags_3_sinusoidal_yes_spline,True,1,spline_lags_3_sinusoidal_yes,0.195,0.712,458.837,468.588,True,True,True,2.044,-2.856,0,1.0,1.237,1.143,1.098,0.149,0.861,0.896,"[np.float64(229.8), np.float64(445.8762), np.float64(550.704), np.float64(577.3072), np.float64(642.8232)]",,,,,1.339,0.609,,,,,1.02,1.12,0.602,0.518
Croplands_cluster_0_yearly_True_window_1_lags_4_sinusoidal_yes_spline,True,1,spline_lags_4_sinusoidal_yes,0.262,0.237,439.966,449.391,False,True,True,1.985,-76.73,0,1.0,1.086,1.209,1.135,0.229,0.494,0.231,"[np.float64(229.8), np.float64(479.986), np.float64(544.1095), np.float64(565.97255), np.float64(642.8232)]",,,,,,,1.279,0.933,,,1.112,1.04,0.927,0.742
Croplands_cluster_0_yearly_True_window_1_lags_7_sinusoidal_yes_spline,True,1,spline_lags_7_sinusoidal_yes,0.545,0.297,377.856,386.212,False,True,True,2.04,-1130.291,0,1.0,1.197,1.196,1.188,0.092,0.854,0.009,"[np.float64(229.8), np.float64(451.3), np.float64(555.5), np.float64(576.1), np.float64(642.8232)]",,,,,,,,,1.387,0.761,1.188,1.005,0.263,0.601
Croplands_cluster_0_yearly_False_window_2_lags_none_sinusoidal_no_spline,False,2,spline_lags_none_sinusoidal_no,0.111,0.035,991.937,1001.789,False,True,False,1.177,-0.045,0,1.0,1.0,1.0,1.0,0.638,0.205,0.397,"[np.float64(397.79999999999995), np.float64(478.423), np.float64(528.9313), np.float64(569.9), np.float64(642.8232)]",,,,,,,,,,,,,,
Croplands_cluster_0_yearly_False_window_2_lags_1_sinusoidal_no_spline,False,2,spline_lags_1_sinusoidal_no,0.236,0.734,968.348,980.056,False,True,False,0.988,-0.099,0,1.0,1.015,1.098,1.002,0.793,0.361,0.816,"[np.float64(397.79999999999995), np.float64(478.264), np.float64(529.65479), np.float64(570.16665), np.float64(642.8232)]",1.115,0.006,,,,,,,,,,,,
Croplands_cluster_0_yearly_False_window_2_lags_2_sinusoidal_no_spline,False,2,spline_lags_2_sinusoidal_no,0.115,0.298,957.824,969.415,False,True,False,1.254,-0.35,0,1.0,1.017,1.062,1.009,0.521,0.396,0.623,"[np.float64(397.79999999999995), np.float64(478.105), np.float64(528.2065), np.float64(560.2755), np.float64(642.8232)]",,,1.088,0.566,,,,,,,,,,
Croplands_cluster_0_yearly_False_window_2_lags_3_sinusoidal_no_spline,False,2,spline_lags_3_sinusoidal_no,0.092,0.096,941.631,953.104,False,True,False,1.205,-0.772,0,1.0,1.044,1.113,1.006,0.848,0.311,0.762,"[np.float64(397.79999999999995), np.float64(477.3835), np.float64(533.98001), np.float64(570.69995), np.float64(642.8232)]",,,,,1.164,0.962,,,,,,,,
Croplands_cluster_0_yearly_False_window_2_lags_4_sinusoidal_no_spline,False,2,spline_lags_4_sinusoidal_no,0.127,0.423,925.429,936.779,False,True,False,1.088,-0.21,0,1.0,1.024,1.357,1.001,0.613,0.341,0.921,"[np.float64(397.79999999999995), np.float64(466.5565), np.float64(522.199), np.float64(566.0502), np.float64(642.8232)]",,,,,,,1.383,0.328,,,,,,
Croplands_cluster_0_yearly_False_window_2_lags_7_sinusoidal_no_spline,False,2,spline_lags_7_sinusoidal_no,0.236,0.566,860.995,871.967,False,True,False,1.268,-0.253,0,1.0,1.0,1.225,1.011,0.393,0.103,0.616,"[np.float64(397.79999999999995), np.float64(478.37), np.float64(525.20275), np.float64(565.08775), np.float64(642.8232)]",,,,,,,,,1.237,0.008,,,,
Croplands_cluster_0_yearly_False_window_2_lags_none_sinusoidal_yes_spline,False,2,spline_lags_none_sinusoidal_yes,0.134,0.032,994.566,1008.358,False,True,False,1.262,-0.122,0,1.0,1.019,1.145,1.024,0.552,0.331,0.437,"[np.float64(397.79999999999995), np.float64(478.423), np.float64(528.9313), np.float64(569.9), np.float64(642.8232)]",,,,,,,,,,,1.032,1.156,0.413,0.464
Croplands_cluster_0_yearly_False_window_2_lags_1_sinusoidal_yes_spline,False,2,spline_lags_1_sinusoidal_yes,0.256,0.683,970.97,986.58,False,True,False,1.058,-0.152,0,1.0,1.031,1.192,1.108,0.696,0.517,0.743,"[np.float64(397.79999999999995), np.float64(478.264), np.float64(529.65479), np.float64(570.16665), np.float64(642.8232)]",1.128,0.01,,,,,,,,,1.039,1.164,0.443,0.452
Croplands_cluster_0_yearly_False_window_2_lags_2_sinusoidal_yes_spline,False,2,spline_lags_2_sinusoidal_yes,0.145,0.3,960.088,975.542,False,True,False,1.351,-0.197,0,1.0,1.025,1.149,1.026,0.466,0.518,0.58,"[np.float64(397.79999999999995), np.float64(478.105), np.float64(528.2065), np.float64(560.2755), np.float64(642.8232)]",,,1.095,0.598,,,,,,,1.02,1.085,0.249,0.711
Croplands_cluster_0_yearly_False_window_2_lags_3_sinusoidal_yes_spline,False,2,spline_lags_3_sinusoidal_yes,0.113,0.101,944.475,959.771,False,True,False,1.289,-0.812,0,1.0,1.06,1.176,1.085,0.757,0.405,0.627,"[np.float64(397.79999999999995), np.float64(477.3835), np.float64(533.98001), np.float64(570.69995), np.float64(642.8232)]",,,,,1.175,0.976,,,,,1.087,1.06,0.392,0.631
Croplands_cluster_0_yearly_False_window_2_lags_4_sinusoidal_yes_spline,False,2,spline_lags_4_sinusoidal_yes,0.153,0.594,927.936,943.071,False,True,False,1.127,-0.208,0,1.0,1.031,1.434,1.032,0.561,0.39,0.775,"[np.float64(397.79999999999995), np.float64(466.5565), np.float64(522.199), np.float64(566.0502), np.float64(642.8232)]",,,,,,,1.405,0.291,,,1.033,1.059,0.28,0.834
Croplands_cluster_0_yearly_False_window_2_lags_7_sinusoidal_yes_spline,False,2,spline_lags_7_sinusoidal_yes,0.255,0.63,863.831,878.461,False,True,False,1.323,-0.404,0,1.0,1.009,1.319,1.145,0.363,0.143,0.457,"[np.float64(397.79999999999995), np.float64(478.37), np.float64(525.20275), np.float64(565.08775), np.float64(642.8232)]",,,,,,,,,1.247,0.013,1.067,1.159,0.344,0.753
Croplands_cluster_0_yearly_True_window_2_lags_none_sinusoidal_no_spline,True,2,spline_lags_none_sinusoidal_no,0.356,0.055,480.39,487.051,True,True,True,1.606,-4.027,0,1.0,1.0,1.0,1.0,0.091,0.011,0.423,"[np.float64(397.79999999999995), np.float64(509.238175), np.float64(545.70762), np.float64(570.60556), np.float64(629.0056)]",,,,,,,,,,,,,,
Croplands_cluster_0_yearly_True_window_2_lags_1_sinusoidal_no_spline,True,2,spline_lags_1_sinusoidal_no,0.385,0.155,464.514,472.289,True,True,True,1.695,-4.912,0,1.0,1.058,1.127,1.003,0.048,0.034,0.255,"[np.float64(397.79999999999995), np.float64(507.3671), np.float64(543.7703), np.float64(566.381), np.float64(629.0056)]",1.187,0.679,,,,,,,,,,,,
Croplands_cluster_0_yearly_True_window_2_lags_2_sinusoidal_no_spline,True,2,spline_lags_2_sinusoidal_no,0.368,0.472,450.944,458.492,True,True,False,1.475,-0.49,0,1.0,1.021,1.064,1.012,0.116,0.112,0.139,"[np.float64(397.79999999999995), np.float64(505.223), np.float64(544.9099), np.float64(569.3204), np.float64(629.0056)]",,,1.096,0.578,,,,,,,,,,
Croplands_cluster_0_yearly_True_window_2_lags_3_sinusoidal_no_spline,True,2,spline_lags_3_sinusoidal_no,0.398,0.846,428.262,435.575,True,True,True,1.803,-0.286,0,1.0,1.062,1.444,1.007,0.004,0.729,0.465,"[np.float64(307.8689988), np.float64(480.85), np.float64(525.0568), np.float64(565.154), np.float64(629.0056)]",,,,,1.513,0.797,,,,,,,,
Croplands_cluster_0_yearly_True_window_2_lags_4_sinusoidal_no_spline,True,2,spline_lags_4_sinusoidal_no,0.479,0.672,409.588,416.656,True,True,True,2.014,-2.55,0,1.0,1.03,1.237,1.005,0.106,0.014,0.432,"[np.float64(397.79999999999995), np.float64(507.00975), np.float64(550.4755), np.float64(572.6272), np.float64(629.0056)]",,,,,,,1.272,0.142,,,,,,
Croplands_cluster_0_yearly_True_window_2_lags_7_sinusoidal_no_spline,True,2,spline_lags_7_sinusoidal_no,0.525,0.016,359.571,365.838,True,True,False,1.377,-3.351,0,1.0,1.002,1.387,1.0,0.065,0.04,0.63,"[np.float64(397.79999999999995), np.float64(501.6495), np.float64(543.7703), np.float64(577.609), np.float64(629.0056)]",,,,,,,,,1.389,0.098,,,,
Croplands_cluster_0_yearly_True_window_2_lags_none_sinusoidal_yes_spline,True,2,spline_lags_none_sinusoidal_yes,0.383,0.099,483.229,492.554,True,True,True,1.648,-3.027,0,1.0,1.047,1.129,1.185,0.122,0.014,0.283,"[np.float64(397.79999999999995), np.float64(509.238175), np.float64(545.70762), np.float64(570.60556), np.float64(629.0056)]",,,,,,,,,,,1.22,1.14,0.457,0.594
Croplands_cluster_0_yearly_True_window_2_lags_1_sinusoidal_yes_spline,True,2,spline_lags_1_sinusoidal_yes,0.4,0.252,467.883,478.25,True,False,True,1.66,-45.556,0,1.0,1.073,1.182,1.09,0.07,0.048,0.268,"[np.float64(397.79999999999995), np.float64(507.3671), np.float64(543.7703), np.float64(566.381), np.float64(629.0056)]",1.2,0.624,,,,,,,,,1.116,1.029,0.911,0.515
Croplands_cluster_0_yearly_True_window_2_lags_2_sinusoidal_yes_spline,True,2,spline_lags_2_sinusoidal_yes,0.373,0.516,454.716,464.78,False,True,True,1.507,-1.734,0,1.0,1.037,1.135,1.08,0.148,0.123,0.158,"[np.float64(397.79999999999995), np.float64(505.223), np.float64(544.9099), np.float64(569.3204), np.float64(629.0056)]",,,1.103,0.573,,,,,,,1.064,1.086,0.806,0.759
Croplands_cluster_0_yearly_True_window_2_lags_3_sinusoidal_yes_spline,True,2,spline_lags_3_sinusoidal_yes,0.399,0.849,432.228,441.979,True,True,True,1.812,-83.336,0,1.0,1.133,1.78,1.088,0.009,0.8,0.489,"[np.float64(307.8689988), np.float64(480.85), np.float64(525.0568), np.float64(565.154), np.float64(629.0056)]",,,,,1.639,0.792,,,,,1.292,1.07,0.891,0.956
Croplands_cluster_0_yearly_True_window_2_lags_4_sinusoidal_yes_spline,True,2,spline_lags_4_sinusoidal_yes,0.486,0.709,413.269,422.694,True,True,True,2.003,-20.981,0,1.0,1.038,1.242,1.047,0.13,0.022,0.414,"[np.float64(397.79999999999995), np.float64(507.00975), np.float64(550.4755), np.float64(572.6272), np.float64(629.0056)]",,,,,,,1.274,0.161,,,1.021,1.032,0.843,0.68
Croplands_cluster_0_yearly_True_window_2_lags_7_sinusoidal_yes_spline,True,2,spline_lags_7_sinusoidal_yes,0.535,0.023,363.123,371.479,True,True,False,1.355,-10.024,0,1.0,1.033,1.389,1.03,0.092,0.052,0.72,"[np.float64(397.79999999999995), np.float64(501.6495), np.float64(543.7703), np.float64(577.609), np.float64(629.0056)]",,,,,,,,,1.389,0.117,1.031,1.031,0.959,0.608
Croplands_cluster_0_yearly_False_window_3_lags_none_sinusoidal_no_spline,False,3,spline_lags_none_sinusoidal_no,0.121,0.242,972.415,982.266,False,True,False,1.309,-0.634,0,1.0,1.0,1.0,1.0,0.881,0.33,0.648,"[np.float64(385.6), np.float64(519.816), np.float64(556.21), np.float64(574.86), np.float64(642.8232)]",,,,,,,,,,,,,,
Croplands_cluster_0_yearly_False_window_3_lags_1_sinusoidal_no_spline,False,3,spline_lags_1_sinusoidal_no,0.291,0.008,942.893,954.6,False,True,False,1.075,-0.048,0,1.0,1.011,1.003,1.022,0.584,0.753,0.024,"[np.float64(385.6), np.float64(521.60325), np.float64(561.005), np.float64(576.1186), np.float64(642.8232)]",1.037,0.003,,,,,,,,,,,,
Croplands_cluster_0_yearly_False_window_3_lags_2_sinusoidal_no_spline,False,3,spline_lags_2_sinusoidal_no,0.266,0.003,926.772,938.363,False,False,True,1.511,-0.348,0,1.0,1.031,1.064,1.0,0.468,0.997,0.598,"[np.float64(385.6), np.float64(522.199), np.float64(549.505), np.float64(576.162), np.float64(642.8232)]",,,1.095,0.003,,,,,,,,,,
Croplands_cluster_0_yearly_False_window_3_lags_3_sinusoidal_no_spline,False,3,spline_lags_3_sinusoidal_no,0.148,0.055,915.182,926.654,False,True,False,1.212,-0.664,0,1.0,1.099,1.169,1.0,0.515,0.656,0.69,"[np.float64(385.6), np.float64(522.199), np.float64(566.0465), np.float64(589.6948), np.float64(642.8232)]",,,,,1.268,0.094,,,,,,,,
Croplands_cluster_0_yearly_False_window_3_lags_4_sinusoidal_no_spline,False,3,spline_lags_4_sinusoidal_no,0.083,0.315,900.905,912.256,False,True,False,1.041,-3.398,0,1.0,1.061,1.235,1.008,0.817,0.589,0.693,"[np.float64(385.6), np.float64(522.199), np.float64(565.8), np.float64(589.8556), np.float64(642.8232)]",,,,,,,1.304,0.664,,,,,,
Croplands_cluster_0_yearly_False_window_3_lags_7_sinusoidal_no_spline,False,3,spline_lags_7_sinusoidal_no,0.118,0.154,846.618,857.59,False,True,False,1.068,-26.388,0,1.0,1.02,1.359,1.005,0.678,0.477,0.817,"[np.float64(385.6), np.float64(535.54975), np.float64(566.16975), np.float64(589.936), np.float64(642.8232)]",,,,,,,,,1.385,0.321,,,,
Croplands_cluster_0_yearly_False_window_3_lags_none_sinusoidal_yes_spline,False,3,spline_lags_none_sinusoidal_yes,0.142,0.313,975.1,988.892,False,True,False,1.333,-1.14,0,1.0,1.006,1.27,1.009,0.954,0.33,0.721,"[np.float64(385.6), np.float64(519.816), np.float64(556.21), np.float64(574.86), np.float64(642.8232)]",,,,,,,,,,,1.027,1.258,0.308,0.788
Croplands_cluster_0_yearly_False_window_3_lags_1_sinusoidal_yes_spline,False,3,spline_lags_1_sinusoidal_yes,0.299,0.014,946.266,961.876,False,True,False,1.048,-0.228,0,1.0,1.016,1.234,1.026,0.637,0.867,0.031,"[np.float64(385.6), np.float64(521.60325), np.float64(561.005), np.float64(576.1186), np.float64(642.8232)]",1.038,0.005,,,,,,,,,1.02,1.218,0.469,0.975
Croplands_cluster_0_yearly_False_window_3_lags_2_sinusoidal_yes_spline,False,3,spline_lags_2_sinusoidal_yes,0.271,0.009,930.41,945.865,False,False,True,1.511,-0.357,0,1.0,1.064,1.225,1.071,0.55,0.956,0.599,"[np.float64(385.6), np.float64(522.199), np.float64(549.505), np.float64(576.162), np.float64(642.8232)]",,,1.101,0.006,,,,,,,1.039,1.22,0.61,0.862
Croplands_cluster_0_yearly_False_window_3_lags_3_sinusoidal_yes_spline,False,3,spline_lags_3_sinusoidal_yes,0.17,0.083,917.871,933.167,False,True,False,1.228,-0.721,0,1.0,1.11,1.353,1.046,0.549,0.576,0.864,"[np.float64(385.6), np.float64(522.199), np.float64(566.0465), np.float64(589.6948), np.float64(642.8232)]",,,,,1.301,0.122,,,,,1.072,1.136,0.31,0.844
Croplands_cluster_0_yearly_False_window_3_lags_4_sinusoidal_yes_spline,False,3,spline_lags_4_sinusoidal_yes,0.094,0.341,904.267,919.402,False,True,False,1.058,-2.464,0,1.0,1.069,1.415,1.028,0.844,0.566,0.626,"[np.float64(385.6), np.float64(522.199), np.float64(565.8), np.float64(589.8556), np.float64(642.8232)]",,,,,,,1.34,0.68,,,1.063,1.108,0.491,0.847
Croplands_cluster_0_yearly_False_window_3_lags_7_sinusoidal_yes_spline,False,3,spline_lags_7_sinusoidal_yes,0.13,0.217,849.974,864.603,False,True,False,1.076,-22.37,0,1.0,1.05,1.689,1.03,0.679,0.426,0.904,"[np.float64(385.6), np.float64(535.54975), np.float64(566.16975), np.float64(589.936), np.float64(642.8232)]",,,,,,,,,1.486,0.374,1.053,1.231,0.469,0.996
Croplands_cluster_0_yearly_True_window_3_lags_none_sinusoidal_no_spline,True,3,spline_lags_none_sinusoidal_no,0.338,0.348,467.677,474.338,True,True,False,1.211,-28.91,0,1.0,1.0,1.0,1.0,0.026,0.043,0.265,"[np.float64(385.6), np.float64(524.8402), np.float64(555.5), np.float64(573.31), np.float64(617.929)]",,,,,,,,,,,,,,
Croplands_cluster_0_yearly_True_window_3_lags_1_sinusoidal_no_spline,True,3,spline_lags_1_sinusoidal_no,0.348,0.639,453.572,461.347,True,True,False,1.095,-4.562,0,1.0,1.055,1.04,1.0,0.054,0.095,0.199,"[np.float64(385.6), np.float64(543.1436), np.float64(559.62), np.float64(575.48), np.float64(617.929)]",1.095,0.654,,,,,,,,,,,,
Croplands_cluster_0_yearly_True_window_3_lags_2_sinusoidal_no_spline,True,3,spline_lags_2_sinusoidal_no,0.252,0.662,438.916,446.465,True,True,False,1.142,-4.743,0,1.0,1.036,1.176,1.003,0.55,0.098,0.562,"[np.float64(385.6), np.float64(543.51), np.float64(555.5), np.float64(576.1), np.float64(617.929)]",,,1.215,0.34,,,,,,,,,,
Croplands_cluster_0_yearly_True_window_3_lags_3_sinusoidal_no_spline,True,3,spline_lags_3_sinusoidal_no,0.322,0.727,418.117,425.43,True,True,False,1.18,-44.068,0,1.0,1.09,1.204,1.004,0.421,0.042,0.963,"[np.float64(385.6), np.float64(543.51), np.float64(563.74), np.float64(579.118), np.float64(617.929)]",,,,,1.299,0.213,,,,,,,,
Croplands_cluster_0_yearly_True_window_3_lags_4_sinusoidal_no_spline,True,3,spline_lags_4_sinusoidal_no,0.31,0.887,403.231,410.299,True,True,False,1.268,-280.871,0,1.0,1.146,1.26,1.0,0.515,0.039,0.914,"[np.float64(385.6), np.float64(530.0172), np.float64(565.8), np.float64(581.722), np.float64(617.929)]",,,,,,,1.405,0.28,,,,,,
Croplands_cluster_0_yearly_True_window_3_lags_7_sinusoidal_no_spline,True,3,spline_lags_7_sinusoidal_no,0.287,0.466,359.308,365.575,True,True,False,1.251,-1632.239,0,1.0,1.032,1.305,1.004,0.157,0.134,0.514,"[np.float64(385.6), np.float64(509.778), np.float64(555.5), np.float64(576.1), np.float64(617.929)]",,,,,,,,,1.341,0.692,,,,
Croplands_cluster_0_yearly_True_window_3_lags_none_sinusoidal_yes_spline,True,3,spline_lags_none_sinusoidal_yes,0.347,0.339,471.276,480.601,True,True,False,1.204,-26.842,0,1.0,1.005,1.023,1.097,0.033,0.05,0.352,"[np.float64(385.6), np.float64(524.8402), np.float64(555.5), np.float64(573.31), np.float64(617.929)]",,,,,,,,,,,1.085,1.039,0.623,0.849
Croplands_cluster_0_yearly_True_window_3_lags_1_sinusoidal_yes_spline,True,3,spline_lags_1_sinusoidal_yes,0.372,0.537,456.548,466.914,True,True,False,1.096,-21.519,0,1.0,1.069,1.075,1.016,0.068,0.078,0.2,"[np.float64(385.6), np.float64(543.1436), np.float64(559.62), np.float64(575.48), np.float64(617.929)]",1.098,0.729,,,,,,,,,1.044,1.018,0.405,0.909
Croplands_cluster_0_yearly_True_window_3_lags_2_sinusoidal_yes_spline,True,3,spline_lags_2_sinusoidal_yes,0.253,0.692,442.856,452.92,True,True,False,1.136,-10.476,0,1.0,1.099,1.219,1.07,0.615,0.139,0.626,"[np.float64(385.6), np.float64(543.51), np.float64(555.5), np.float64(576.1), np.float64(617.929)]",,,1.228,0.377,,,,,,,1.06,1.101,0.912,0.874
Croplands_cluster_0_yearly_True_window_3_lags_3_sinusoidal_yes_spline,True,3,spline_lags_3_sinusoidal_yes,0.37,0.69,420.271,430.022,True,True,False,1.158,-118.144,0,1.0,1.148,1.325,1.119,0.574,0.035,0.844,"[np.float64(385.6), np.float64(543.51), np.float64(563.74), np.float64(579.118), np.float64(617.929)]",,,,,1.332,0.178,,,,,1.171,1.089,0.271,0.991
Croplands_cluster_0_yearly_True_window_3_lags_4_sinusoidal_yes_spline,True,3,spline_lags_4_sinusoidal_yes,0.351,0.892,405.791,415.215,True,True,False,1.282,-338.906,0,1.0,1.195,1.446,1.124,0.668,0.031,0.919,"[np.float64(385.6), np.float64(530.0172), np.float64(565.8), np.float64(581.722), np.float64(617.929)]",,,,,,,1.469,0.246,,,1.198,1.098,0.435,0.555
Croplands_cluster_0_yearly_True_window_3_lags_7_sinusoidal_yes_spline,True,3,spline_lags_7_sinusoidal_yes,0.339,0.381,361.716,370.072,True,True,False,1.351,-818.582,0,1.0,1.078,1.406,1.093,0.199,0.107,0.39,"[np.float64(385.6), np.float64(509.778), np.float64(555.5), np.float64(576.1), np.float64(617.929)]",,,,,,,,,1.373,0.662,1.121,1.082,0.331,0.939
Croplands_cluster_0_yearly_False_window_4_lags_none_sinusoidal_no_spline,False,4,spline_lags_none_sinusoidal_no,0.183,0.875,936.842,946.694,False,True,False,1.186,-0.074,0,1.0,1.0,1.0,1.0,0.902,0.093,0.017,"[np.float64(429.15), np.float64(505.6431), np.float64(548.02), np.float64(568.277), np.float64(629.0056)]",,,,,,,,,,,,,,
Croplands_cluster_0_yearly_False_window_4_lags_1_sinusoidal_no_spline,False,4,spline_lags_1_sinusoidal_no,0.369,0.01,905.389,917.096,False,True,False,0.934,-0.528,0,1.0,1.028,1.024,1.007,0.28,0.714,0.055,"[np.float64(429.15), np.float64(522.199), np.float64(553.09975), np.float64(568.277), np.float64(629.0056)]",1.059,0.0,,,,,,,,,,,,
Croplands_cluster_0_yearly_False_window_4_lags_2_sinusoidal_no_spline,False,4,spline_lags_2_sinusoidal_no,0.145,0.296,907.804,919.395,True,True,False,1.478,-0.109,0,1.0,1.078,1.078,1.036,0.744,0.22,0.16,"[np.float64(429.15), np.float64(525.20275), np.float64(549.86), np.float64(572.2366), np.float64(629.0056)]",,,1.192,0.068,,,,,,,,,,
Croplands_cluster_0_yearly_False_window_4_lags_3_sinusoidal_no_spline,False,4,spline_lags_3_sinusoidal_no,0.082,0.768,892.973,904.445,False,True,False,1.417,-0.215,0,1.0,1.067,1.233,1.004,0.782,0.145,0.354,"[np.float64(429.15), np.float64(508.7965), np.float64(548.112), np.float64(584.736275), np.float64(629.0056)]",,,,,1.303,0.554,,,,,,,,
Croplands_cluster_0_yearly_False_window_4_lags_4_sinusoidal_no_spline,False,4,spline_lags_4_sinusoidal_no,0.129,0.166,871.708,883.059,True,True,False,1.045,-0.134,0,1.0,1.008,1.335,1.013,0.967,0.143,0.959,"[np.float64(429.15), np.float64(508.7965), np.float64(547.2318), np.float64(572.4906), np.float64(629.0056)]",,,,,,,1.356,0.04,,,,,,
Croplands_cluster_0_yearly_False_window_4_lags_7_sinusoidal_no_spline,False,4,spline_lags_7_sinusoidal_no,0.103,0.363,821.54,832.511,False,True,False,1.141,-0.654,0,1.0,1.0,1.561,1.0,0.71,0.103,0.992,"[np.float64(429.15), np.float64(522.199), np.float64(555.89625), np.float64(584.736275), np.float64(629.0056)]",,,,,,,,,1.561,0.172,,,,
Croplands_cluster_0_yearly_False_window_4_lags_none_sinusoidal_yes_spline,False,4,spline_lags_none_sinusoidal_yes,0.227,0.915,937.942,951.734,False,True,False,1.182,-0.082,0,1.0,1.009,1.067,1.047,0.986,0.165,0.038,"[np.float64(429.15), np.float64(505.6431), np.float64(548.02), np.float64(568.277), np.float64(629.0056)]",,,,,,,,,,,1.023,1.1,0.205,0.327
Croplands_cluster_0_yearly_False_window_4_lags_1_sinusoidal_yes_spline,False,4,spline_lags_1_sinusoidal_yes,0.388,0.017,907.782,923.392,True,True,False,0.949,-0.533,0,1.0,1.04,1.089,1.03,0.345,0.822,0.049,"[np.float64(429.15), np.float64(522.199), np.float64(553.09975), np.float64(568.277), np.float64(629.0056)]",1.062,0.0,,,,,,,,,1.037,1.06,0.278,0.672
Croplands_cluster_0_yearly_False_window_4_lags_2_sinusoidal_yes_spline,False,4,spline_lags_2_sinusoidal_yes,0.198,0.323,908.54,923.994,True,True,False,1.488,-0.264,0,1.0,1.088,1.123,1.07,0.871,0.32,0.217,"[np.float64(429.15), np.float64(525.20275), np.float64(549.86), np.float64(572.2366), np.float64(629.0056)]",,,1.203,0.092,,,,,,,1.026,1.052,0.126,0.507
Croplands_cluster_0_yearly_False_window_4_lags_3_sinusoidal_yes_spline,False,4,spline_lags_3_sinusoidal_yes,0.191,0.617,890.647,905.944,False,True,False,1.492,-0.168,0,1.0,1.069,1.246,1.01,0.865,0.219,0.256,"[np.float64(429.15), np.float64(508.7965), np.float64(548.112), np.float64(584.736275), np.float64(629.0056)]",,,,,1.306,0.534,,,,,1.01,1.008,0.05,0.217
Croplands_cluster_0_yearly_False_window_4_lags_4_sinusoidal_yes_spline,False,4,spline_lags_4_sinusoidal_yes,0.174,0.183,873.154,888.288,False,True,False,1.066,-0.271,0,1.0,1.01,1.379,1.045,0.988,0.227,0.864,"[np.float64(429.15), np.float64(508.7965), np.float64(547.2318), np.float64(572.4906), np.float64(629.0056)]",,,,,,,1.37,0.056,,,1.047,1.017,0.247,0.371
Croplands_cluster_0_yearly_False_window_4_lags_7_sinusoidal_yes_spline,False,4,spline_lags_7_sinusoidal_yes,0.146,0.571,823.3,837.929,True,True,False,1.195,-1.758,0,1.0,1.015,1.669,1.011,0.738,0.197,0.996,"[np.float64(429.15), np.float64(522.199), np.float64(555.89625), np.float64(584.736275), np.float64(629.0056)]",,,,,,,,,1.6,0.344,1.042,1.052,0.278,0.382
Croplands_cluster_0_yearly_True_window_4_lags_none_sinusoidal_no_spline,True,4,spline_lags_none_sinusoidal_no,0.391,0.162,460.951,467.612,True,True,False,1.067,0.325,0,1.0,1.0,1.0,1.0,0.854,0.001,0.768,"[np.float64(475.7), np.float64(532.253875), np.float64(561.86735), np.float64(572.61475), np.float64(607.9615)]",,,,,,,,,,,,,,
Croplands_cluster_0_yearly_True_window_4_lags_1_sinusoidal_no_spline,True,4,spline_lags_1_sinusoidal_no,0.386,0.612,447.885,455.66,True,True,False,1.153,-0.092,0,1.0,1.064,1.083,1.018,0.619,0.007,0.937,"[np.float64(475.7), np.float64(540.95075), np.float64(562.7), np.float64(574.2795), np.float64(607.9615)]",1.165,0.11,,,,,,,,,,,,
Croplands_cluster_0_yearly_True_window_4_lags_2_sinusoidal_no_spline,True,4,spline_lags_2_sinusoidal_no,0.307,0.081,432.489,440.037,False,True,False,0.728,-4.276,0,1.0,1.098,1.194,1.003,0.283,0.657,0.652,"[np.float64(450.6854991), np.float64(534.914625), np.float64(559.9245), np.float64(574.2795), np.float64(607.9615)]",,,1.294,0.046,,,,,,,,,,
Croplands_cluster_0_yearly_True_window_4_lags_3_sinusoidal_no_spline,True,4,spline_lags_3_sinusoidal_no,0.288,0.815,413.558,420.871,True,True,False,1.029,-2.079,0,1.0,1.011,1.299,1.0,0.203,0.076,0.731,"[np.float64(448.9694994), np.float64(533.603), np.float64(554.9015), np.float64(567.1184), np.float64(607.9615)]",,,,,1.31,0.145,,,,,,,,
Croplands_cluster_0_yearly_True_window_4_lags_4_sinusoidal_no_spline,True,4,spline_lags_4_sinusoidal_no,0.369,0.754,395.487,402.555,True,True,False,1.443,-1.612,0,1.0,1.014,1.308,1.001,0.843,0.006,0.851,"[np.float64(475.7), np.float64(537.537875), np.float64(562.7), np.float64(579.28825), np.float64(607.9615)]",,,,,,,1.322,0.204,,,,,,
Croplands_cluster_0_yearly_True_window_4_lags_7_sinusoidal_no_spline,True,4,spline_lags_7_sinusoidal_no,0.35,0.513,352.989,359.256,True,True,False,0.961,-4.711,0,1.0,1.057,1.235,1.033,0.55,0.016,0.977,"[np.float64(475.7), np.float64(538.8495), np.float64(562.7), np.float64(577.609), np.float64(607.9615)]",,,,,,,,,1.325,0.863,,,,
Croplands_cluster_0_yearly_True_window_4_lags_none_sinusoidal_yes_spline,True,4,spline_lags_none_sinusoidal_yes,0.475,0.188,460.828,470.153,True,True,False,0.83,0.074,0,1.0,1.007,1.077,1.118,0.955,0.0,0.893,"[np.float64(475.7), np.float64(532.253875), np.float64(561.86735), np.float64(572.61475), np.float64(607.9615)]",,,,,,,,,,,1.132,1.07,0.083,0.83
Croplands_cluster_0_yearly_True_window_4_lags_1_sinusoidal_yes_spline,True,4,spline_lags_1_sinusoidal_yes,0.481,0.474,447.346,457.713,True,True,False,1.059,-0.305,0,1.0,1.086,1.18,1.359,0.7,0.003,0.367,"[np.float64(475.7), np.float64(540.95075), np.float64(562.7), np.float64(574.2795), np.float64(607.9615)]",1.192,0.08,,,,,,,,,1.179,1.254,0.125,0.26
Croplands_cluster_0_yearly_True_window_4_lags_2_sinusoidal_yes_spline,True,4,spline_lags_2_sinusoidal_yes,0.35,0.055,434.857,444.922,False,True,False,0.736,-6.719,0,1.0,1.121,1.223,1.084,0.296,0.663,0.487,"[np.float64(450.6854991), np.float64(534.914625), np.float64(559.9245), np.float64(574.2795), np.float64(607.9615)]",,,1.299,0.035,,,,,,,1.071,1.057,0.561,0.358
Croplands_cluster_0_yearly_True_window_4_lags_3_sinusoidal_yes_spline,True,4,spline_lags_3_sinusoidal_yes,0.494,0.232,409.023,418.774,False,True,False,0.654,-2.377,0,1.0,1.021,1.59,1.139,0.166,0.018,0.231,"[np.float64(448.9694994), np.float64(533.603), np.float64(554.9015), np.float64(567.1184), np.float64(607.9615)]",,,,,1.378,0.019,,,,,1.256,1.116,0.018,0.882
Croplands_cluster_0_yearly_True_window_4_lags_4_sinusoidal_yes_spline,True,4,spline_lags_4_sinusoidal_yes,0.446,0.775,396.383,405.808,True,True,False,1.34,-57.825,0,1.0,1.03,1.392,1.121,0.754,0.004,0.661,"[np.float64(475.7), np.float64(537.537875), np.float64(562.7), np.float64(579.28825), np.float64(607.9615)]",,,,,,,1.346,0.187,,,1.122,1.076,0.214,0.501
Croplands_cluster_0_yearly_True_window_4_lags_7_sinusoidal_yes_spline,True,4,spline_lags_7_sinusoidal_yes,0.431,0.391,354.2,362.557,True,True,False,0.798,-4.005,0,1.0,1.091,1.273,1.079,0.404,0.014,0.812,"[np.float64(475.7), np.float64(538.8495), np.float64(562.7), np.float64(577.609), np.float64(607.9615)]",,,,,,,,,1.337,0.741,1.074,1.033,0.2,0.874
Croplands_cluster_0_yearly_False_window_5_lags_none_sinusoidal_no_spline,False,5,spline_lags_none_sinusoidal_no,0.196,0.012,919.246,929.098,False,True,True,1.511,-0.416,0,1.0,1.0,1.0,1.0,0.504,0.641,0.21,"[np.float64(482.346), np.float64(519.816), np.float64(543.2352), np.float64(565.8), np.float64(617.929)]",,,,,,,,,,,,,,
Croplands_cluster_0_yearly_False_window_5_lags_1_sinusoidal_no_spline,False,5,spline_lags_1_sinusoidal_no,0.141,0.037,888.955,900.663,False,True,False,1.145,-0.114,0,1.0,1.018,1.005,1.037,0.932,0.478,0.947,"[np.float64(499.11), np.float64(527.5393), np.float64(549.505), np.float64(579.5515), np.float64(617.929)]",1.061,0.242,,,,,,,,,,,,
Croplands_cluster_0_yearly_False_window_5_lags_2_sinusoidal_no_spline,False,5,spline_lags_2_sinusoidal_no,0.198,0.017,877.712,889.303,False,True,False,0.912,-0.722,0,1.0,1.045,1.005,1.03,0.8,0.29,0.864,"[np.float64(499.11), np.float64(540.0), np.float64(555.5), np.float64(582.879), np.float64(617.929)]",,,1.08,0.092,,,,,,,,,,
Croplands_cluster_0_yearly_False_window_5_lags_3_sinusoidal_no_spline,False,5,spline_lags_3_sinusoidal_no,0.169,0.193,852.065,863.537,False,True,False,0.968,-0.118,0,1.0,1.009,1.048,1.002,0.977,0.201,0.798,"[np.float64(499.11), np.float64(540.0), np.float64(555.5), np.float64(570.6611), np.float64(617.929)]",,,,,1.058,0.793,,,,,,,,
Croplands_cluster_0_yearly_False_window_5_lags_4_sinusoidal_no_spline,False,5,spline_lags_4_sinusoidal_no,0.131,0.348,836.572,847.923,False,True,False,0.942,-0.212,0,1.0,1.013,1.103,1.106,0.921,0.416,0.701,"[np.float64(499.11), np.float64(540.0), np.float64(556.21), np.float64(572.2516), np.float64(617.929)]",,,,,,,1.222,0.724,,,,,,
Croplands_cluster_0_yearly_False_window_5_lags_7_sinusoidal_no_spline,False,5,spline_lags_7_sinusoidal_no,0.201,0.995,785.624,796.596,False,True,False,1.167,0.102,0,1.0,1.054,1.038,1.024,0.972,0.249,0.233,"[np.float64(499.11), np.float64(522.199), np.float64(546.5075), np.float64(573.8655), np.float64(617.929)]",,,,,,,,,1.116,0.125,,,,
Croplands_cluster_0_yearly_False_window_5_lags_none_sinusoidal_yes_spline,False,5,spline_lags_none_sinusoidal_yes,0.236,0.043,920.555,934.347,False,True,True,1.573,-0.643,0,1.0,1.054,1.011,1.034,0.636,0.786,0.289,"[np.float64(482.346), np.float64(519.816), np.float64(543.2352), np.float64(565.8), np.float64(617.929)]",,,,,,,,,,,1.033,1.067,0.433,0.188
Croplands_cluster_0_yearly_False_window_5_lags_1_sinusoidal_yes_spline,False,5,spline_lags_1_sinusoidal_yes,0.177,0.112,890.757,906.367,False,True,False,1.176,-0.092,0,1.0,1.043,1.046,1.072,0.968,0.377,0.868,"[np.float64(499.11), np.float64(527.5393), np.float64(549.505), np.float64(579.5515), np.float64(617.929)]",1.062,0.332,,,,,,,,,1.089,1.01,0.53,0.222
Croplands_cluster_0_yearly_False_window_5_lags_2_sinusoidal_yes_spline,False,5,spline_lags_2_sinusoidal_yes,0.263,0.06,877.403,892.858,False,True,False,0.957,-0.696,0,1.0,1.055,1.069,1.045,0.685,0.131,0.914,"[np.float64(499.11), np.float64(540.0), np.float64(555.5), np.float64(582.879), np.float64(617.929)]",,,1.081,0.157,,,,,,,1.083,1.006,0.111,0.277
Croplands_cluster_0_yearly_False_window_5_lags_3_sinusoidal_yes_spline,False,5,spline_lags_3_sinusoidal_yes,0.249,0.318,851.022,866.318,False,True,False,0.98,-0.198,0,1.0,1.034,1.123,1.029,0.937,0.137,0.949,"[np.float64(499.11), np.float64(540.0), np.float64(555.5), np.float64(570.6611), np.float64(617.929)]",,,,,1.061,0.641,,,,,1.106,1.019,0.356,0.065
Croplands_cluster_0_yearly_False_window_5_lags_4_sinusoidal_yes_spline,False,5,spline_lags_4_sinusoidal_yes,0.196,0.439,836.73,851.864,False,True,False,0.932,-0.36,0,1.0,1.033,1.155,1.135,0.906,0.339,0.614,"[np.float64(499.11), np.float64(540.0), np.float64(556.21), np.float64(572.2516), np.float64(617.929)]",,,,,,,1.225,0.663,,,1.078,1.02,0.552,0.094
Croplands_cluster_0_yearly_False_window_5_lags_7_sinusoidal_yes_spline,False,5,spline_lags_7_sinusoidal_yes,0.294,0.677,783.96,798.589,False,True,False,1.178,0.046,0,1.0,1.087,1.183,1.088,0.868,0.144,0.311,"[np.float64(499.11), np.float64(522.199), np.float64(546.5075), np.float64(573.8655), np.float64(617.929)]",,,,,,,,,1.122,0.063,1.222,1.014,0.206,0.082
Croplands_cluster_0_yearly_True_window_5_lags_none_sinusoidal_no_spline,True,5,spline_lags_none_sinusoidal_no,0.263,0.472,461.422,468.083,True,True,False,0.762,-68.038,0,1.0,1.0,1.0,1.0,0.116,0.21,0.529,"[np.float64(499.11), np.float64(555.5), np.float64(569.5393), np.float64(589.0132), np.float64(614.68)]",,,,,,,,,,,,,,
Croplands_cluster_0_yearly_True_window_5_lags_1_sinusoidal_no_spline,True,5,spline_lags_1_sinusoidal_no,0.306,0.624,443.26,451.035,False,True,False,0.558,-15.275,0,1.0,1.022,1.158,1.811,0.116,0.143,0.371,"[np.float64(499.11), np.float64(565.8), np.float64(573.0), np.float64(589.534), np.float64(614.68)]",1.99,0.055,,,,,,,,,,,,
Croplands_cluster_0_yearly_True_window_5_lags_2_sinusoidal_no_spline,True,5,spline_lags_2_sinusoidal_no,0.175,0.162,429.878,437.427,True,True,False,0.828,-0.743,0,1.0,1.023,1.025,1.003,0.281,0.784,0.995,"[np.float64(499.11), np.float64(561.3475), np.float64(569.9), np.float64(578.3635), np.float64(614.68)]",,,1.051,0.081,,,,,,,,,,
Croplands_cluster_0_yearly_True_window_5_lags_3_sinusoidal_no_spline,True,5,spline_lags_3_sinusoidal_no,0.127,0.528,413.275,420.588,True,True,False,0.642,-38.485,0,1.0,1.028,1.015,1.08,0.424,0.701,0.731,"[np.float64(499.11), np.float64(555.3803), np.float64(568.4572), np.float64(581.2012), np.float64(614.68)]",,,,,1.123,0.474,,,,,,,,
Croplands_cluster_0_yearly_True_window_5_lags_4_sinusoidal_no_spline,True,5,spline_lags_4_sinusoidal_no,0.084,0.872,398.817,405.886,True,True,False,0.612,-148.451,0,1.0,1.002,1.035,1.106,0.331,0.778,0.963,"[np.float64(499.11), np.float64(565.8), np.float64(576.8545), np.float64(589.534), np.float64(614.68)]",,,,,,,1.143,0.874,,,,,,
Croplands_cluster_0_yearly_True_window_5_lags_7_sinusoidal_no_spline,True,5,spline_lags_7_sinusoidal_no,0.241,0.328,348.667,354.934,True,True,False,0.566,-29.428,0,1.0,1.059,1.012,1.012,0.383,0.575,0.318,"[np.float64(499.11), np.float64(565.8), np.float64(576.1), np.float64(589.534), np.float64(614.68)]",,,,,,,,,1.084,0.66,,,,
Croplands_cluster_0_yearly_True_window_5_lags_none_sinusoidal_yes_spline,True,5,spline_lags_none_sinusoidal_yes,0.289,0.554,464.423,473.749,True,True,False,0.718,-203.304,0,1.0,1.074,1.019,1.039,0.101,0.25,0.568,"[np.float64(499.11), np.float64(555.5), np.float64(569.5393), np.float64(589.0132), np.float64(614.68)]",,,,,,,,,,,1.102,1.029,0.685,0.461
Croplands_cluster_0_yearly_True_window_5_lags_1_sinusoidal_yes_spline,True,5,spline_lags_1_sinusoidal_yes,0.325,0.8,446.526,456.892,True,True,False,0.498,-53.535,0,1.0,1.076,1.169,1.954,0.106,0.141,0.535,"[np.float64(499.11), np.float64(565.8), np.float64(573.0), np.float64(589.534), np.float64(614.68)]",2.05,0.094,,,,,,,,,1.106,1.044,0.482,0.9
Croplands_cluster_0_yearly_True_window_5_lags_2_sinusoidal_yes_spline,True,5,spline_lags_2_sinusoidal_yes,0.187,0.185,433.48,443.545,True,True,False,0.813,-33.15,0,1.0,1.149,1.039,1.141,0.265,0.812,0.866,"[np.float64(499.11), np.float64(561.3475), np.float64(569.9), np.float64(578.3635), np.float64(614.68)]",,,1.054,0.095,,,,,,,1.138,1.137,0.831,0.623
Croplands_cluster_0_yearly_True_window_5_lags_3_sinusoidal_yes_spline,True,5,spline_lags_3_sinusoidal_yes,0.143,0.517,416.804,426.555,True,True,False,0.585,-128.43,0,1.0,1.13,1.031,1.235,0.381,0.741,0.759,"[np.float64(499.11), np.float64(555.3803), np.float64(568.4572), np.float64(581.2012), np.float64(614.68)]",,,,,1.145,0.464,,,,,1.173,1.077,0.81,0.62
Croplands_cluster_0_yearly_True_window_5_lags_4_sinusoidal_yes_spline,True,5,spline_lags_4_sinusoidal_yes,0.094,0.879,402.537,411.962,True,True,False,0.594,-84.411,0,1.0,1.116,1.037,1.145,0.32,0.8,0.915,"[np.float64(499.11), np.float64(565.8), np.float64(576.8545), np.float64(589.534), np.float64(614.68)]",,,,,,,1.146,0.888,,,1.107,1.045,0.795,0.726
Croplands_cluster_0_yearly_True_window_5_lags_7_sinusoidal_yes_spline,True,5,spline_lags_7_sinusoidal_yes,0.243,0.414,352.616,360.972,True,True,False,0.57,-10.006,0,1.0,1.269,1.037,1.045,0.465,0.62,0.351,"[np.float64(499.11), np.float64(565.8), np.float64(576.1), np.float64(589.534), np.float64(614.68)]",,,,,,,,,1.099,0.728,1.158,1.094,0.976,0.868
Croplands_cluster_0_yearly_False_window_6_lags_none_sinusoidal_no_spline,False,6,spline_lags_none_sinusoidal_no,0.235,0.012,906.037,915.889,False,True,False,1.222,0.089,0,1.0,1.0,1.0,1.0,0.232,0.532,0.016,"[np.float64(482.0905), np.float64(529.2274), np.float64(552.9), np.float64(570.064), np.float64(617.929)]",,,,,,,,,,,,,,
Croplands_cluster_0_yearly_False_window_6_lags_1_sinusoidal_no_spline,False,6,spline_lags_1_sinusoidal_no,0.152,0.077,875.591,887.299,False,True,False,1.08,-0.017,0,1.0,1.017,1.008,1.002,0.109,0.991,0.653,"[np.float64(482.0905), np.float64(531.0165), np.float64(552.9), np.float64(570.2855), np.float64(617.929)]",1.027,0.154,,,,,,,,,,,,
Croplands_cluster_0_yearly_False_window_6_lags_2_sinusoidal_no_spline,False,6,spline_lags_2_sinusoidal_no,0.296,0.057,859.67,871.261,False,False,False,0.922,-0.809,0,1.0,1.0,1.0,1.002,0.015,0.537,0.106,"[np.float64(482.0905), np.float64(540.95075), np.float64(556.895), np.float64(570.507), np.float64(617.929)]",,,1.002,0.024,,,,,,,,,,
Croplands_cluster_0_yearly_False_window_6_lags_3_sinusoidal_no_spline,False,6,spline_lags_3_sinusoidal_no,0.21,0.147,836.3,847.773,False,True,False,0.894,-0.293,0,1.0,1.0,1.032,1.043,0.035,0.302,0.242,"[np.float64(482.0905), np.float64(528.2065), np.float64(552.9), np.float64(570.3298), np.float64(617.929)]",,,,,1.076,0.614,,,,,,,,
Croplands_cluster_0_yearly_False_window_6_lags_4_sinusoidal_no_spline,False,6,spline_lags_4_sinusoidal_no,0.151,0.361,820.564,831.915,False,True,False,0.853,0.038,0,1.0,1.0,1.045,1.011,0.03,0.575,0.914,"[np.float64(482.0905), np.float64(528.2065), np.float64(552.9), np.float64(570.5956), np.float64(617.929)]",,,,,,,1.056,0.954,,,,,,
Croplands_cluster_0_yearly_False_window_6_lags_7_sinusoidal_no_spline,False,6,spline_lags_7_sinusoidal_no,0.236,0.536,770.023,780.995,False,True,False,1.02,0.074,0,1.0,1.001,1.053,1.022,0.032,0.203,0.179,"[np.float64(482.0905), np.float64(529.05725), np.float64(556.21), np.float64(570.7285), np.float64(617.929)]",,,,,,,,,1.076,0.114,,,,
Croplands_cluster_0_yearly_False_window_6_lags_none_sinusoidal_yes_spline,False,6,spline_lags_none_sinusoidal_yes,0.237,0.021,909.9,923.692,False,True,False,1.253,-0.068,0,1.0,1.057,1.054,1.173,0.228,0.533,0.038,"[np.float64(482.0905), np.float64(529.2274), np.float64(552.9), np.float64(570.064), np.float64(617.929)]",,,,,,,,,,,1.089,1.193,0.918,0.74
Croplands_cluster_0_yearly_False_window_6_lags_1_sinusoidal_yes_spline,False,6,spline_lags_1_sinusoidal_yes,0.157,0.12,879.255,894.865,False,True,False,1.144,-0.229,0,1.0,1.052,1.069,1.198,0.102,0.97,0.619,"[np.float64(482.0905), np.float64(531.0165), np.float64(552.9), np.float64(570.2855), np.float64(617.929)]",1.027,0.19,,,,,,,,,1.184,1.109,0.976,0.596
Croplands_cluster_0_yearly_False_window_6_lags_2_sinusoidal_yes_spline,False,6,spline_lags_2_sinusoidal_yes,0.31,0.076,862.703,878.158,False,True,False,0.991,-0.911,0,1.0,1.042,1.07,1.004,0.016,0.544,0.108,"[np.float64(482.0905), np.float64(540.95075), np.float64(556.895), np.float64(570.507), np.float64(617.929)]",,,1.002,0.03,,,,,,,1.028,1.086,0.516,0.551
Croplands_cluster_0_yearly_False_window_6_lags_3_sinusoidal_yes_spline,False,6,spline_lags_3_sinusoidal_yes,0.235,0.173,838.71,854.006,True,True,False,0.96,-0.471,0,1.0,1.031,1.106,1.1,0.025,0.444,0.248,"[np.float64(482.0905), np.float64(528.2065), np.float64(552.9), np.float64(570.3298), np.float64(617.929)]",,,,,1.079,0.676,,,,,1.068,1.089,0.673,0.281
Croplands_cluster_0_yearly_False_window_6_lags_4_sinusoidal_yes_spline,False,6,spline_lags_4_sinusoidal_yes,0.183,0.433,822.661,837.795,False,True,False,0.932,-0.001,0,1.0,1.031,1.11,1.077,0.021,0.748,0.888,"[np.float64(482.0905), np.float64(528.2065), np.float64(552.9), np.float64(570.5956), np.float64(617.929)]",,,,,,,1.059,0.946,,,1.081,1.078,0.716,0.225
Croplands_cluster_0_yearly_False_window_6_lags_7_sinusoidal_yes_spline,False,6,spline_lags_7_sinusoidal_yes,0.268,0.478,772.026,786.656,False,True,False,1.126,-0.102,0,1.0,1.041,1.149,1.063,0.022,0.332,0.156,"[np.float64(482.0905), np.float64(529.05725), np.float64(556.21), np.float64(570.7285), np.float64(617.929)]",,,,,,,,,1.083,0.092,1.062,1.108,0.959,0.202
Croplands_cluster_0_yearly_True_window_6_lags_none_sinusoidal_no_spline,True,6,spline_lags_none_sinusoidal_no,0.242,0.382,457.979,464.64,False,True,False,0.558,-6.759,0,1.0,1.0,1.0,1.0,0.729,0.11,0.604,"[np.float64(494.9905), np.float64(554.9015), np.float64(561.79825), np.float64(572.61475), np.float64(614.68)]",,,,,,,,,,,,,,
Croplands_cluster_0_yearly_True_window_6_lags_1_sinusoidal_no_spline,True,6,spline_lags_1_sinusoidal_no,0.252,0.191,440.693,448.468,False,True,False,0.499,-64.455,0,1.0,1.064,1.055,1.157,0.363,0.492,0.956,"[np.float64(494.9905), np.float64(554.9015), np.float64(567.3344), np.float64(574.2795), np.float64(614.68)]",1.276,0.134,,,,,,,,,,,,
Croplands_cluster_0_yearly_True_window_6_lags_2_sinusoidal_no_spline,True,6,spline_lags_2_sinusoidal_no,0.119,0.386,426.593,434.142,False,True,False,0.635,-100.173,0,1.0,1.095,1.1,1.065,0.625,0.953,0.571,"[np.float64(494.9905), np.float64(558.89575), np.float64(570.95), np.float64(582.64675), np.float64(614.68)]",,,1.259,0.265,,,,,,,,,,
Croplands_cluster_0_yearly_True_window_6_lags_3_sinusoidal_no_spline,True,6,spline_lags_3_sinusoidal_no,0.067,0.572,409.163,416.477,True,True,False,0.652,-154.821,0,1.0,1.034,1.168,1.178,0.772,0.51,0.793,"[np.float64(494.9905), np.float64(554.9015), np.float64(562.3393), np.float64(577.609), np.float64(614.68)]",,,,,1.38,0.584,,,,,,,,
Croplands_cluster_0_yearly_True_window_6_lags_4_sinusoidal_no_spline,True,6,spline_lags_4_sinusoidal_no,0.073,0.357,393.801,400.869,False,True,False,0.578,-10.318,0,1.0,1.006,1.174,1.1,0.669,0.888,0.587,"[np.float64(494.9905), np.float64(554.9015), np.float64(567.30505), np.float64(579.28825), np.float64(614.68)]",,,,,,,1.28,0.309,,,,,,
Croplands_cluster_0_yearly_True_window_6_lags_7_sinusoidal_no_spline,True,6,spline_lags_7_sinusoidal_no,0.191,0.236,346.11,352.378,True,True,False,0.66,-609.137,0,1.0,1.045,1.041,1.002,0.336,0.744,0.561,"[np.float64(494.9905), np.float64(543.9995), np.float64(567.85), np.float64(577.609), np.float64(614.68)]",,,,,,,,,1.088,0.616,,,,
Croplands_cluster_0_yearly_True_window_6_lags_none_sinusoidal_yes_spline,True,6,spline_lags_none_sinusoidal_yes,0.273,0.26,460.832,470.158,False,True,False,0.522,-10.574,0,1.0,1.024,1.043,1.055,0.676,0.209,0.512,"[np.float64(494.9905), np.float64(554.9015), np.float64(561.79825), np.float64(572.61475), np.float64(614.68)]",,,,,,,,,,,1.016,1.106,0.439,0.585
Croplands_cluster_0_yearly_True_window_6_lags_1_sinusoidal_yes_spline,True,6,spline_lags_1_sinusoidal_yes,0.255,0.207,444.582,454.949,False,True,False,0.468,-140.291,0,1.0,1.113,1.092,1.169,0.385,0.566,0.99,"[np.float64(494.9905), np.float64(554.9015), np.float64(567.3344), np.float64(574.2795), np.float64(614.68)]",1.287,0.147,,,,,,,,,1.022,1.065,0.865,0.828
Croplands_cluster_0_yearly_True_window_6_lags_2_sinusoidal_yes_spline,True,6,spline_lags_2_sinusoidal_yes,0.139,0.371,429.983,440.048,False,True,False,0.609,-339.143,0,1.0,1.256,1.154,1.16,0.585,0.937,0.505,"[np.float64(494.9905), np.float64(558.89575), np.float64(570.95), np.float64(582.64675), np.float64(614.68)]",,,1.274,0.266,,,,,,,1.026,1.27,0.58,0.731
Croplands_cluster_0_yearly_True_window_6_lags_3_sinusoidal_yes_spline,True,6,spline_lags_3_sinusoidal_yes,0.095,0.461,412.409,422.16,False,True,False,0.58,-520.378,0,1.0,1.064,1.217,1.307,0.751,0.648,0.947,"[np.float64(494.9905), np.float64(554.9015), np.float64(562.3393), np.float64(577.609), np.float64(614.68)]",,,,,1.415,0.576,,,,,1.098,1.074,0.526,0.72
Croplands_cluster_0_yearly_True_window_6_lags_4_sinusoidal_yes_spline,True,6,spline_lags_4_sinusoidal_yes,0.086,0.357,397.478,406.903,False,True,False,0.532,-39.161,0,1.0,1.049,1.191,1.171,0.717,0.956,0.605,"[np.float64(494.9905), np.float64(554.9015), np.float64(567.30505), np.float64(579.28825), np.float64(614.68)]",,,,,,,1.286,0.321,,,1.062,1.062,0.821,0.697
Croplands_cluster_0_yearly_True_window_6_lags_7_sinusoidal_yes_spline,True,6,spline_lags_7_sinusoidal_yes,0.245,0.288,348.678,357.034,False,True,False,0.58,-128.944,0,1.0,1.108,1.057,1.095,0.34,0.678,0.448,"[np.float64(494.9905), np.float64(543.9995), np.float64(567.85), np.float64(577.609), np.float64(614.68)]",,,,,,,,,1.092,0.64,1.106,1.061,0.367,0.872
Croplands_cluster_0_yearly_False_window_7_lags_none_sinusoidal_no_spline,False,7,spline_lags_none_sinusoidal_no,0.307,0.201,879.217,889.069,False,True,False,0.771,-0.551,0,1.0,1.0,1.0,1.0,0.095,0.333,0.0,"[np.float64(500.913), np.float64(532.8796), np.float64(556.21), np.float64(589.534), np.float64(617.929)]",,,,,,,,,,,,,,
Croplands_cluster_0_yearly_False_window_7_lags_1_sinusoidal_no_spline,False,7,spline_lags_1_sinusoidal_no,0.26,0.086,850.639,862.347,False,True,False,0.77,-1.047,0,1.0,1.132,1.035,1.005,0.026,0.714,0.042,"[np.float64(500.913), np.float64(543.052), np.float64(565.8), np.float64(589.534), np.float64(617.929)]",1.172,0.008,,,,,,,,,,,,
Croplands_cluster_0_yearly_False_window_7_lags_2_sinusoidal_no_spline,False,7,spline_lags_2_sinusoidal_no,0.14,0.226,840.093,851.684,False,True,False,0.813,-0.713,0,1.0,1.059,1.057,1.0,0.048,0.427,0.945,"[np.float64(500.913), np.float64(543.51), np.float64(565.8), np.float64(589.534), np.float64(617.929)]",,,1.117,0.085,,,,,,,,,,
Croplands_cluster_0_yearly_False_window_7_lags_3_sinusoidal_no_spline,False,7,spline_lags_3_sinusoidal_no,0.076,0.205,826.804,838.276,False,True,False,0.729,-0.054,0,1.0,1.079,1.068,1.011,0.169,0.652,0.859,"[np.float64(500.913), np.float64(540.0), np.float64(559.308), np.float64(589.534), np.float64(617.929)]",,,,,1.157,0.463,,,,,,,,
Croplands_cluster_0_yearly_False_window_7_lags_4_sinusoidal_no_spline,False,7,spline_lags_4_sinusoidal_no,0.07,0.634,810.638,821.989,False,True,False,0.704,-0.055,0,1.0,1.077,1.145,1.007,0.2,0.612,0.7,"[np.float64(500.913), np.float64(540.0), np.float64(565.8), np.float64(589.534), np.float64(617.929)]",,,,,,,1.229,0.956,,,,,,
Croplands_cluster_0_yearly_False_window_7_lags_7_sinusoidal_no_spline,False,7,spline_lags_7_sinusoidal_no,0.156,0.502,761.442,772.414,False,True,False,0.875,-0.17,0,1.0,1.007,1.057,1.002,0.21,0.842,0.591,"[np.float64(500.913), np.float64(540.0), np.float64(559.435), np.float64(576.224), np.float64(617.929)]",,,,,,,,,1.066,0.064,,,,
Croplands_cluster_0_yearly_False_window_7_lags_none_sinusoidal_yes_spline,False,7,spline_lags_none_sinusoidal_yes,0.378,0.291,877.457,891.249,False,False,False,0.839,-0.561,0,1.0,1.004,1.032,1.062,0.091,0.258,0.001,"[np.float64(500.913), np.float64(532.8796), np.float64(556.21), np.float64(589.534), np.float64(617.929)]",,,,,,,,,,,1.04,1.058,0.203,0.072
Croplands_cluster_0_yearly_False_window_7_lags_1_sinusoidal_yes_spline,False,7,spline_lags_1_sinusoidal_yes,0.3,0.185,851.771,867.381,False,True,False,0.833,-1.308,0,1.0,1.147,1.075,1.037,0.043,0.698,0.056,"[np.float64(500.913), np.float64(543.052), np.float64(565.8), np.float64(589.534), np.float64(617.929)]",1.174,0.014,,,,,,,,,1.049,1.035,0.744,0.133
Croplands_cluster_0_yearly_False_window_7_lags_2_sinusoidal_yes_spline,False,7,spline_lags_2_sinusoidal_yes,0.194,0.342,840.787,856.242,False,False,False,0.839,-0.689,0,1.0,1.068,1.086,1.029,0.054,0.398,0.956,"[np.float64(500.913), np.float64(543.51), np.float64(565.8), np.float64(589.534), np.float64(617.929)]",,,1.117,0.107,,,,,,,1.04,1.025,0.518,0.129
Croplands_cluster_0_yearly_False_window_7_lags_3_sinusoidal_yes_spline,False,7,spline_lags_3_sinusoidal_yes,0.159,0.345,826.093,841.389,False,False,False,0.756,-0.012,0,1.0,1.084,1.106,1.096,0.188,0.666,0.878,"[np.float64(500.913), np.float64(540.0), np.float64(559.308), np.float64(589.534), np.float64(617.929)]",,,,,1.158,0.608,,,,,1.108,1.02,0.592,0.056
Croplands_cluster_0_yearly_False_window_7_lags_4_sinusoidal_yes_spline,False,7,spline_lags_4_sinusoidal_yes,0.149,0.798,810.267,825.402,False,False,False,0.746,0.032,0,1.0,1.081,1.176,1.043,0.197,0.645,0.887,"[np.float64(500.913), np.float64(540.0), np.float64(565.8), np.float64(589.534), np.float64(617.929)]",,,,,,,1.231,0.821,,,1.053,1.017,0.741,0.061
Croplands_cluster_0_yearly_False_window_7_lags_7_sinusoidal_yes_spline,False,7,spline_lags_7_sinusoidal_yes,0.223,0.474,761.645,776.275,False,False,False,0.904,-0.111,0,1.0,1.01,1.119,1.027,0.2,0.837,0.579,"[np.float64(500.913), np.float64(540.0), np.float64(559.435), np.float64(576.224), np.float64(617.929)]",,,,,,,,,1.068,0.058,1.079,1.009,0.571,0.097
Croplands_cluster_0_yearly_True_window_7_lags_none_sinusoidal_no_spline,True,7,spline_lags_none_sinusoidal_no,0.343,0.016,445.085,451.746,False,True,False,0.688,-1.269,0,1.0,1.0,1.0,1.0,0.111,0.671,0.461,"[np.float64(512.6990000000001), np.float64(555.5), np.float64(568.27685), np.float64(585.3676), np.float64(614.68)]",,,,,,,,,,,,,,
Croplands_cluster_0_yearly_True_window_7_lags_1_sinusoidal_no_spline,True,7,spline_lags_1_sinusoidal_no,0.43,0.003,424.657,432.432,False,True,False,0.966,-1.095,0,1.0,1.012,1.019,1.011,0.265,0.031,0.876,"[np.float64(543.51), np.float64(565.8), np.float64(576.1), np.float64(587.4508), np.float64(614.68)]",1.042,0.01,,,,,,,,,,,,
Croplands_cluster_0_yearly_True_window_7_lags_2_sinusoidal_no_spline,True,7,spline_lags_2_sinusoidal_no,0.262,0.117,415.508,423.056,False,True,False,0.874,-2.854,0,1.0,1.059,1.0,1.019,0.499,0.382,0.398,"[np.float64(543.51), np.float64(565.8), np.float64(576.1), np.float64(589.534), np.float64(614.68)]",,,1.078,0.072,,,,,,,,,,
Croplands_cluster_0_yearly_True_window_7_lags_3_sinusoidal_no_spline,True,7,spline_lags_3_sinusoidal_no,0.144,0.273,398.396,405.709,False,True,False,0.939,-0.254,0,1.0,1.006,1.043,1.017,0.303,0.492,0.909,"[np.float64(543.51), np.float64(565.8), np.float64(573.62), np.float64(579.118), np.float64(614.68)]",,,,,1.066,0.832,,,,,,,,
Croplands_cluster_0_yearly_True_window_7_lags_4_sinusoidal_no_spline,True,7,spline_lags_4_sinusoidal_no,0.335,0.242,378.186,385.254,True,True,False,0.855,-2.383,0,1.0,1.003,1.072,1.061,0.818,0.156,0.028,"[np.float64(554.9014999999999), np.float64(569.1786), np.float64(581.722), np.float64(589.534), np.float64(614.68)]",,,,,,,1.136,0.944,,,,,,
Croplands_cluster_0_yearly_True_window_7_lags_7_sinusoidal_no_spline,True,7,spline_lags_7_sinusoidal_no,0.343,0.051,332.008,338.275,False,True,False,0.738,-5.058,0,1.0,1.077,1.23,1.016,0.503,0.07,0.238,"[np.float64(528.2065), np.float64(565.8), np.float64(576.1), np.float64(589.534), np.float64(614.68)]",,,,,,,,,1.323,0.717,,,,
Croplands_cluster_0_yearly_True_window_7_lags_none_sinusoidal_yes_spline,True,7,spline_lags_none_sinusoidal_yes,0.413,0.01,445.925,455.251,True,True,False,0.532,-1.623,0,1.0,1.144,1.018,1.073,0.054,0.662,0.509,"[np.float64(512.6990000000001), np.float64(555.5), np.float64(568.27685), np.float64(585.3676), np.float64(614.68)]",,,,,,,,,,,1.052,1.183,0.298,0.257
Croplands_cluster_0_yearly_True_window_7_lags_1_sinusoidal_yes_spline,True,7,spline_lags_1_sinusoidal_yes,0.492,0.003,425.509,435.875,False,True,False,0.805,-2.569,0,1.0,1.089,1.028,1.215,0.228,0.03,0.682,"[np.float64(543.51), np.float64(565.8), np.float64(576.1), np.float64(587.4508), np.float64(614.68)]",1.046,0.007,,,,,,,,,1.149,1.138,0.142,0.851
Croplands_cluster_0_yearly_True_window_7_lags_2_sinusoidal_yes_spline,True,7,spline_lags_2_sinusoidal_yes,0.365,0.133,415.578,425.642,True,True,False,0.943,-1.339,0,1.0,1.2,1.017,1.32,0.226,0.304,0.128,"[np.float64(543.51), np.float64(565.8), np.float64(576.1), np.float64(589.534), np.float64(614.68)]",,,1.078,0.068,,,,,,,1.017,1.442,0.683,0.109
Croplands_cluster_0_yearly_True_window_7_lags_3_sinusoidal_yes_spline,True,7,spline_lags_3_sinusoidal_yes,0.221,0.272,400.035,409.786,False,True,False,0.79,-7.451,0,1.0,1.133,1.074,1.246,0.181,0.574,0.811,"[np.float64(543.51), np.float64(565.8), np.float64(573.62), np.float64(579.118), np.float64(614.68)]",,,,,1.068,0.801,,,,,1.1,1.285,0.433,0.347
Croplands_cluster_0_yearly_True_window_7_lags_4_sinusoidal_yes_spline,True,7,spline_lags_4_sinusoidal_yes,0.386,0.275,380.292,389.717,True,True,False,0.827,-3.813,0,1.0,1.105,1.125,1.093,0.583,0.121,0.042,"[np.float64(554.9014999999999), np.float64(569.1786), np.float64(581.722), np.float64(589.534), np.float64(614.68)]",,,,,,,1.137,0.927,,,1.09,1.096,0.474,0.381
Croplands_cluster_0_yearly_True_window_7_lags_7_sinusoidal_yes_spline,True,7,spline_lags_7_sinusoidal_yes,0.376,0.11,334.948,343.304,False,True,False,0.67,-9.744,0,1.0,1.409,1.299,1.252,0.351,0.075,0.51,"[np.float64(528.2065), np.float64(565.8), np.float64(576.1), np.float64(589.534), np.float64(614.68)]",,,,,,,,,1.413,0.941,1.08,1.466,0.634,0.493
Croplands_cluster_0_yearly_False_window_8_lags_none_sinusoidal_no_spline,False,8,spline_lags_none_sinusoidal_no,0.506,0.687,842.605,852.457,False,True,False,1.029,0.386,0,1.0,1.0,1.0,1.0,0.806,0.04,0.0,"[np.float64(482.0905), np.float64(543.052), np.float64(559.7983), np.float64(582.879), np.float64(614.68)]",,,,,,,,,,,,,,
Croplands_cluster_0_yearly_False_window_8_lags_1_sinusoidal_no_spline,False,8,spline_lags_1_sinusoidal_no,0.107,0.253,832.133,843.84,False,True,False,1.199,-0.436,0,1.0,1.0,1.037,1.0,0.564,0.522,0.318,"[np.float64(482.0905), np.float64(533.8512), np.float64(551.38), np.float64(570.064), np.float64(614.68)]",1.038,0.047,,,,,,,,,,,,
Croplands_cluster_0_yearly_False_window_8_lags_2_sinusoidal_no_spline,False,8,spline_lags_2_sinusoidal_no,0.066,0.894,812.032,823.623,False,True,False,0.995,-2.12,0,1.0,1.008,1.0,1.021,0.777,0.543,0.594,"[np.float64(482.0905), np.float64(547.95475), np.float64(566.561), np.float64(582.879), np.float64(614.68)]",,,1.029,0.217,,,,,,,,,,
Croplands_cluster_0_yearly_False_window_8_lags_3_sinusoidal_no_spline,False,8,spline_lags_3_sinusoidal_no,0.028,0.745,796.569,808.042,False,True,False,1.012,-0.403,0,1.0,1.042,1.052,1.002,0.964,0.296,0.889,"[np.float64(482.0905), np.float64(549.86), np.float64(561.160675), np.float64(582.879), np.float64(614.68)]",,,,,1.095,0.884,,,,,,,,
Croplands_cluster_0_yearly_False_window_8_lags_4_sinusoidal_no_spline,False,8,spline_lags_4_sinusoidal_no,0.026,0.794,780.115,791.466,False,True,False,0.982,-0.411,0,1.0,1.04,1.07,1.001,0.748,0.487,0.53,"[np.float64(482.0905), np.float64(528.2065), np.float64(558.05), np.float64(582.879), np.float64(614.68)]",,,,,,,1.111,0.848,,,,,,
Croplands_cluster_0_yearly_False_window_8_lags_7_sinusoidal_no_spline,False,8,spline_lags_7_sinusoidal_no,0.24,0.012,726.886,737.857,True,False,False,1.339,-0.937,0,1.0,1.049,1.169,1.012,0.182,0.388,0.122,"[np.float64(482.0905), np.float64(542.014125), np.float64(557.59), np.float64(579.89675), np.float64(614.68)]",,,,,,,,,1.23,0.002,,,,
Croplands_cluster_0_yearly_False_window_8_lags_none_sinusoidal_yes_spline,False,8,spline_lags_none_sinusoidal_yes,0.541,0.755,842.741,856.533,True,True,False,1.145,0.421,0,1.0,1.005,1.092,1.023,0.896,0.119,0.0,"[np.float64(482.0905), np.float64(543.052), np.float64(559.7983), np.float64(582.879), np.float64(614.68)]",,,,,,,,,,,1.007,1.112,0.377,0.111
Croplands_cluster_0_yearly_False_window_8_lags_1_sinusoidal_yes_spline,False,8,spline_lags_1_sinusoidal_yes,0.198,0.359,830.555,846.165,True,True,False,1.344,-0.602,0,1.0,1.045,1.09,1.059,0.837,0.385,0.457,"[np.float64(482.0905), np.float64(533.8512), np.float64(551.38), np.float64(570.064), np.float64(614.68)]",1.039,0.052,,,,,,,,,1.065,1.09,0.978,0.031
Croplands_cluster_0_yearly_False_window_8_lags_2_sinusoidal_yes_spline,False,8,spline_lags_2_sinusoidal_yes,0.097,0.874,814.266,829.721,True,True,False,1.089,-2.179,0,1.0,1.008,1.111,1.058,0.761,0.792,0.489,"[np.float64(482.0905), np.float64(547.95475), np.float64(566.561), np.float64(582.879), np.float64(614.68)]",,,1.03,0.208,,,,,,,1.01,1.137,0.679,0.254
Croplands_cluster_0_yearly_False_window_8_lags_3_sinusoidal_yes_spline,False,8,spline_lags_3_sinusoidal_yes,0.08,0.65,797.774,813.071,False,True,False,1.117,-0.352,0,1.0,1.045,1.169,1.049,0.999,0.505,0.901,"[np.float64(482.0905), np.float64(549.86), np.float64(561.160675), np.float64(582.879), np.float64(614.68)]",,,,,1.1,0.768,,,,,1.062,1.101,0.892,0.129
Croplands_cluster_0_yearly_False_window_8_lags_4_sinusoidal_yes_spline,False,8,spline_lags_4_sinusoidal_yes,0.073,0.767,781.68,796.815,True,True,False,1.098,-0.572,0,1.0,1.057,1.157,1.01,0.881,0.719,0.616,"[np.float64(482.0905), np.float64(528.2065), np.float64(558.05), np.float64(582.879), np.float64(614.68)]",,,,,,,1.113,0.907,,,1.014,1.097,0.956,0.156
Croplands_cluster_0_yearly_False_window_8_lags_7_sinusoidal_yes_spline,False,8,spline_lags_7_sinusoidal_yes,0.254,0.023,730.012,744.642,True,True,False,1.379,-2.045,0,1.0,1.077,1.233,1.034,0.253,0.554,0.137,"[np.float64(482.0905), np.float64(542.014125), np.float64(557.59), np.float64(579.89675), np.float64(614.68)]",,,,,,,,,1.234,0.004,1.035,1.075,0.792,0.416
Croplands_cluster_0_yearly_True_window_8_lags_none_sinusoidal_no_spline,True,8,spline_lags_none_sinusoidal_no,0.448,0.007,436.587,443.248,True,True,False,0.484,-2.622,0,1.0,1.0,1.0,1.0,0.041,0.789,0.667,"[np.float64(512.6990000000001), np.float64(553.552375), np.float64(567.0775), np.float64(579.28825), np.float64(614.68)]",,,,,,,,,,,,,,
Croplands_cluster_0_yearly_True_window_8_lags_1_sinusoidal_no_spline,True,8,spline_lags_1_sinusoidal_no,0.5,0.016,416.797,424.572,True,True,False,0.876,-1.882,0,1.0,1.023,1.021,1.007,0.038,0.135,0.413,"[np.float64(543.51), np.float64(560.65), np.float64(568.78), np.float64(580.9675), np.float64(614.68)]",1.051,0.018,,,,,,,,,,,,
Croplands_cluster_0_yearly_True_window_8_lags_2_sinusoidal_no_spline,True,8,spline_lags_2_sinusoidal_no,0.549,0.04,398.324,405.873,True,True,False,0.91,-2.015,0,1.0,1.041,1.034,1.068,0.149,0.076,0.218,"[np.float64(549.505), np.float64(562.7), np.float64(574.2795), np.float64(584.326), np.float64(614.68)]",,,1.142,0.002,,,,,,,,,,
Croplands_cluster_0_yearly_True_window_8_lags_3_sinusoidal_no_spline,True,8,spline_lags_3_sinusoidal_no,0.311,0.153,385.882,393.195,True,True,False,0.853,-4.559,0,1.0,1.017,1.005,1.57,0.153,0.203,0.821,"[np.float64(543.51), np.float64(560.65), np.float64(570.95), np.float64(584.326), np.float64(614.68)]",,,,,1.592,0.353,,,,,,,,
Croplands_cluster_0_yearly_True_window_8_lags_4_sinusoidal_no_spline,True,8,spline_lags_4_sinusoidal_no,0.396,0.208,369.399,376.468,False,True,False,0.846,-3.762,0,1.0,1.003,1.005,1.006,0.424,0.173,0.029,"[np.float64(549.505), np.float64(562.7), np.float64(570.95), np.float64(584.326), np.float64(614.68)]",,,,,,,1.014,0.191,,,,,,
Croplands_cluster_0_yearly_True_window_8_lags_7_sinusoidal_no_spline,True,8,spline_lags_7_sinusoidal_no,0.508,0.192,319.797,326.064,True,True,False,0.69,-14.521,0,1.0,1.124,1.233,1.011,0.048,0.041,0.076,"[np.float64(528.2065), np.float64(562.7), np.float64(570.95), np.float64(584.326), np.float64(614.68)]",,,,,,,,,1.368,0.391,,,,
Croplands_cluster_0_yearly_True_window_8_lags_none_sinusoidal_yes_spline,True,8,spline_lags_none_sinusoidal_yes,0.46,0.012,439.958,449.283,True,True,False,0.468,-2.09,0,1.0,1.045,1.016,1.013,0.041,0.774,0.628,"[np.float64(512.6990000000001), np.float64(553.552375), np.float64(567.0775), np.float64(579.28825), np.float64(614.68)]",,,,,,,,,,,1.049,1.025,0.507,0.885
Croplands_cluster_0_yearly_True_window_8_lags_1_sinusoidal_yes_spline,True,8,spline_lags_1_sinusoidal_yes,0.521,0.022,419.648,430.015,True,True,False,0.78,-2.133,0,1.0,1.039,1.021,1.174,0.036,0.149,0.507,"[np.float64(543.51), np.float64(560.65), np.float64(568.78), np.float64(580.9675), np.float64(614.68)]",1.052,0.022,,,,,,,,,1.136,1.047,0.563,0.52
Croplands_cluster_0_yearly_True_window_8_lags_2_sinusoidal_yes_spline,True,8,spline_lags_2_sinusoidal_yes,0.558,0.056,401.786,411.851,True,True,False,0.91,-1.827,0,1.0,1.1,1.053,1.184,0.148,0.084,0.201,"[np.float64(549.505), np.float64(562.7), np.float64(574.2795), np.float64(584.326), np.float64(614.68)]",,,1.145,0.003,,,,,,,1.072,1.12,0.653,0.676
Croplands_cluster_0_yearly_True_window_8_lags_3_sinusoidal_yes_spline,True,8,spline_lags_3_sinusoidal_yes,0.352,0.161,388.334,398.085,False,True,False,0.817,-8.919,0,1.0,1.1,1.032,1.706,0.117,0.176,0.846,"[np.float64(543.51), np.float64(560.65), np.float64(570.95), np.float64(584.326), np.float64(614.68)]",,,,,1.645,0.348,,,,,1.101,1.092,0.416,0.544
Croplands_cluster_0_yearly_True_window_8_lags_4_sinusoidal_yes_spline,True,8,spline_lags_4_sinusoidal_yes,0.403,0.249,373.123,382.547,False,True,False,0.84,-4.164,0,1.0,1.08,1.103,1.095,0.408,0.182,0.047,"[np.float64(549.505), np.float64(562.7), np.float64(570.95), np.float64(584.326), np.float64(614.68)]",,,,,,,1.016,0.226,,,1.113,1.148,0.892,0.687
Croplands_cluster_0_yearly_True_window_8_lags_7_sinusoidal_yes_spline,True,8,spline_lags_7_sinusoidal_yes,0.509,0.226,323.749,332.106,True,True,False,0.689,-22.152,0,1.0,1.232,1.246,1.131,0.074,0.057,0.13,"[np.float64(528.2065), np.float64(562.7), np.float64(570.95), np.float64(584.326), np.float64(614.68)]",,,,,,,,,1.385,0.432,1.151,1.074,0.892,0.918
Croplands_cluster_0_yearly_False_window_9_lags_none_sinusoidal_no_spline,False,9,spline_lags_none_sinusoidal_no,0.182,0.478,847.708,857.56,False,False,False,0.396,-0.428,0,1.0,1.0,1.0,1.0,0.725,0.14,0.006,"[np.float64(500.913), np.float64(540.6104), np.float64(558.79), np.float64(576.1744), np.float64(614.68)]",,,,,,,,,,,,,,
Croplands_cluster_0_yearly_False_window_9_lags_1_sinusoidal_no_spline,False,9,spline_lags_1_sinusoidal_no,0.04,0.649,781.232,792.939,False,True,False,1.043,-1.542,0,1.0,1.092,1.002,1.0,0.347,0.902,0.615,"[np.float64(500.913), np.float64(540.0), np.float64(556.21), np.float64(576.1992), np.float64(614.68)]",1.094,0.872,,,,,,,,,,,,
Croplands_cluster_0_yearly_False_window_9_lags_2_sinusoidal_no_spline,False,9,spline_lags_2_sinusoidal_no,0.031,0.27,751.05,762.641,False,True,False,0.916,-0.303,0,1.0,1.042,1.045,1.005,0.945,0.575,0.972,"[np.float64(500.913), np.float64(543.51), np.float64(556.21), np.float64(576.1), np.float64(614.68)]",,,1.093,0.505,,,,,,,,,,
Croplands_cluster_0_yearly_False_window_9_lags_3_sinusoidal_no_spline,False,9,spline_lags_3_sinusoidal_no,0.183,0.095,725.396,736.868,False,True,False,1.056,-0.191,0,1.0,1.058,1.1,1.0,0.906,0.958,0.148,"[np.float64(500.913), np.float64(543.51), np.float64(559.27375), np.float64(576.1), np.float64(614.68)]",,,,,1.158,0.014,,,,,,,,
Croplands_cluster_0_yearly_False_window_9_lags_4_sinusoidal_no_spline,False,9,spline_lags_4_sinusoidal_no,0.216,0.015,709.995,721.346,True,True,False,1.07,-0.082,0,1.0,1.069,1.099,1.008,0.733,0.545,0.238,"[np.float64(500.913), np.float64(543.51), np.float64(561.981), np.float64(576.1), np.float64(614.68)]",,,,,,,1.176,0.006,,,,,,
Croplands_cluster_0_yearly_False_window_9_lags_7_sinusoidal_no_spline,False,9,spline_lags_7_sinusoidal_no,0.371,0.0,654.078,665.049,False,True,False,1.491,0.073,0,1.0,1.086,1.007,1.007,0.652,0.125,0.682,"[np.float64(500.913), np.float64(535.54975), np.float64(556.21), np.float64(576.1), np.float64(614.68)]",,,,,,,,,1.1,0.0,,,,
Croplands_cluster_0_yearly_False_window_9_lags_none_sinusoidal_yes_spline,False,9,spline_lags_none_sinusoidal_yes,0.232,0.335,848.304,862.096,False,False,False,0.435,-0.421,0,1.0,1.017,1.022,1.008,0.862,0.15,0.009,"[np.float64(500.913), np.float64(540.6104), np.float64(558.79), np.float64(576.1744), np.float64(614.68)]",,,,,,,,,,,1.02,1.028,0.951,0.087
Croplands_cluster_0_yearly_False_window_9_lags_1_sinusoidal_yes_spline,False,9,spline_lags_1_sinusoidal_yes,0.056,0.54,784.343,799.953,False,True,False,1.022,-1.525,0,1.0,1.111,1.015,1.077,0.293,0.893,0.479,"[np.float64(500.913), np.float64(540.0), np.float64(556.21), np.float64(576.1992), np.float64(614.68)]",1.096,0.966,,,,,,,,,1.067,1.04,0.543,0.514
Croplands_cluster_0_yearly_False_window_9_lags_2_sinusoidal_yes_spline,False,9,spline_lags_2_sinusoidal_yes,0.048,0.21,754.138,769.593,False,True,False,0.866,-0.548,0,1.0,1.047,1.067,1.007,0.894,0.613,0.951,"[np.float64(500.913), np.float64(543.51), np.float64(556.21), np.float64(576.1), np.float64(614.68)]",,,1.093,0.463,,,,,,,1.012,1.016,0.62,0.461
Croplands_cluster_0_yearly_False_window_9_lags_3_sinusoidal_yes_spline,False,9,spline_lags_3_sinusoidal_yes,0.245,0.045,725.446,740.742,False,True,False,1.02,-0.191,0,1.0,1.079,1.127,1.117,0.736,0.916,0.074,"[np.float64(500.913), np.float64(543.51), np.float64(559.27375), np.float64(576.1), np.float64(614.68)]",,,,,1.158,0.008,,,,,1.137,1.027,0.179,0.199
Croplands_cluster_0_yearly_False_window_9_lags_4_sinusoidal_yes_spline,False,9,spline_lags_4_sinusoidal_yes,0.266,0.008,710.791,725.926,True,True,False,0.968,-0.075,0,1.0,1.089,1.119,1.036,0.864,0.468,0.269,"[np.float64(500.913), np.float64(543.51), np.float64(561.981), np.float64(576.1), np.float64(614.68)]",,,,,,,1.176,0.004,,,1.043,1.025,0.289,0.204
Croplands_cluster_0_yearly_False_window_9_lags_7_sinusoidal_yes_spline,False,9,spline_lags_7_sinusoidal_yes,0.386,0.0,656.933,671.562,False,True,False,1.472,-0.043,0,1.0,1.125,1.021,1.106,0.735,0.143,0.885,"[np.float64(500.913), np.float64(535.54975), np.float64(556.21), np.float64(576.1), np.float64(614.68)]",,,,,,,,,1.101,0.0,1.074,1.076,0.336,0.883
Croplands_cluster_0_yearly_True_window_9_lags_none_sinusoidal_no_spline,True,9,spline_lags_none_sinusoidal_no,0.602,0.0,421.902,428.563,True,True,False,0.978,0.154,0,1.0,1.0,1.0,1.0,0.035,0.002,0.967,"[np.float64(543.052), np.float64(565.8), np.float64(576.1), np.float64(589.0132), np.float64(614.68)]",,,,,,,,,,,,,,
Croplands_cluster_0_yearly_True_window_9_lags_1_sinusoidal_no_spline,True,9,spline_lags_1_sinusoidal_no,0.559,0.001,410.423,418.198,True,True,False,1.083,-0.041,0,1.0,1.017,1.002,1.093,0.13,0.049,0.813,"[np.float64(543.51), np.float64(565.8), np.float64(573.62), np.float64(579.118), np.float64(614.68)]",1.111,0.025,,,,,,,,,,,,
Croplands_cluster_0_yearly_True_window_9_lags_2_sinusoidal_no_spline,True,9,spline_lags_2_sinusoidal_no,0.45,0.035,398.443,405.992,True,True,False,1.153,-3.018,0,1.0,1.005,1.003,1.026,0.825,0.164,0.9,"[np.float64(554.9014999999999), np.float64(568.99825), np.float64(577.609), np.float64(590.934125), np.float64(614.68)]",,,1.034,0.003,,,,,,,,,,
Croplands_cluster_0_yearly_True_window_9_lags_3_sinusoidal_no_spline,True,9,spline_lags_3_sinusoidal_no,0.365,0.018,379.595,386.908,True,True,False,1.06,-1.625,0,1.0,1.01,1.001,1.021,0.181,0.094,0.73,"[np.float64(543.51), np.float64(559.62), np.float64(576.1), np.float64(581.2012), np.float64(614.68)]",,,,,1.031,0.064,,,,,,,,
Croplands_cluster_0_yearly_True_window_9_lags_4_sinusoidal_no_spline,True,9,spline_lags_4_sinusoidal_no,0.521,0.009,360.474,367.542,True,True,True,1.702,0.292,0,1.0,1.006,1.036,1.0,0.702,0.206,0.046,"[np.float64(554.9014999999999), np.float64(573.93), np.float64(579.118), np.float64(592.614275), np.float64(614.68)]",,,,,,,1.042,0.004,,,,,,
Croplands_cluster_0_yearly_True_window_9_lags_7_sinusoidal_no_spline,True,9,spline_lags_7_sinusoidal_no,0.273,0.843,317.927,324.194,True,True,False,1.21,-10.794,0,1.0,1.012,1.186,1.121,0.44,0.1,0.195,"[np.float64(538.8495), np.float64(565.8), np.float64(576.1), np.float64(589.534), np.float64(614.68)]",,,,,,,,,1.319,0.341,,,,
Croplands_cluster_0_yearly_True_window_9_lags_none_sinusoidal_yes_spline,True,9,spline_lags_none_sinusoidal_yes,0.626,0.0,424.168,433.493,True,True,False,0.914,-0.426,0,1.0,1.025,1.01,1.048,0.053,0.003,0.874,"[np.float64(543.052), np.float64(565.8), np.float64(576.1), np.float64(589.0132), np.float64(614.68)]",,,,,,,,,,,1.073,1.009,0.326,0.587
Croplands_cluster_0_yearly_True_window_9_lags_1_sinusoidal_yes_spline,True,9,spline_lags_1_sinusoidal_yes,0.584,0.001,412.831,423.197,True,True,False,1.036,0.034,0,1.0,1.028,1.03,1.257,0.202,0.042,0.974,"[np.float64(543.51), np.float64(565.8), np.float64(573.62), np.float64(579.118), np.float64(614.68)]",1.126,0.024,,,,,,,,,1.021,1.169,0.299,0.836
Croplands_cluster_0_yearly_True_window_9_lags_2_sinusoidal_yes_spline,True,9,spline_lags_2_sinusoidal_yes,0.452,0.052,402.375,412.44,True,True,False,1.141,-3.403,0,1.0,1.007,1.054,1.039,0.827,0.221,0.886,"[np.float64(554.9014999999999), np.float64(568.99825), np.float64(577.609), np.float64(590.934125), np.float64(614.68)]",,,1.035,0.005,,,,,,,1.011,1.053,0.979,0.83
Croplands_cluster_0_yearly_True_window_9_lags_3_sinusoidal_yes_spline,True,9,spline_lags_3_sinusoidal_yes,0.428,0.012,380.995,390.746,True,True,False,1.016,-1.812,0,1.0,1.014,1.075,1.214,0.224,0.062,0.853,"[np.float64(543.51), np.float64(559.62), np.float64(576.1), np.float64(581.2012), np.float64(614.68)]",,,,,1.035,0.046,,,,,1.152,1.116,0.197,0.771
Croplands_cluster_0_yearly_True_window_9_lags_4_sinusoidal_yes_spline,True,9,spline_lags_4_sinusoidal_yes,0.568,0.007,361.991,371.415,False,True,True,1.734,0.335,0,1.0,1.013,1.127,1.018,0.621,0.124,0.042,"[np.float64(554.9014999999999), np.float64(573.93), np.float64(579.118), np.float64(592.614275), np.float64(614.68)]",,,,,,,1.045,0.004,,,1.075,1.038,0.206,0.905
Croplands_cluster_0_yearly_True_window_9_lags_7_sinusoidal_yes_spline,True,9,spline_lags_7_sinusoidal_yes,0.37,0.714,318.901,327.257,True,True,False,1.186,-11.351,0,1.0,1.071,1.307,1.233,0.447,0.055,0.398,"[np.float64(538.8495), np.float64(565.8), np.float64(576.1), np.float64(589.534), np.float64(614.68)]",,,,,,,,,1.323,0.398,1.148,1.141,0.222,0.543
Croplands_cluster_0_yearly_False_window_10_lags_none_sinusoidal_no_spline,False,10,spline_lags_none_sinusoidal_no,0.045,0.687,860.229,870.08,False,True,False,0.867,-0.123,0,1.0,1.0,1.0,1.0,0.564,0.33,0.345,"[np.float64(500.913), np.float64(543.9995), np.float64(557.02), np.float64(574.9532), np.float64(614.68)]",,,,,,,,,,,,,,
Croplands_cluster_0_yearly_False_window_10_lags_1_sinusoidal_no_spline,False,10,spline_lags_1_sinusoidal_no,0.019,0.56,798.648,810.356,False,True,False,1.293,-1.439,0,1.0,1.047,1.0,1.001,0.626,0.898,0.715,"[np.float64(500.913), np.float64(543.052), np.float64(552.9), np.float64(570.95), np.float64(614.68)]",1.048,0.855,,,,,,,,,,,,
Croplands_cluster_0_yearly_False_window_10_lags_2_sinusoidal_no_spline,False,10,spline_lags_2_sinusoidal_no,0.152,0.171,765.213,776.804,True,True,False,1.27,-0.621,0,1.0,1.09,1.048,1.021,0.337,0.928,0.181,"[np.float64(500.913), np.float64(543.75475), np.float64(552.9), np.float64(570.95), np.float64(614.68)]",,,1.159,0.014,,,,,,,,,,
Croplands_cluster_0_yearly_False_window_10_lags_3_sinusoidal_no_spline,False,10,spline_lags_3_sinusoidal_no,0.213,0.138,746.052,757.524,False,True,True,1.618,-0.166,0,1.0,1.092,1.219,1.001,0.446,0.523,0.11,"[np.float64(500.913), np.float64(544.307), np.float64(557.958), np.float64(581.19975), np.float64(614.68)]",,,,,1.311,0.004,,,,,,,,
Croplands_cluster_0_yearly_False_window_10_lags_4_sinusoidal_no_spline,False,10,spline_lags_4_sinusoidal_no,0.114,0.086,737.314,748.665,False,True,True,1.62,-1.111,0,1.0,1.153,1.122,1.013,0.473,0.622,0.473,"[np.float64(500.913), np.float64(533.4846), np.float64(558.604), np.float64(582.879), np.float64(614.68)]",,,,,,,1.287,0.052,,,,,,
Croplands_cluster_0_yearly_False_window_10_lags_7_sinusoidal_no_spline,False,10,spline_lags_7_sinusoidal_no,0.146,0.036,690.414,701.386,False,True,True,1.618,-0.143,0,1.0,1.08,1.068,1.003,0.686,0.785,0.892,"[np.float64(500.913), np.float64(542.712), np.float64(555.3825), np.float64(570.95), np.float64(614.68)]",,,,,,,,,1.151,0.017,,,,
Croplands_cluster_0_yearly_False_window_10_lags_none_sinusoidal_yes_spline,False,10,spline_lags_none_sinusoidal_yes,0.095,0.72,861.386,875.178,False,True,False,0.931,-0.243,0,1.0,1.01,1.063,1.031,0.507,0.402,0.382,"[np.float64(500.913), np.float64(543.9995), np.float64(557.02), np.float64(574.9532), np.float64(614.68)]",,,,,,,,,,,1.064,1.041,0.595,0.148
Croplands_cluster_0_yearly_False_window_10_lags_1_sinusoidal_yes_spline,False,10,spline_lags_1_sinusoidal_yes,0.023,0.613,802.437,818.047,False,True,False,1.293,-1.707,0,1.0,1.061,1.054,1.046,0.629,0.908,0.708,"[np.float64(500.913), np.float64(543.052), np.float64(552.9), np.float64(570.95), np.float64(614.68)]",1.049,0.88,,,,,,,,,1.042,1.07,0.689,0.914
Croplands_cluster_0_yearly_False_window_10_lags_2_sinusoidal_yes_spline,False,10,spline_lags_2_sinusoidal_yes,0.201,0.116,766.157,781.612,True,True,False,1.25,-0.711,0,1.0,1.148,1.168,1.089,0.215,0.793,0.096,"[np.float64(500.913), np.float64(543.75475), np.float64(552.9), np.float64(570.95), np.float64(614.68)]",,,1.19,0.007,,,,,,,1.073,1.143,0.737,0.112
Croplands_cluster_0_yearly_False_window_10_lags_3_sinusoidal_yes_spline,False,10,spline_lags_3_sinusoidal_yes,0.267,0.097,746.485,761.781,False,True,True,1.695,-0.304,0,1.0,1.126,1.323,1.02,0.319,0.345,0.096,"[np.float64(500.913), np.float64(544.307), np.float64(557.958), np.float64(581.19975), np.float64(614.68)]",,,,,1.345,0.002,,,,,1.051,1.073,0.967,0.086
Croplands_cluster_0_yearly_False_window_10_lags_4_sinusoidal_yes_spline,False,10,spline_lags_4_sinusoidal_yes,0.147,0.071,739.462,754.597,False,True,True,1.636,-0.797,0,1.0,1.198,1.182,1.067,0.367,0.534,0.414,"[np.float64(500.913), np.float64(533.4846), np.float64(558.604), np.float64(582.879), np.float64(614.68)]",,,,,,,1.308,0.039,,,1.08,1.06,0.847,0.224
Croplands_cluster_0_yearly_False_window_10_lags_7_sinusoidal_yes_spline,False,10,spline_lags_7_sinusoidal_yes,0.149,0.047,694.216,708.845,False,True,True,1.61,-0.157,0,1.0,1.085,1.137,1.035,0.697,0.77,0.94,"[np.float64(500.913), np.float64(542.712), np.float64(555.3825), np.float64(570.95), np.float64(614.68)]",,,,,,,,,1.156,0.022,1.085,1.017,0.726,0.848
Croplands_cluster_0_yearly_True_window_10_lags_none_sinusoidal_no_spline,True,10,spline_lags_none_sinusoidal_no,0.694,0.0,412.728,419.389,True,True,False,1.246,0.459,0,1.0,1.0,1.0,1.0,0.029,0.0,0.387,"[np.float64(543.052), np.float64(566.806975), np.float64(574.61245), np.float64(583.99015), np.float64(602.107)]",,,,,,,,,,,,,,
Croplands_cluster_0_yearly_True_window_10_lags_1_sinusoidal_no_spline,True,10,spline_lags_1_sinusoidal_no,0.678,0.0,400.031,407.806,True,True,False,1.385,-0.508,0,1.0,1.001,1.002,1.052,0.011,0.057,0.429,"[np.float64(543.51), np.float64(557.77575), np.float64(567.85), np.float64(576.9431), np.float64(602.107)]",1.055,0.004,,,,,,,,,,,,
Croplands_cluster_0_yearly_True_window_10_lags_2_sinusoidal_no_spline,True,10,spline_lags_2_sinusoidal_no,0.637,0.033,385.664,393.213,True,True,False,1.354,-0.387,0,1.0,1.0,1.026,1.012,0.162,0.075,0.891,"[np.float64(549.505), np.float64(560.65), np.float64(567.85), np.float64(577.609), np.float64(602.107)]",,,1.038,0.0,,,,,,,,,,
Croplands_cluster_0_yearly_True_window_10_lags_3_sinusoidal_no_spline,True,10,spline_lags_3_sinusoidal_no,0.537,0.01,368.001,375.315,True,True,False,1.01,-1.23,0,1.0,1.001,1.0,1.21,0.102,0.08,0.015,"[np.float64(543.51), np.float64(555.3803), np.float64(573.6136), np.float64(578.9524), np.float64(602.107)]",,,,,1.211,0.728,,,,,,,,
Croplands_cluster_0_yearly_True_window_10_lags_4_sinusoidal_no_spline,True,10,spline_lags_4_sinusoidal_no,0.663,0.002,348.683,355.751,True,True,False,1.399,-1.659,0,1.0,1.089,1.006,1.084,0.994,0.002,0.115,"[np.float64(554.9014999999999), np.float64(566.83795), np.float64(576.2772), np.float64(580.2958), np.float64(602.107)]",,,,,,,1.18,0.004,,,,,,
Croplands_cluster_0_yearly_True_window_10_lags_7_sinusoidal_no_spline,True,10,spline_lags_7_sinusoidal_no,0.591,0.013,302.055,308.323,True,True,True,1.578,-49.975,0,1.0,1.151,1.003,1.171,0.5,0.006,0.003,"[np.float64(538.8495), np.float64(562.7), np.float64(570.95), np.float64(584.326), np.float64(602.107)]",,,,,,,,,1.325,0.043,,,,
Croplands_cluster_0_yearly_True_window_10_lags_none_sinusoidal_yes_spline,True,10,spline_lags_none_sinusoidal_yes,0.731,0.0,413.161,422.486,True,True,False,0.944,0.393,0,1.0,1.01,1.0,1.042,0.033,0.0,0.561,"[np.float64(543.052), np.float64(566.806975), np.float64(574.61245), np.float64(583.99015), np.float64(602.107)]",,,,,,,,,,,1.031,1.02,0.107,0.899
Croplands_cluster_0_yearly_True_window_10_lags_1_sinusoidal_yes_spline,True,10,spline_lags_1_sinusoidal_yes,0.719,0.0,400.421,410.787,True,True,False,1.135,-0.517,0,1.0,1.007,1.004,1.117,0.009,0.044,0.548,"[np.float64(543.51), np.float64(557.77575), np.float64(567.85), np.float64(576.9431), np.float64(602.107)]",1.059,0.004,,,,,,,,,1.009,1.06,0.276,0.249
Croplands_cluster_0_yearly_True_window_10_lags_2_sinusoidal_yes_spline,True,10,spline_lags_2_sinusoidal_yes,0.649,0.033,388.814,398.879,True,True,False,1.426,-2.599,0,1.0,1.059,1.048,1.036,0.164,0.07,0.808,"[np.float64(549.505), np.float64(560.65), np.float64(567.85), np.float64(577.609), np.float64(602.107)]",,,1.04,0.0,,,,,,,1.08,1.023,0.475,0.798
Croplands_cluster_0_yearly_True_window_10_lags_3_sinusoidal_yes_spline,True,10,spline_lags_3_sinusoidal_yes,0.594,0.005,368.719,378.47,True,True,False,0.764,-0.786,0,1.0,1.012,1.029,1.283,0.098,0.041,0.037,"[np.float64(543.51), np.float64(555.3803), np.float64(573.6136), np.float64(578.9524), np.float64(602.107)]",,,,,1.224,0.552,,,,,1.048,1.053,0.142,0.843
Croplands_cluster_0_yearly_True_window_10_lags_4_sinusoidal_yes_spline,True,10,spline_lags_4_sinusoidal_yes,0.709,0.001,349.139,358.564,True,True,False,1.322,-1.222,0,1.0,1.137,1.101,1.156,0.836,0.002,0.152,"[np.float64(554.9014999999999), np.float64(566.83795), np.float64(576.2772), np.float64(580.2958), np.float64(602.107)]",,,,,,,1.183,0.004,,,1.191,1.02,0.255,0.316
Croplands_cluster_0_yearly_True_window_10_lags_7_sinusoidal_yes_spline,True,10,spline_lags_7_sinusoidal_yes,0.682,0.029,300.758,309.114,True,True,True,1.638,-12.233,0,1.0,1.238,1.051,1.197,0.962,0.005,0.005,"[np.float64(538.8495), np.float64(562.7), np.float64(570.95), np.float64(584.326), np.float64(602.107)]",,,,,,,,,1.35,0.1,1.112,1.024,0.076,0.949
