analysis_name,yearly_aggregate,window_size,config_type,r_squared,p_value,aic,bic,is_normal,is_homoscedastic,no_autocorrelation,durbin_watson,cv_r2_score,cv_r2_std,vif_PPT,vif_segment,p_value_segment,breakpoint,vif_ortho_PPT_lag1,p_value_lag1,vif_ortho_PPT_lag2,p_value_lag2,vif_ortho_PPT_lag3,p_value_lag3,vif_ortho_PPT_lag4,p_value_lag4,vif_ortho_PPT_lag7,p_value_lag7,vif_ortho_sin_cycle,vif_ortho_cos_cycle,p_value_sin,p_value_cos
Croplands_cluster_0_yearly_False_window_1_lags_none_sinusoidal_no_piecewise,False,1,piecewise_lags_none_sinusoidal_no,0.116,0.035,1031.23,1037.141,False,True,True,2.28,-0.001,0,2.7,2.7,0.357,518.4534626262626,,,,,,,,,,,,,,
Croplands_cluster_0_yearly_False_window_1_lags_1_sinusoidal_no_piecewise,False,1,piecewise_lags_1_sinusoidal_no,0.26,0.355,1004.719,1012.524,False,True,True,2.154,0.159,0,1.141,1.169,0.234,633.4604,1.028,0.004,,,,,,,,,,,,
Croplands_cluster_0_yearly_False_window_1_lags_2_sinusoidal_no_piecewise,False,1,piecewise_lags_2_sinusoidal_no,0.131,0.037,993.933,1001.66,False,True,True,2.186,0.038,0,3.333,3.596,0.313,518.7688080808081,,,1.263,0.452,,,,,,,,,,
Croplands_cluster_0_yearly_False_window_1_lags_3_sinusoidal_no_piecewise,False,1,piecewise_lags_3_sinusoidal_no,0.122,0.077,975.579,983.227,False,True,True,2.115,-0.073,0,1.106,1.113,0.389,635.152,,,,,1.007,0.748,,,,,,,,
Croplands_cluster_0_yearly_False_window_1_lags_4_sinusoidal_no_piecewise,False,1,piecewise_lags_4_sinusoidal_no,0.179,0.455,953.328,960.895,False,True,True,1.995,-0.066,0,3.593,3.952,0.411,518.2562828282828,,,,,,,1.359,0.093,,,,,,
Croplands_cluster_0_yearly_False_window_1_lags_7_sinusoidal_no_piecewise,False,1,piecewise_lags_7_sinusoidal_no,0.169,0.182,896.129,903.443,False,True,True,2.216,-0.127,0,3.83,4.444,0.216,520.151111111111,,,,,,,,,1.614,0.201,,,,
Croplands_cluster_0_yearly_False_window_1_lags_none_sinusoidal_yes_piecewise,False,1,piecewise_lags_none_sinusoidal_yes,0.137,0.03,1033.965,1043.816,False,True,True,2.303,-0.134,0,3.071,3.289,0.491,518.4534626262626,,,,,,,,,,,1.009,1.209,0.868,0.289
Croplands_cluster_0_yearly_False_window_1_lags_1_sinusoidal_yes_piecewise,False,1,piecewise_lags_1_sinusoidal_yes,0.273,0.529,1007.845,1019.552,False,True,True,2.134,0.005,0,1.142,1.181,0.255,633.4604,1.029,0.01,,,,,,,,,1.01,1.0,0.597,0.488
Croplands_cluster_0_yearly_False_window_1_lags_2_sinusoidal_yes_piecewise,False,1,piecewise_lags_2_sinusoidal_yes,0.153,0.033,996.624,1008.215,False,True,True,2.179,-0.123,0,3.535,3.907,0.403,518.7688080808081,,,1.285,0.353,,,,,,,1.005,1.081,0.84,0.291
Croplands_cluster_0_yearly_False_window_1_lags_3_sinusoidal_yes_piecewise,False,1,piecewise_lags_3_sinusoidal_yes,0.15,0.051,977.944,989.416,False,True,True,2.146,-0.12,0,1.11,1.152,0.423,635.152,,,,,1.007,0.639,,,,,1.034,1.001,0.776,0.248
Croplands_cluster_0_yearly_False_window_1_lags_4_sinusoidal_yes_piecewise,False,1,piecewise_lags_4_sinusoidal_yes,0.199,0.436,956.122,967.473,False,True,True,2.038,-0.064,0,3.971,4.527,0.523,518.2562828282828,,,,,,,1.411,0.156,,,1.031,1.115,0.796,0.336
Croplands_cluster_0_yearly_False_window_1_lags_7_sinusoidal_yes_piecewise,False,1,piecewise_lags_7_sinusoidal_yes,0.179,0.158,899.541,910.513,False,True,True,2.214,-0.264,0,4.312,5.201,0.31,520.151111111111,,,,,,,,,1.718,0.345,1.006,1.164,0.963,0.478
Croplands_cluster_0_yearly_True_window_1_lags_none_sinusoidal_no_piecewise,True,1,piecewise_lags_none_sinusoidal_no,0.104,0.148,504.807,508.804,True,True,True,2.094,-0.015,0,7.528,7.528,0.281,423.98238888888886,,,,,,,,,,,,,,
Croplands_cluster_0_yearly_True_window_1_lags_1_sinusoidal_no_piecewise,True,1,piecewise_lags_1_sinusoidal_no,0.102,0.257,489.709,494.893,True,True,True,2.102,-0.26,0,14.205,15.144,0.364,424.7598545454545,1.939,0.932,,,,,,,,,,,,
Croplands_cluster_0_yearly_True_window_1_lags_2_sinusoidal_no_piecewise,True,1,piecewise_lags_2_sinusoidal_no,0.148,0.517,471.193,476.225,True,True,True,2.058,-0.172,0,10.678,11.119,0.491,423.2746666666667,,,1.441,0.272,,,,,,,,,,
Croplands_cluster_0_yearly_True_window_1_lags_3_sinusoidal_no_piecewise,True,1,piecewise_lags_3_sinusoidal_no,0.099,0.661,453.64,458.516,True,True,True,1.856,-0.391,0,1.179,1.19,0.328,628.2628000000001,,,,,1.011,0.943,,,,,,,,
Croplands_cluster_0_yearly_True_window_1_lags_4_sinusoidal_no_piecewise,True,1,piecewise_lags_4_sinusoidal_no,0.142,0.142,435.584,440.296,True,True,True,2.252,-1.517,0,12.457,13.099,0.248,423.9594757575757,,,,,,,1.641,0.904,,,,,,
Croplands_cluster_0_yearly_True_window_1_lags_7_sinusoidal_no_piecewise,True,1,piecewise_lags_7_sinusoidal_no,0.155,0.163,382.862,387.04,True,True,True,2.234,-0.445,0,13.586,14.653,0.317,423.4841616161616,,,,,,,,,2.067,0.763,,,,
Croplands_cluster_0_yearly_True_window_1_lags_none_sinusoidal_yes_piecewise,True,1,piecewise_lags_none_sinusoidal_yes,0.138,0.183,507.749,514.41,True,True,True,1.996,-0.082,0,9.784,10.13,0.282,423.98238888888886,,,,,,,,,,,1.008,1.338,0.465,0.595
Croplands_cluster_0_yearly_True_window_1_lags_1_sinusoidal_yes_piecewise,True,1,piecewise_lags_1_sinusoidal_yes,0.149,0.413,492.234,500.009,True,True,True,2.022,-0.259,0,15.519,16.651,0.379,424.7598545454545,2.032,0.65,,,,,,,,,1.09,1.01,0.343,0.602
Croplands_cluster_0_yearly_True_window_1_lags_2_sinusoidal_yes_piecewise,True,1,piecewise_lags_2_sinusoidal_yes,0.156,0.487,474.933,482.481,True,True,True,2.028,-1.194,0,12.298,12.981,0.479,423.2746666666667,,,1.515,0.37,,,,,,,1.14,1.027,0.769,0.752
Croplands_cluster_0_yearly_True_window_1_lags_3_sinusoidal_yes_piecewise,True,1,piecewise_lags_3_sinusoidal_yes,0.129,0.964,456.819,464.132,True,True,True,1.756,-0.793,0,1.187,1.24,0.349,628.2628000000001,,,,,1.011,0.709,,,,,1.004,1.038,0.56,0.575
Croplands_cluster_0_yearly_True_window_1_lags_4_sinusoidal_yes_piecewise,True,1,piecewise_lags_4_sinusoidal_yes,0.177,0.163,438.593,445.662,True,True,True,2.12,-7.365,0,12.709,13.386,0.258,423.9594757575757,,,,,,,1.655,0.956,,,1.001,1.021,0.578,0.518
Croplands_cluster_0_yearly_True_window_1_lags_7_sinusoidal_yes_piecewise,True,1,piecewise_lags_7_sinusoidal_yes,0.174,0.187,386.398,392.665,True,True,True,2.214,-3.945,0,13.753,14.847,0.33,423.4841616161616,,,,,,,,,2.081,0.805,1.002,1.012,0.883,0.585
Croplands_cluster_0_yearly_False_window_2_lags_none_sinusoidal_no_piecewise,False,2,piecewise_lags_none_sinusoidal_no,0.111,0.041,987.984,993.895,False,True,False,1.219,0.011,0,2.876,2.876,0.105,471.6314625959596,,,,,,,,,,,,,,
Croplands_cluster_0_yearly_False_window_2_lags_1_sinusoidal_no_piecewise,False,2,piecewise_lags_1_sinusoidal_no,0.236,0.341,964.357,972.162,False,True,False,1.004,0.078,0,3.825,4.281,0.314,471.4430040252525,1.456,0.005,,,,,,,,,,,,
Croplands_cluster_0_yearly_False_window_2_lags_2_sinusoidal_no_piecewise,False,2,piecewise_lags_2_sinusoidal_no,0.118,0.146,953.688,961.415,False,True,False,1.266,-0.036,0,4.623,5.386,0.207,471.25454545454545,,,1.763,0.637,,,,,,,,,,
Croplands_cluster_0_yearly_False_window_2_lags_3_sinusoidal_no_piecewise,False,2,piecewise_lags_3_sinusoidal_no,0.099,0.1,937.226,944.874,False,True,False,1.22,-0.119,0,3.924,4.405,0.207,472.21800909090905,,,,,1.481,0.958,,,,,,,,
Croplands_cluster_0_yearly_False_window_2_lags_4_sinusoidal_no_piecewise,False,2,piecewise_lags_4_sinusoidal_no,0.139,0.117,920.775,928.342,False,True,False,1.091,-0.033,0,5.98,7.532,0.167,471.4972909090909,,,,,,,2.552,0.277,,,,,,
Croplands_cluster_0_yearly_False_window_2_lags_7_sinusoidal_no_piecewise,False,2,piecewise_lags_7_sinusoidal_no,0.237,0.133,856.921,864.235,False,True,False,1.257,0.065,0,5.767,7.064,0.05,471.1130454545454,,,,,,,,,2.297,0.008,,,,
Croplands_cluster_0_yearly_False_window_2_lags_none_sinusoidal_yes_piecewise,False,2,piecewise_lags_none_sinusoidal_yes,0.135,0.052,990.528,1000.38,False,True,False,1.301,-0.041,0,3.165,3.32,0.147,471.6314625959596,,,,,,,,,,,1.0,1.154,0.34,0.522
Croplands_cluster_0_yearly_False_window_2_lags_1_sinusoidal_yes_piecewise,False,2,piecewise_lags_1_sinusoidal_yes,0.255,0.387,967.01,978.717,False,True,False,1.074,-0.003,0,3.975,4.508,0.392,471.4430040252525,1.48,0.008,,,,,,,,,1.003,1.05,0.396,0.488
Croplands_cluster_0_yearly_False_window_2_lags_2_sinusoidal_yes_piecewise,False,2,piecewise_lags_2_sinusoidal_yes,0.145,0.161,956.085,967.676,False,True,False,1.363,-0.04,0,4.779,5.618,0.243,471.25454545454545,,,1.796,0.678,,,,,,,1.001,1.042,0.261,0.704
Croplands_cluster_0_yearly_False_window_2_lags_3_sinusoidal_yes_piecewise,False,2,piecewise_lags_3_sinusoidal_yes,0.117,0.118,940.21,951.682,False,True,False,1.307,-0.224,0,4.044,4.586,0.247,472.21800909090905,,,,,1.501,0.986,,,,,1.001,1.04,0.431,0.607
Croplands_cluster_0_yearly_False_window_2_lags_4_sinusoidal_yes_piecewise,False,2,piecewise_lags_4_sinusoidal_yes,0.165,0.137,923.238,934.589,False,True,False,1.115,-0.026,0,6.697,8.616,0.165,471.4972909090909,,,,,,,2.775,0.226,,,1.067,1.077,0.262,0.842
Croplands_cluster_0_yearly_False_window_2_lags_7_sinusoidal_yes_piecewise,False,2,piecewise_lags_7_sinusoidal_yes,0.25,0.137,860.093,871.065,False,True,False,1.286,-0.125,0,6.303,7.858,0.06,471.1130454545454,,,,,,,,,2.443,0.013,1.002,1.111,0.409,0.856
Croplands_cluster_0_yearly_True_window_2_lags_none_sinusoidal_no_piecewise,True,2,piecewise_lags_none_sinusoidal_no,0.328,0.002,477.583,481.579,True,True,True,1.514,-0.022,0,2.525,2.525,0.002,500.7007954277778,,,,,,,,,,,,,,
Croplands_cluster_0_yearly_True_window_2_lags_1_sinusoidal_no_piecewise,True,2,piecewise_lags_1_sinusoidal_no,0.345,0.015,462.249,467.433,True,True,False,1.442,-0.051,0,1.98,2.15,0.004,538.2166148363636,1.169,0.627,,,,,,,,,,,,
Croplands_cluster_0_yearly_True_window_2_lags_2_sinusoidal_no_piecewise,True,2,piecewise_lags_2_sinusoidal_no,0.281,0.114,450.285,455.318,True,True,False,1.241,-0.02,0,3.824,4.452,0.044,500.97182779040406,,,1.629,0.374,,,,,,,,,,
Croplands_cluster_0_yearly_True_window_2_lags_3_sinusoidal_no_piecewise,True,2,piecewise_lags_3_sinusoidal_no,0.233,0.479,430.292,435.168,True,True,True,1.625,-0.198,0,1.368,1.566,0.033,567.0669656080809,,,,,1.198,0.401,,,,,,,,
Croplands_cluster_0_yearly_True_window_2_lags_4_sinusoidal_no_piecewise,True,2,piecewise_lags_4_sinusoidal_no,0.486,0.063,405.256,409.968,True,True,True,1.98,0.292,0,2.702,3.237,0.002,534.6370328282828,,,,,,,1.535,0.127,,,,,,
Croplands_cluster_0_yearly_True_window_2_lags_7_sinusoidal_no_piecewise,True,2,piecewise_lags_7_sinusoidal_no,0.557,0.0,354.11,358.288,True,True,False,1.316,0.264,0,6.308,8.576,0.002,501.65366666666665,,,,,,,,,3.268,0.11,,,,
Croplands_cluster_0_yearly_True_window_2_lags_none_sinusoidal_yes_piecewise,True,2,piecewise_lags_none_sinusoidal_yes,0.366,0.002,479.989,486.65,True,True,True,1.546,-0.081,0,2.91,3.163,0.002,500.7007954277778,,,,,,,,,,,1.209,1.044,0.301,0.707
Croplands_cluster_0_yearly_True_window_2_lags_1_sinusoidal_yes_piecewise,True,2,piecewise_lags_1_sinusoidal_yes,0.367,0.032,465.301,473.076,True,False,False,1.422,-0.078,0,2.05,2.302,0.006,538.2166148363636,1.181,0.526,,,,,,,,,1.063,1.008,0.532,0.541
Croplands_cluster_0_yearly_True_window_2_lags_2_sinusoidal_yes_piecewise,True,2,piecewise_lags_2_sinusoidal_yes,0.304,0.101,453.448,460.996,True,True,False,1.296,-0.03,0,3.999,4.728,0.039,500.97182779040406,,,1.668,0.42,,,,,,,1.035,1.027,0.434,0.903
Croplands_cluster_0_yearly_True_window_2_lags_3_sinusoidal_yes_piecewise,True,2,piecewise_lags_3_sinusoidal_yes,0.246,0.682,433.878,441.191,True,True,True,1.62,-2.043,0,1.373,1.588,0.044,567.0669656080809,,,,,1.2,0.367,,,,,1.009,1.005,0.591,0.942
Croplands_cluster_0_yearly_True_window_2_lags_4_sinusoidal_yes_piecewise,True,2,piecewise_lags_4_sinusoidal_yes,0.493,0.079,408.931,415.999,True,True,True,1.976,0.187,0,2.705,3.243,0.003,534.6370328282828,,,,,,,1.536,0.141,,,1.002,1.0,0.741,0.72
Croplands_cluster_0_yearly_True_window_2_lags_7_sinusoidal_yes_piecewise,True,2,piecewise_lags_7_sinusoidal_yes,0.574,0.001,357.294,363.561,True,True,False,1.247,0.16,0,6.385,8.701,0.004,501.65366666666665,,,,,,,,,3.301,0.133,1.01,1.004,0.614,0.578
Croplands_cluster_0_yearly_False_window_3_lags_none_sinusoidal_no_piecewise,False,3,piecewise_lags_none_sinusoidal_no,0.11,0.954,969.093,975.003,False,True,False,1.321,-0.074,0,4.478,4.478,0.437,485.6988,,,,,,,,,,,,,,
Croplands_cluster_0_yearly_False_window_3_lags_1_sinusoidal_no_piecewise,False,3,piecewise_lags_1_sinusoidal_no,0.204,0.09,944.922,952.727,False,True,False,1.364,0.078,0,2.156,2.2,0.929,540.0349040404041,1.044,0.012,,,,,,,,,,,,
Croplands_cluster_0_yearly_False_window_3_lags_2_sinusoidal_no_piecewise,False,3,piecewise_lags_2_sinusoidal_no,0.254,0.025,923.608,931.336,False,False,False,1.427,-0.094,0,2.221,2.354,0.771,542.3169090909091,,,1.133,0.003,,,,,,,,,,
Croplands_cluster_0_yearly_False_window_3_lags_3_sinusoidal_no_piecewise,False,3,piecewise_lags_3_sinusoidal_no,0.139,0.203,911.735,919.383,False,True,False,1.178,-0.089,0,2.797,3.237,0.607,539.9165252525253,,,,,1.44,0.113,,,,,,,,
Croplands_cluster_0_yearly_False_window_3_lags_4_sinusoidal_no_piecewise,False,3,piecewise_lags_4_sinusoidal_no,0.079,0.529,897.104,904.671,False,True,False,0.993,0.03,0,2.942,3.52,0.574,539.9165252525253,,,,,,,1.578,0.629,,,,,,
Croplands_cluster_0_yearly_False_window_3_lags_7_sinusoidal_no_piecewise,False,3,piecewise_lags_7_sinusoidal_no,0.112,0.476,842.941,850.256,False,True,False,1.019,-0.377,0,3.98,4.77,0.519,519.5132626262626,,,,,,,,,1.791,0.329,,,,
Croplands_cluster_0_yearly_False_window_3_lags_none_sinusoidal_yes_piecewise,False,3,piecewise_lags_none_sinusoidal_yes,0.132,0.906,971.734,981.585,False,True,False,1.343,-0.107,0,5.409,5.677,0.45,485.6988,,,,,,,,,,,1.002,1.266,0.301,0.719
Croplands_cluster_0_yearly_False_window_3_lags_1_sinusoidal_yes_piecewise,False,3,piecewise_lags_1_sinusoidal_yes,0.218,0.131,948.009,959.716,False,True,False,1.332,-0.036,0,2.337,2.544,0.958,540.0349040404041,1.051,0.017,,,,,,,,,1.006,1.151,0.372,0.97
Croplands_cluster_0_yearly_False_window_3_lags_2_sinusoidal_yes_piecewise,False,3,piecewise_lags_2_sinusoidal_yes,0.26,0.052,927.199,938.79,False,False,False,1.42,-0.185,0,2.329,2.562,0.863,542.3169090909091,,,1.145,0.007,,,,,,,1.001,1.088,0.606,0.758
Croplands_cluster_0_yearly_False_window_3_lags_3_sinusoidal_yes_piecewise,False,3,piecewise_lags_3_sinusoidal_yes,0.166,0.293,914.13,925.602,False,True,False,1.186,-0.075,0,2.968,3.544,0.501,539.9165252525253,,,,,1.482,0.143,,,,,1.015,1.079,0.255,0.769
Croplands_cluster_0_yearly_False_window_3_lags_4_sinusoidal_yes_piecewise,False,3,piecewise_lags_4_sinusoidal_yes,0.09,0.581,900.509,911.86,False,True,False,1.003,-0.047,0,3.119,3.841,0.533,539.9165252525253,,,,,,,1.631,0.638,,,1.039,1.052,0.509,0.8
Croplands_cluster_0_yearly_False_window_3_lags_7_sinusoidal_yes_piecewise,False,3,piecewise_lags_7_sinusoidal_yes,0.123,0.576,846.33,857.302,False,True,False,1.031,-0.792,0,4.762,6.022,0.488,519.5132626262626,,,,,,,,,1.998,0.405,1.003,1.259,0.473,0.926
Croplands_cluster_0_yearly_True_window_3_lags_none_sinusoidal_no_piecewise,True,3,piecewise_lags_none_sinusoidal_no,0.295,0.207,465.403,469.4,True,True,False,1.041,-0.323,0,1.28,1.28,0.004,587.3538424242424,,,,,,,,,,,,,,
Croplands_cluster_0_yearly_True_window_3_lags_1_sinusoidal_no_piecewise,True,3,piecewise_lags_1_sinusoidal_no,0.325,0.384,450.502,455.685,True,True,False,1.115,0.096,0,1.292,1.299,0.008,587.3101333333333,1.006,0.604,,,,,,,,,,,,
Croplands_cluster_0_yearly_True_window_3_lags_2_sinusoidal_no_piecewise,True,3,piecewise_lags_2_sinusoidal_no,0.285,0.778,433.721,438.754,True,True,False,1.115,-0.404,0,1.305,1.378,0.029,589.3928888888889,,,1.072,0.37,,,,,,,,,,
Croplands_cluster_0_yearly_True_window_3_lags_3_sinusoidal_no_piecewise,True,3,piecewise_lags_3_sinusoidal_no,0.339,0.932,413.481,418.356,True,True,False,1.193,-0.923,0,1.339,1.445,0.012,588.2203838383839,,,,,1.106,0.285,,,,,,,,
Croplands_cluster_0_yearly_True_window_3_lags_4_sinusoidal_no_piecewise,True,3,piecewise_lags_4_sinusoidal_no,0.333,0.821,398.431,403.143,True,True,False,1.212,0.07,0,1.358,1.465,0.012,587.1790060606061,,,,,,,1.107,0.349,,,,,,
Croplands_cluster_0_yearly_True_window_3_lags_7_sinusoidal_no_piecewise,True,3,piecewise_lags_7_sinusoidal_no,0.265,0.357,355.95,360.128,True,True,False,1.015,-0.313,0,1.607,2.16,0.037,587.0478787878787,,,,,,,,,1.553,0.89,,,,
Croplands_cluster_0_yearly_True_window_3_lags_none_sinusoidal_yes_piecewise,True,3,piecewise_lags_none_sinusoidal_yes,0.308,0.202,468.899,475.56,True,True,False,1.026,-0.909,0,1.284,1.296,0.005,587.3538424242424,,,,,,,,,,,1.003,1.01,0.525,0.992
Croplands_cluster_0_yearly_True_window_3_lags_1_sinusoidal_yes_piecewise,True,3,piecewise_lags_1_sinusoidal_yes,0.343,0.347,453.759,461.534,True,True,False,1.102,-0.319,0,1.295,1.311,0.009,587.3101333333333,1.006,0.669,,,,,,,,,1.003,1.006,0.499,0.732
Croplands_cluster_0_yearly_True_window_3_lags_2_sinusoidal_yes_piecewise,True,3,piecewise_lags_2_sinusoidal_yes,0.287,0.749,437.675,445.224,True,True,False,1.129,-0.579,0,1.309,1.392,0.051,589.3928888888889,,,1.073,0.385,,,,,,,1.001,1.009,0.937,0.863
Croplands_cluster_0_yearly_True_window_3_lags_3_sinusoidal_yes_piecewise,True,3,piecewise_lags_3_sinusoidal_yes,0.372,0.956,416.209,423.522,True,True,False,1.124,-1.111,0,1.347,1.48,0.014,588.2203838383839,,,,,1.108,0.246,,,,,1.017,1.007,0.333,0.948
Croplands_cluster_0_yearly_True_window_3_lags_4_sinusoidal_yes_piecewise,True,3,piecewise_lags_4_sinusoidal_yes,0.354,0.858,401.683,408.751,True,True,False,1.182,0.063,0,1.374,1.528,0.014,587.1790060606061,,,,,,,1.111,0.351,,,1.006,1.038,0.532,0.691
Croplands_cluster_0_yearly_True_window_3_lags_7_sinusoidal_yes_piecewise,True,3,piecewise_lags_7_sinusoidal_yes,0.289,0.348,359.244,365.511,True,True,False,1.018,-1.328,0,1.671,2.389,0.046,587.0478787878787,,,,,,,,,1.612,0.902,1.011,1.095,0.49,0.897
Croplands_cluster_0_yearly_False_window_4_lags_none_sinusoidal_no_piecewise,False,4,piecewise_lags_none_sinusoidal_no,0.111,0.061,937.365,943.276,False,True,False,1.329,0.075,0,3.895,3.895,0.038,475.7,,,,,,,,,,,,,,
Croplands_cluster_0_yearly_False_window_4_lags_1_sinusoidal_no_piecewise,False,4,piecewise_lags_1_sinusoidal_no,0.32,0.526,905.283,913.088,False,True,False,1.046,0.186,0,5.495,5.879,0.218,475.7,1.384,0.0,,,,,,,,,,,,
Croplands_cluster_0_yearly_False_window_4_lags_2_sinusoidal_no_piecewise,False,4,piecewise_lags_2_sinusoidal_no,0.135,0.156,904.414,912.141,True,False,True,1.504,-0.12,0,6.384,7.026,0.074,475.7,,,1.642,0.085,,,,,,,,,,
Croplands_cluster_0_yearly_False_window_4_lags_3_sinusoidal_no_piecewise,False,4,piecewise_lags_3_sinusoidal_no,0.094,0.086,888.307,895.955,False,True,False,1.383,-7.698,0,6.582,7.281,0.056,475.32985,,,,,1.699,0.477,,,,,,,,
Croplands_cluster_0_yearly_False_window_4_lags_4_sinusoidal_no_piecewise,False,4,piecewise_lags_4_sinusoidal_no,0.178,0.093,864.87,872.438,True,True,False,1.056,0.042,0,9.926,11.696,0.028,474.9597,,,,,,,2.77,0.019,,,,,,
Croplands_cluster_0_yearly_False_window_4_lags_7_sinusoidal_no_piecewise,False,4,piecewise_lags_7_sinusoidal_no,0.156,0.051,814.752,822.066,False,True,False,1.123,-0.018,0,10.234,12.031,0.02,473.84925,,,,,,,,,2.796,0.11,,,,
Croplands_cluster_0_yearly_False_window_4_lags_none_sinusoidal_yes_piecewise,False,4,piecewise_lags_none_sinusoidal_yes,0.174,0.107,937.421,947.273,False,True,False,1.345,0.097,0,4.172,4.268,0.079,475.7,,,,,,,,,,,1.0,1.096,0.181,0.176
Croplands_cluster_0_yearly_False_window_4_lags_1_sinusoidal_yes_piecewise,False,4,piecewise_lags_1_sinusoidal_yes,0.336,0.587,908.078,919.786,True,True,False,1.057,0.108,0,6.026,6.573,0.278,475.7,1.429,0.0,,,,,,,,,1.004,1.114,0.427,0.504
Croplands_cluster_0_yearly_False_window_4_lags_2_sinusoidal_yes_piecewise,False,4,piecewise_lags_2_sinusoidal_yes,0.192,0.233,904.943,916.534,True,False,True,1.52,-0.22,0,6.579,7.28,0.129,475.7,,,1.665,0.106,,,,,,,1.004,1.032,0.132,0.36
Croplands_cluster_0_yearly_False_window_4_lags_3_sinusoidal_yes_piecewise,False,4,piecewise_lags_3_sinusoidal_yes,0.191,0.14,886.678,898.15,False,True,False,1.446,-9.683,0,6.687,7.418,0.091,475.32985,,,,,1.712,0.473,,,,,1.006,1.012,0.064,0.215
Croplands_cluster_0_yearly_False_window_4_lags_4_sinusoidal_yes_piecewise,False,4,piecewise_lags_4_sinusoidal_yes,0.216,0.143,866.59,877.941,False,True,False,1.062,-0.056,0,10.324,12.217,0.051,474.9597,,,,,,,2.849,0.027,,,1.002,1.043,0.269,0.38
Croplands_cluster_0_yearly_False_window_4_lags_7_sinusoidal_yes_piecewise,False,4,piecewise_lags_7_sinusoidal_yes,0.189,0.087,816.93,827.902,True,True,False,1.174,-0.572,0,11.597,13.806,0.049,473.84925,,,,,,,,,3.062,0.236,1.027,1.12,0.315,0.414
Croplands_cluster_0_yearly_True_window_4_lags_none_sinusoidal_no_piecewise,True,4,piecewise_lags_none_sinusoidal_no,0.408,0.001,456.203,460.199,True,True,False,1.174,0.363,0,3.826,3.826,0.0,512.2337636363636,,,,,,,,,,,,,,
Croplands_cluster_0_yearly_True_window_4_lags_1_sinusoidal_no_piecewise,True,4,piecewise_lags_1_sinusoidal_no,0.385,0.011,443.924,449.108,True,True,False,1.126,0.07,0,6.265,6.631,0.004,512.1602656565657,1.366,0.092,,,,,,,,,,,,
Croplands_cluster_0_yearly_True_window_4_lags_2_sinusoidal_no_piecewise,True,4,piecewise_lags_2_sinusoidal_no,0.267,0.139,429.978,435.011,True,True,False,0.659,-0.3,0,1.326,1.386,0.472,582.6223333333334,,,1.06,0.029,,,,,,,,,,
Croplands_cluster_0_yearly_True_window_4_lags_3_sinusoidal_no_piecewise,True,4,piecewise_lags_3_sinusoidal_no,0.325,0.121,408.212,413.087,True,True,False,1.159,-0.857,0,4.453,5.202,0.012,528.2328636363636,,,,,1.749,0.117,,,,,,,,
Croplands_cluster_0_yearly_True_window_4_lags_4_sinusoidal_no_piecewise,True,4,piecewise_lags_4_sinusoidal_no,0.378,0.012,391.143,395.855,True,True,False,1.38,0.254,0,16.476,19.498,0.003,508.0872727272727,,,,,,,4.022,0.183,,,,,,
Croplands_cluster_0_yearly_True_window_4_lags_7_sinusoidal_no_piecewise,True,4,piecewise_lags_7_sinusoidal_no,0.357,0.011,348.753,352.931,True,True,False,0.859,-0.069,0,9.495,11.4,0.008,505.89961111111114,,,,,,,,,2.905,0.831,,,,
Croplands_cluster_0_yearly_True_window_4_lags_none_sinusoidal_yes_piecewise,True,4,piecewise_lags_none_sinusoidal_yes,0.498,0.0,455.588,462.249,True,True,False,0.892,0.14,0,4.083,4.173,0.0,512.2337636363636,,,,,,,,,,,1.062,1.029,0.057,0.758
Croplands_cluster_0_yearly_True_window_4_lags_1_sinusoidal_yes_piecewise,True,4,piecewise_lags_1_sinusoidal_yes,0.453,0.005,444.748,452.524,True,True,False,0.914,-0.12,0,6.38,6.776,0.002,512.1602656565657,1.374,0.101,,,,,,,,,1.013,1.009,0.178,0.417
Croplands_cluster_0_yearly_True_window_4_lags_2_sinusoidal_yes_piecewise,True,4,piecewise_lags_2_sinusoidal_yes,0.297,0.099,432.888,440.437,True,True,False,0.658,-1.488,0,1.339,1.44,0.517,582.6223333333334,,,1.062,0.023,,,,,,,1.005,1.034,0.751,0.389
Croplands_cluster_0_yearly_True_window_4_lags_3_sinusoidal_yes_piecewise,True,4,piecewise_lags_3_sinusoidal_yes,0.504,0.143,404.519,411.833,True,True,False,0.818,-0.72,0,5.39,6.614,0.002,528.2328636363636,,,,,1.952,0.018,,,,,1.268,1.004,0.017,0.927
Croplands_cluster_0_yearly_True_window_4_lags_4_sinusoidal_yes_piecewise,True,4,piecewise_lags_4_sinusoidal_yes,0.439,0.009,392.69,399.759,True,True,False,1.273,-0.927,0,17.24,20.46,0.002,508.0872727272727,,,,,,,4.171,0.178,,,1.0,1.049,0.24,0.505
Croplands_cluster_0_yearly_True_window_4_lags_7_sinusoidal_yes_piecewise,True,4,piecewise_lags_7_sinusoidal_yes,0.42,0.01,350.601,356.868,True,True,False,0.678,-7.078,0,9.612,11.556,0.007,505.89961111111114,,,,,,,,,2.931,0.915,1.004,1.01,0.225,0.904
Croplands_cluster_0_yearly_False_window_5_lags_none_sinusoidal_no_piecewise,False,5,piecewise_lags_none_sinusoidal_no,0.253,0.008,911.357,917.268,False,True,False,1.393,-0.578,0,3.63,3.63,0.014,500.913,,,,,,,,,,,,,,
Croplands_cluster_0_yearly_False_window_5_lags_1_sinusoidal_no_piecewise,False,5,piecewise_lags_1_sinusoidal_no,0.162,0.416,883.684,891.489,False,False,False,1.202,0.009,0,3.033,3.27,0.193,519.3731767676768,1.237,0.217,,,,,,,,,,,,
Croplands_cluster_0_yearly_False_window_5_lags_2_sinusoidal_no_piecewise,False,5,piecewise_lags_2_sinusoidal_no,0.211,0.396,872.851,880.579,False,False,False,0.949,0.127,0,3.393,3.806,0.151,519.2995858585858,,,1.413,0.09,,,,,,,,,,
Croplands_cluster_0_yearly_False_window_5_lags_3_sinusoidal_no_piecewise,False,5,piecewise_lags_3_sinusoidal_no,0.186,0.21,847.019,854.667,False,False,False,1.053,0.114,0,4.138,4.924,0.098,519.307795959596,,,,,1.786,0.703,,,,,,,,
Croplands_cluster_0_yearly_False_window_5_lags_4_sinusoidal_no_piecewise,False,5,piecewise_lags_4_sinusoidal_no,0.165,0.176,830.597,838.164,False,False,False,1.01,0.036,0,4.57,5.659,0.104,519.316006060606,,,,,,,2.089,0.408,,,,,,
Croplands_cluster_0_yearly_False_window_5_lags_7_sinusoidal_no_piecewise,False,5,piecewise_lags_7_sinusoidal_no,0.202,0.128,781.587,788.902,False,True,False,1.181,0.129,0,4.687,6.04,0.09,519.3406363636363,,,,,,,,,2.353,0.16,,,,
Croplands_cluster_0_yearly_False_window_5_lags_none_sinusoidal_yes_piecewise,False,5,piecewise_lags_none_sinusoidal_yes,0.296,0.013,912.235,922.086,False,True,False,1.456,-0.761,0,3.945,4.065,0.02,500.913,,,,,,,,,,,1.0,1.12,0.402,0.144
Croplands_cluster_0_yearly_False_window_5_lags_1_sinusoidal_yes_piecewise,False,5,piecewise_lags_1_sinusoidal_yes,0.191,0.382,885.842,897.549,False,False,False,1.241,0.032,0,3.285,3.676,0.2,519.3731767676768,1.267,0.299,,,,,,,,,1.0,1.124,0.518,0.272
Croplands_cluster_0_yearly_False_window_5_lags_2_sinusoidal_yes_piecewise,False,5,piecewise_lags_2_sinusoidal_yes,0.264,0.269,873.305,884.896,False,False,False,1.002,0.149,0,3.594,4.126,0.103,519.2995858585858,,,1.447,0.137,,,,,,,1.0,1.084,0.128,0.369
Croplands_cluster_0_yearly_False_window_5_lags_3_sinusoidal_yes_piecewise,False,5,piecewise_lags_3_sinusoidal_yes,0.252,0.209,846.795,858.267,False,True,False,1.072,0.132,0,4.286,5.156,0.111,519.307795959596,,,,,1.823,0.569,,,,,1.006,1.041,0.391,0.088
Croplands_cluster_0_yearly_False_window_5_lags_4_sinusoidal_yes_piecewise,False,5,piecewise_lags_4_sinusoidal_yes,0.217,0.194,831.478,842.829,False,True,False,1.011,-0.063,0,4.702,5.869,0.127,519.316006060606,,,,,,,2.129,0.344,,,1.009,1.028,0.495,0.137
Croplands_cluster_0_yearly_False_window_5_lags_7_sinusoidal_yes_piecewise,False,5,piecewise_lags_7_sinusoidal_yes,0.286,0.089,780.493,791.465,False,True,False,1.254,0.109,0,4.935,6.447,0.077,519.3406363636363,,,,,,,,,2.445,0.081,1.0,1.067,0.156,0.121
Croplands_cluster_0_yearly_True_window_5_lags_none_sinusoidal_no_piecewise,True,5,piecewise_lags_none_sinusoidal_no,0.145,0.065,461.614,465.611,False,True,False,0.678,-0.302,0,1.283,1.283,0.338,569.7352515151515,,,,,,,,,,,,,,
Croplands_cluster_0_yearly_True_window_5_lags_1_sinusoidal_no_piecewise,True,5,piecewise_lags_1_sinusoidal_no,0.216,0.43,442.575,447.758,False,True,False,0.602,-563.176,0,3.168,3.3,0.137,543.51,1.131,0.082,,,,,,,,,,,,
Croplands_cluster_0_yearly_True_window_5_lags_2_sinusoidal_no_piecewise,True,5,piecewise_lags_2_sinusoidal_no,0.14,0.26,426.96,431.993,False,True,False,0.66,-3.513,0,3.105,3.293,0.509,549.505,,,1.188,0.092,,,,,,,,,,
Croplands_cluster_0_yearly_True_window_5_lags_3_sinusoidal_no_piecewise,True,5,piecewise_lags_3_sinusoidal_no,0.059,0.972,411.137,416.013,False,True,False,0.541,-0.234,0,3.383,3.606,0.758,543.51,,,,,1.223,0.705,,,,,,,,
Croplands_cluster_0_yearly_True_window_5_lags_4_sinusoidal_no_piecewise,True,5,piecewise_lags_4_sinusoidal_no,0.07,0.236,395.176,399.888,True,True,False,0.781,-0.646,0,1.377,1.504,0.338,570.0333505050505,,,,,,,1.128,0.37,,,,,,
Croplands_cluster_0_yearly_True_window_5_lags_7_sinusoidal_no_piecewise,True,5,piecewise_lags_7_sinusoidal_no,0.247,0.037,344.51,348.688,True,True,False,0.491,-1.074,0,1.525,1.766,0.096,569.2327222222223,,,,,,,,,1.242,0.247,,,,
Croplands_cluster_0_yearly_True_window_5_lags_none_sinusoidal_yes_piecewise,True,5,piecewise_lags_none_sinusoidal_yes,0.174,0.056,464.621,471.282,False,True,False,0.667,-0.439,0,1.294,1.333,0.287,569.7352515151515,,,,,,,,,,,1.032,1.007,0.841,0.383
Croplands_cluster_0_yearly_True_window_5_lags_1_sinusoidal_yes_piecewise,True,5,piecewise_lags_1_sinusoidal_yes,0.226,0.401,446.201,453.976,False,True,False,0.586,-641.162,0,3.192,3.335,0.14,543.51,1.133,0.097,,,,,,,,,1.011,1.0,0.595,0.991
Croplands_cluster_0_yearly_True_window_5_lags_2_sinusoidal_yes_piecewise,True,5,piecewise_lags_2_sinusoidal_yes,0.145,0.266,430.803,438.351,False,True,False,0.658,-3.652,0,3.14,3.348,0.499,549.505,,,1.191,0.104,,,,,,,1.012,1.005,0.948,0.735
Croplands_cluster_0_yearly_True_window_5_lags_3_sinusoidal_yes_piecewise,True,5,piecewise_lags_3_sinusoidal_yes,0.066,0.894,414.958,422.271,True,True,False,0.53,-0.37,0,3.406,3.641,0.851,543.51,,,,,1.225,0.665,,,,,1.009,1.001,0.902,0.728
Croplands_cluster_0_yearly_True_window_5_lags_4_sinusoidal_yes_piecewise,True,5,piecewise_lags_4_sinusoidal_yes,0.08,0.235,398.929,405.998,True,True,False,0.755,-1.502,0,1.383,1.531,0.328,570.0333505050505,,,,,,,1.13,0.366,,,1.011,1.007,0.945,0.675
Croplands_cluster_0_yearly_True_window_5_lags_7_sinusoidal_yes_piecewise,True,5,piecewise_lags_7_sinusoidal_yes,0.249,0.051,348.454,354.721,True,True,False,0.513,-5.737,0,1.552,1.857,0.127,569.2327222222223,,,,,,,,,1.254,0.28,1.005,1.047,0.846,0.971
Croplands_cluster_0_yearly_False_window_6_lags_none_sinusoidal_no_piecewise,False,6,piecewise_lags_none_sinusoidal_no,0.157,0.621,907.177,913.087,False,True,False,0.989,0.059,0,1.702,1.702,0.087,543.3264888888889,,,,,,,,,,,,,,
Croplands_cluster_0_yearly_False_window_6_lags_1_sinusoidal_no_piecewise,False,6,piecewise_lags_1_sinusoidal_no,0.16,0.289,871.098,878.903,False,True,False,1.02,0.029,0,2.198,2.315,0.068,533.604355050505,1.117,0.241,,,,,,,,,,,,
Croplands_cluster_0_yearly_False_window_6_lags_2_sinusoidal_no_piecewise,False,6,piecewise_lags_2_sinusoidal_no,0.313,0.071,854.454,862.181,False,False,False,0.906,0.24,0,1.954,2.125,0.002,542.6068484848485,,,1.172,0.036,,,,,,,,,,
Croplands_cluster_0_yearly_False_window_6_lags_3_sinusoidal_no_piecewise,False,6,piecewise_lags_3_sinusoidal_no,0.24,0.03,830.387,838.035,False,True,False,0.845,0.117,0,2.737,3.204,0.003,535.1917909090909,,,,,1.467,0.874,,,,,,,,
Croplands_cluster_0_yearly_False_window_6_lags_4_sinusoidal_no_piecewise,False,6,piecewise_lags_4_sinusoidal_no,0.198,0.028,813.74,821.308,False,True,False,0.781,0.121,0,2.967,3.679,0.005,535.2542282828283,,,,,,,1.712,0.958,,,,,,
Croplands_cluster_0_yearly_False_window_6_lags_7_sinusoidal_no_piecewise,False,6,piecewise_lags_7_sinusoidal_no,0.246,0.011,765.402,772.717,False,True,False,0.946,0.099,0,2.986,4.014,0.004,536.4212474747475,,,,,,,,,2.028,0.216,,,,
Croplands_cluster_0_yearly_False_window_6_lags_none_sinusoidal_yes_piecewise,False,6,piecewise_lags_none_sinusoidal_yes,0.193,0.397,908.874,918.726,False,True,False,1.132,-0.048,0,1.725,1.758,0.053,543.3264888888889,,,,,,,,,,,1.002,1.031,0.359,0.264
Croplands_cluster_0_yearly_False_window_6_lags_1_sinusoidal_yes_piecewise,False,6,piecewise_lags_1_sinusoidal_yes,0.164,0.257,874.82,886.528,False,True,False,1.077,-0.155,0,2.27,2.454,0.065,533.604355050505,1.124,0.298,,,,,,,,,1.001,1.059,0.933,0.627
Croplands_cluster_0_yearly_False_window_6_lags_2_sinusoidal_yes_piecewise,False,6,piecewise_lags_2_sinusoidal_yes,0.339,0.048,856.525,868.116,False,True,False,1.02,0.163,0,1.969,2.159,0.001,542.6068484848485,,,1.174,0.047,,,,,,,1.003,1.013,0.308,0.413
Croplands_cluster_0_yearly_False_window_6_lags_3_sinusoidal_yes_piecewise,False,6,piecewise_lags_3_sinusoidal_yes,0.268,0.021,832.458,843.93,False,True,False,0.953,0.075,0,2.78,3.283,0.002,535.1917909090909,,,,,1.479,0.996,,,,,1.004,1.021,0.879,0.198
Croplands_cluster_0_yearly_False_window_6_lags_4_sinusoidal_yes_piecewise,False,6,piecewise_lags_4_sinusoidal_yes,0.228,0.019,815.908,827.259,True,True,False,0.861,0.1,0,3.033,3.803,0.004,535.2542282828283,,,,,,,1.736,0.831,,,1.015,1.019,0.978,0.207
Croplands_cluster_0_yearly_False_window_6_lags_7_sinusoidal_yes_piecewise,False,6,piecewise_lags_7_sinusoidal_yes,0.282,0.007,767.139,778.111,False,True,False,1.069,-0.073,0,3.013,4.069,0.003,536.4212474747475,,,,,,,,,2.042,0.16,1.0,1.013,0.578,0.197
Croplands_cluster_0_yearly_True_window_6_lags_none_sinusoidal_no_piecewise,True,6,piecewise_lags_none_sinusoidal_no,0.158,0.064,456.944,460.941,False,True,False,0.583,-0.038,0,1.307,1.307,0.404,570.8875681818182,,,,,,,,,,,,,,
Croplands_cluster_0_yearly_True_window_6_lags_1_sinusoidal_no_piecewise,True,6,piecewise_lags_1_sinusoidal_no,0.176,0.577,439.299,444.483,False,True,False,0.471,-0.009,0,2.963,3.11,0.848,543.3268,1.147,0.159,,,,,,,,,,,,
Croplands_cluster_0_yearly_True_window_6_lags_2_sinusoidal_no_piecewise,True,6,piecewise_lags_2_sinusoidal_no,0.087,0.577,423.507,428.54,False,True,False,0.55,-7.061,0,2.271,2.407,0.988,554.5716035353536,,,1.136,0.226,,,,,,,,,,
Croplands_cluster_0_yearly_True_window_6_lags_3_sinusoidal_no_piecewise,True,6,piecewise_lags_3_sinusoidal_no,0.055,0.3,405.477,410.352,True,True,False,0.652,-0.855,0,1.39,1.479,0.529,570.625898989899,,,,,1.089,0.606,,,,,,,,
Croplands_cluster_0_yearly_True_window_6_lags_4_sinusoidal_no_piecewise,True,6,piecewise_lags_4_sinusoidal_no,0.063,0.297,390.056,394.768,True,True,False,0.676,-1.147,0,1.425,1.59,0.578,571.1425727272726,,,,,,,1.164,0.329,,,,,,
Croplands_cluster_0_yearly_True_window_6_lags_7_sinusoidal_no_piecewise,True,6,piecewise_lags_7_sinusoidal_no,0.208,0.067,341.686,345.865,False,True,False,0.754,-9.163,0,1.808,2.326,0.176,568.0928838383838,,,,,,,,,1.518,0.539,,,,
Croplands_cluster_0_yearly_True_window_6_lags_none_sinusoidal_yes_piecewise,True,6,piecewise_lags_none_sinusoidal_yes,0.214,0.043,459.009,465.67,False,True,False,0.562,-0.264,0,1.315,1.34,0.356,570.8875681818182,,,,,,,,,,,1.007,1.018,0.325,0.425
Croplands_cluster_0_yearly_True_window_6_lags_1_sinusoidal_yes_piecewise,True,6,piecewise_lags_1_sinusoidal_yes,0.187,0.521,442.929,450.704,False,True,False,0.432,-0.314,0,3.001,3.171,0.93,543.3268,1.15,0.156,,,,,,,,,1.008,1.011,0.911,0.603
Croplands_cluster_0_yearly_True_window_6_lags_2_sinusoidal_yes_piecewise,True,6,piecewise_lags_2_sinusoidal_yes,0.099,0.57,427.176,434.725,False,True,False,0.506,-2.672,0,2.28,2.424,0.998,554.5716035353536,,,1.137,0.236,,,,,,,1.006,1.001,0.621,0.952
Croplands_cluster_0_yearly_True_window_6_lags_3_sinusoidal_yes_piecewise,True,6,piecewise_lags_3_sinusoidal_yes,0.101,0.223,408.234,415.547,True,True,False,0.602,-2.125,0,1.404,1.533,0.479,570.625898989899,,,,,1.092,0.5,,,,,1.011,1.025,0.409,0.603
Croplands_cluster_0_yearly_True_window_6_lags_4_sinusoidal_yes_piecewise,True,6,piecewise_lags_4_sinusoidal_yes,0.078,0.298,393.673,400.741,True,True,False,0.653,-3.914,0,1.448,1.676,0.604,571.1425727272726,,,,,,,1.173,0.327,,,1.011,1.044,0.866,0.62
Croplands_cluster_0_yearly_True_window_6_lags_7_sinusoidal_yes_piecewise,True,6,piecewise_lags_7_sinusoidal_yes,0.254,0.069,344.424,350.691,False,True,False,0.675,-43.141,0,1.89,2.562,0.158,568.0928838383838,,,,,,,,,1.57,0.544,1.033,1.068,0.373,0.795
Croplands_cluster_0_yearly_False_window_7_lags_none_sinusoidal_no_piecewise,False,7,piecewise_lags_none_sinusoidal_no,0.131,0.077,887.19,893.101,False,True,False,0.848,-0.002,0,1.917,1.917,0.02,539.8038888888889,,,,,,,,,,,,,,
Croplands_cluster_0_yearly_False_window_7_lags_1_sinusoidal_no_piecewise,False,7,piecewise_lags_1_sinusoidal_no,0.162,0.271,853.144,860.949,False,True,False,0.815,0.025,0,2.163,2.392,0.063,539.8038888888889,1.229,0.018,,,,,,,,,,,,
Croplands_cluster_0_yearly_False_window_7_lags_2_sinusoidal_no_piecewise,False,7,piecewise_lags_2_sinusoidal_no,0.155,0.092,835.184,842.911,False,True,False,0.776,0.028,0,2.393,2.686,0.019,539.8038888888889,,,1.293,0.082,,,,,,,,,,
Croplands_cluster_0_yearly_False_window_7_lags_3_sinusoidal_no_piecewise,False,7,piecewise_lags_3_sinusoidal_no,0.105,0.167,821.184,828.832,False,True,False,0.718,0.074,0,2.74,3.295,0.054,540.2816141414141,,,,,1.556,0.4,,,,,,,,
Croplands_cluster_0_yearly_False_window_7_lags_4_sinusoidal_no_piecewise,False,7,piecewise_lags_4_sinusoidal_no,0.083,0.176,805.955,813.523,False,True,False,0.687,-0.02,0,2.945,3.694,0.103,539.7107515151515,,,,,,,1.749,0.956,,,,,,
Croplands_cluster_0_yearly_False_window_7_lags_7_sinusoidal_no_piecewise,False,7,piecewise_lags_7_sinusoidal_no,0.162,0.087,757.112,764.426,False,True,False,0.875,0.023,0,3.069,4.244,0.129,540.0199090909091,,,,,,,,,2.175,0.088,,,,
Croplands_cluster_0_yearly_False_window_7_lags_none_sinusoidal_yes_piecewise,False,7,piecewise_lags_none_sinusoidal_yes,0.242,0.048,883.957,893.808,False,False,False,0.957,0.114,0,1.954,1.994,0.015,539.8038888888889,,,,,,,,,,,1.011,1.029,0.395,0.016
Croplands_cluster_0_yearly_False_window_7_lags_1_sinusoidal_yes_piecewise,False,7,piecewise_lags_1_sinusoidal_yes,0.219,0.249,853.494,865.201,False,False,False,0.9,-0.188,0,2.276,2.625,0.082,539.8038888888889,1.252,0.028,,,,,,,,,1.016,1.081,0.819,0.078
Croplands_cluster_0_yearly_False_window_7_lags_2_sinusoidal_yes_piecewise,False,7,piecewise_lags_2_sinusoidal_yes,0.21,0.079,835.776,847.367,False,False,False,0.845,0.023,0,2.457,2.809,0.02,539.8038888888889,,,1.307,0.099,,,,,,,1.007,1.039,0.393,0.134
Croplands_cluster_0_yearly_False_window_7_lags_3_sinusoidal_yes_piecewise,False,7,piecewise_lags_3_sinusoidal_yes,0.184,0.153,820.562,832.034,False,False,False,0.795,0.113,0,2.844,3.494,0.064,540.2816141414141,,,,,1.589,0.511,,,,,1.013,1.047,0.503,0.06
Croplands_cluster_0_yearly_False_window_7_lags_4_sinusoidal_yes_piecewise,False,7,piecewise_lags_4_sinusoidal_yes,0.161,0.161,805.591,816.942,False,False,False,0.743,0.031,0,3.014,3.826,0.112,539.7107515151515,,,,,,,1.776,0.835,,,1.012,1.024,0.607,0.061
Croplands_cluster_0_yearly_False_window_7_lags_7_sinusoidal_yes_piecewise,False,7,piecewise_lags_7_sinusoidal_yes,0.227,0.082,757.402,768.374,False,False,False,0.93,-0.023,0,3.118,4.346,0.127,540.0199090909091,,,,,,,,,2.204,0.081,1.019,1.005,0.521,0.095
Croplands_cluster_0_yearly_True_window_7_lags_none_sinusoidal_no_piecewise,True,7,piecewise_lags_none_sinusoidal_no,0.393,0.001,438.891,442.887,True,True,False,0.991,0.21,0,1.422,1.422,0.02,565.9199363636363,,,,,,,,,,,,,,
Croplands_cluster_0_yearly_True_window_7_lags_1_sinusoidal_no_piecewise,True,7,piecewise_lags_1_sinusoidal_no,0.436,0.001,420.365,425.548,True,True,False,0.993,0.361,0,1.466,1.514,0.009,565.7836121212121,1.048,0.007,,,,,,,,,,,,
Croplands_cluster_0_yearly_True_window_7_lags_2_sinusoidal_no_piecewise,True,7,piecewise_lags_2_sinusoidal_no,0.25,0.084,411.913,416.945,True,True,False,0.922,-0.187,0,1.65,1.682,0.164,563.1066212121212,,,1.032,0.039,,,,,,,,,,
Croplands_cluster_0_yearly_True_window_7_lags_3_sinusoidal_no_piecewise,True,7,piecewise_lags_3_sinusoidal_no,0.227,0.024,391.823,396.698,True,True,False,1.114,0.026,0,1.522,1.588,0.046,565.76191010101,,,,,1.067,0.804,,,,,,,,
Croplands_cluster_0_yearly_True_window_7_lags_4_sinusoidal_no_piecewise,True,7,piecewise_lags_4_sinusoidal_no,0.142,0.104,380.292,385.004,True,True,False,1.007,-0.195,0,1.616,1.791,0.15,565.6514424242424,,,,,,,1.175,0.594,,,,,,
Croplands_cluster_0_yearly_True_window_7_lags_7_sinusoidal_no_piecewise,True,7,piecewise_lags_7_sinusoidal_no,0.311,0.013,329.014,333.192,True,True,False,1.009,0.221,0,1.993,2.524,0.032,565.5522222222222,,,,,,,,,1.531,0.967,,,,
Croplands_cluster_0_yearly_True_window_7_lags_none_sinusoidal_yes_piecewise,True,7,piecewise_lags_none_sinusoidal_yes,0.485,0.0,438.284,444.945,False,True,False,0.911,-0.048,0,1.425,1.432,0.005,565.9199363636363,,,,,,,,,,,1.002,1.005,0.238,0.108
Croplands_cluster_0_yearly_True_window_7_lags_1_sinusoidal_yes_piecewise,True,7,piecewise_lags_1_sinusoidal_yes,0.518,0.001,420.104,427.879,True,True,False,0.788,0.198,0,1.484,1.575,0.004,565.7836121212121,1.05,0.004,,,,,,,,,1.008,1.032,0.096,0.466
Croplands_cluster_0_yearly_True_window_7_lags_2_sinusoidal_yes_piecewise,True,7,piecewise_lags_2_sinusoidal_yes,0.301,0.051,414.103,421.651,True,True,False,0.956,-0.396,0,1.656,1.697,0.098,563.1066212121212,,,1.033,0.036,,,,,,,1.002,1.007,0.734,0.259
Croplands_cluster_0_yearly_True_window_7_lags_3_sinusoidal_yes_piecewise,True,7,piecewise_lags_3_sinusoidal_yes,0.336,0.009,392.052,399.366,False,True,False,0.975,-0.371,0,1.522,1.591,0.018,565.76191010101,,,,,1.067,0.765,,,,,1.001,1.0,0.266,0.181
Croplands_cluster_0_yearly_True_window_7_lags_4_sinusoidal_yes_piecewise,True,7,piecewise_lags_4_sinusoidal_yes,0.252,0.04,381.025,388.093,True,True,False,0.976,-1.867,0,1.652,1.895,0.057,565.6514424242424,,,,,,,1.185,0.646,,,1.001,1.057,0.235,0.271
Croplands_cluster_0_yearly_True_window_7_lags_7_sinusoidal_yes_piecewise,True,7,piecewise_lags_7_sinusoidal_yes,0.46,0.005,327.921,334.188,True,True,False,1.011,-5.047,0,2.182,3.003,0.007,565.5522222222222,,,,,,,,,1.632,0.667,1.0,1.19,0.426,0.078
Croplands_cluster_0_yearly_False_window_8_lags_none_sinusoidal_no_piecewise,False,8,piecewise_lags_none_sinusoidal_no,0.08,0.125,871.546,877.457,False,True,False,0.984,-0.032,0,1.89,1.89,0.052,543.1596656565657,,,,,,,,,,,,,,
Croplands_cluster_0_yearly_False_window_8_lags_1_sinusoidal_no_piecewise,False,8,piecewise_lags_1_sinusoidal_no,0.088,0.897,829.243,837.048,False,True,False,1.32,0.014,0,1.603,1.768,0.404,557.9959818181818,1.166,0.053,,,,,,,,,,,,
Croplands_cluster_0_yearly_False_window_8_lags_2_sinusoidal_no_piecewise,False,8,piecewise_lags_2_sinusoidal_no,0.081,0.48,807.186,814.913,False,True,False,1.01,-0.0,0,1.637,1.703,0.205,558.4048888888889,,,1.066,0.218,,,,,,,,,,
Croplands_cluster_0_yearly_False_window_8_lags_3_sinusoidal_no_piecewise,False,8,piecewise_lags_3_sinusoidal_no,0.034,0.282,792.228,799.876,False,True,False,1.008,-0.24,0,3.063,3.35,0.224,532.0554121212122,,,,,1.287,0.894,,,,,,,,
Croplands_cluster_0_yearly_False_window_8_lags_4_sinusoidal_no_piecewise,False,8,piecewise_lags_4_sinusoidal_no,0.027,0.439,776.052,783.619,False,True,False,0.986,-0.071,0,1.97,2.32,0.297,558.3321434343434,,,,,,,1.349,0.77,,,,,,
Croplands_cluster_0_yearly_False_window_8_lags_7_sinusoidal_no_piecewise,False,8,piecewise_lags_7_sinusoidal_no,0.194,0.013,725.552,732.866,False,True,False,1.361,-0.01,0,1.817,2.327,0.115,557.8508787878789,,,,,,,,,1.51,0.006,,,,
Croplands_cluster_0_yearly_False_window_8_lags_none_sinusoidal_yes_piecewise,False,8,piecewise_lags_none_sinusoidal_yes,0.146,0.197,871.638,881.49,False,True,False,1.099,-0.061,0,1.976,2.074,0.126,543.1596656565657,,,,,,,,,,,1.013,1.084,0.68,0.068
Croplands_cluster_0_yearly_False_window_8_lags_1_sinusoidal_yes_piecewise,False,8,piecewise_lags_1_sinusoidal_yes,0.176,0.974,827.939,839.646,True,True,False,1.383,-0.094,0,1.666,1.954,0.727,557.9959818181818,1.183,0.08,,,,,,,,,1.007,1.098,0.778,0.032
Croplands_cluster_0_yearly_False_window_8_lags_2_sinusoidal_yes_piecewise,False,8,piecewise_lags_2_sinusoidal_yes,0.102,0.559,809.991,821.582,True,True,False,1.077,-0.075,0,1.714,1.908,0.327,558.4048888888889,,,1.074,0.235,,,,,,,1.003,1.117,0.669,0.356
Croplands_cluster_0_yearly_False_window_8_lags_3_sinusoidal_yes_piecewise,False,8,piecewise_lags_3_sinusoidal_yes,0.085,0.393,793.503,804.975,False,True,False,1.115,-0.267,0,3.269,3.684,0.394,532.0554121212122,,,,,1.316,0.759,,,,,1.003,1.097,0.942,0.124
Croplands_cluster_0_yearly_False_window_8_lags_4_sinusoidal_yes_piecewise,False,8,piecewise_lags_4_sinusoidal_yes,0.073,0.557,777.687,789.038,True,True,False,1.096,-0.156,0,2.058,2.529,0.526,558.3321434343434,,,,,,,1.381,0.863,,,1.004,1.086,0.921,0.153
Croplands_cluster_0_yearly_False_window_8_lags_7_sinusoidal_yes_piecewise,False,8,piecewise_lags_7_sinusoidal_yes,0.211,0.027,728.601,739.573,False,True,False,1.418,-0.105,0,1.849,2.419,0.208,557.8508787878789,,,,,,,,,1.53,0.008,1.001,1.038,0.865,0.372
Croplands_cluster_0_yearly_True_window_8_lags_none_sinusoidal_no_piecewise,True,8,piecewise_lags_none_sinusoidal_no,0.531,0.0,428.019,432.016,True,True,False,0.607,0.384,0,1.405,1.405,0.003,568.1552212121212,,,,,,,,,,,,,,
Croplands_cluster_0_yearly_True_window_8_lags_1_sinusoidal_no_piecewise,True,8,piecewise_lags_1_sinusoidal_no,0.527,0.0,411.341,416.524,True,True,False,0.867,0.273,0,1.6,1.659,0.002,563.5274373737374,1.06,0.014,,,,,,,,,,,,
Croplands_cluster_0_yearly_True_window_8_lags_2_sinusoidal_no_piecewise,True,8,piecewise_lags_2_sinusoidal_no,0.523,0.005,395.813,400.845,True,True,False,1.128,0.166,0,1.809,1.815,0.011,560.5523308080808,,,1.005,0.001,,,,,,,,,,
Croplands_cluster_0_yearly_True_window_8_lags_3_sinusoidal_no_piecewise,True,8,piecewise_lags_3_sinusoidal_no,0.345,0.005,380.628,385.503,False,True,False,0.729,-0.277,0,1.527,1.555,0.017,566.8246262626262,,,,,1.029,0.233,,,,,,,,
Croplands_cluster_0_yearly_True_window_8_lags_4_sinusoidal_no_piecewise,True,8,piecewise_lags_4_sinusoidal_no,0.228,0.054,371.28,375.992,True,False,False,1.038,-0.552,0,1.927,2.033,0.076,560.4112075757575,,,,,,,1.106,0.342,,,,,,
Croplands_cluster_0_yearly_True_window_8_lags_7_sinusoidal_no_piecewise,True,8,piecewise_lags_7_sinusoidal_no,0.439,0.002,318.525,322.703,True,True,False,1.143,-0.754,0,2.858,3.779,0.005,560.9830303030303,,,,,,,,,1.921,0.495,,,,
Croplands_cluster_0_yearly_True_window_8_lags_none_sinusoidal_yes_piecewise,True,8,piecewise_lags_none_sinusoidal_yes,0.547,0.0,431.052,437.713,True,True,False,0.596,0.025,0,1.411,1.426,0.003,568.1552212121212,,,,,,,,,,,1.013,1.002,0.445,0.645
Croplands_cluster_0_yearly_True_window_8_lags_1_sinusoidal_yes_piecewise,True,8,piecewise_lags_1_sinusoidal_yes,0.559,0.0,413.432,421.207,True,True,False,0.747,-0.191,0,1.603,1.669,0.002,563.5274373737374,1.06,0.015,,,,,,,,,1.005,1.001,0.265,0.637
Croplands_cluster_0_yearly_True_window_8_lags_2_sinusoidal_yes_piecewise,True,8,piecewise_lags_2_sinusoidal_yes,0.532,0.006,399.275,406.824,True,True,False,1.165,-0.63,0,1.823,1.846,0.013,560.5523308080808,,,1.005,0.001,,,,,,,1.017,1.0,0.529,0.913
Croplands_cluster_0_yearly_True_window_8_lags_3_sinusoidal_yes_piecewise,True,8,piecewise_lags_3_sinusoidal_yes,0.387,0.004,382.948,390.261,False,True,False,0.69,-2.288,0,1.536,1.582,0.012,566.8246262626262,,,,,1.029,0.24,,,,,1.013,1.004,0.306,0.63
Croplands_cluster_0_yearly_True_window_8_lags_4_sinusoidal_yes_piecewise,True,8,piecewise_lags_4_sinusoidal_yes,0.272,0.046,373.879,380.948,True,True,False,1.079,-2.043,0,1.941,2.064,0.063,560.4112075757575,,,,,,,1.108,0.383,,,1.001,1.014,0.331,0.71
Croplands_cluster_0_yearly_True_window_8_lags_7_sinusoidal_yes_piecewise,True,8,piecewise_lags_7_sinusoidal_yes,0.471,0.003,321.301,327.568,True,True,False,1.123,-0.13,0,2.894,3.851,0.007,560.9830303030303,,,,,,,,,1.938,0.503,1.009,1.01,0.515,0.509
Croplands_cluster_0_yearly_False_window_9_lags_none_sinusoidal_no_piecewise,False,9,piecewise_lags_none_sinusoidal_no,0.069,0.082,850.544,856.455,False,True,False,0.585,-0.055,0,1.691,1.691,0.06,543.2970141414141,,,,,,,,,,,,,,
Croplands_cluster_0_yearly_False_window_9_lags_1_sinusoidal_no_piecewise,False,9,piecewise_lags_1_sinusoidal_no,0.014,0.0,776.587,782.441,False,True,False,1.025,-0.071,0,4.9,5.139,0.0,500.913,1.237,0.598,,,,,,,,,,,,
Croplands_cluster_0_yearly_False_window_9_lags_2_sinusoidal_no_piecewise,False,9,piecewise_lags_2_sinusoidal_no,0.024,0.0,745.414,751.21,False,True,False,0.92,-0.03,0,4.757,4.926,0.0,500.913,,,1.169,0.456,,,,,,,,,,
Croplands_cluster_0_yearly_False_window_9_lags_3_sinusoidal_no_piecewise,False,9,piecewise_lags_3_sinusoidal_no,0.142,0.0,721.818,727.554,False,True,False,1.155,-0.067,0,5.232,5.542,0.0,500.913,,,,,1.309,0.009,,,,,,,,
Croplands_cluster_0_yearly_False_window_9_lags_4_sinusoidal_no_piecewise,False,9,piecewise_lags_4_sinusoidal_no,0.182,0.0,706.098,711.773,True,True,False,0.975,0.064,0,5.801,6.316,0.0,500.913,,,,,,,1.513,0.007,,,,,,
Croplands_cluster_0_yearly_False_window_9_lags_7_sinusoidal_no_piecewise,False,9,piecewise_lags_7_sinusoidal_no,0.326,0.0,651.223,656.709,False,True,False,1.427,0.163,0,6.888,7.927,0.003,500.913,,,,,,,,,2.035,0.0,,,,
Croplands_cluster_0_yearly_False_window_9_lags_none_sinusoidal_yes_piecewise,False,9,piecewise_lags_none_sinusoidal_yes,0.124,0.091,851.304,861.155,False,True,False,0.652,-0.08,0,1.737,1.803,0.094,543.2970141414141,,,,,,,,,,,1.019,1.047,0.941,0.089
Croplands_cluster_0_yearly_False_window_9_lags_1_sinusoidal_yes_piecewise,False,9,piecewise_lags_1_sinusoidal_yes,0.021,0.0,780.247,790.003,False,True,False,1.018,-0.109,0,5.047,5.332,0.0,500.913,1.246,0.639,,,,,,,,,1.017,1.02,0.757,0.644
Croplands_cluster_0_yearly_False_window_9_lags_2_sinusoidal_yes_piecewise,False,9,piecewise_lags_2_sinusoidal_yes,0.042,0.0,748.464,758.123,False,True,False,0.863,-0.073,0,5.021,5.273,0.0,500.913,,,1.181,0.41,,,,,,,1.027,1.043,0.599,0.438
Croplands_cluster_0_yearly_False_window_9_lags_3_sinusoidal_yes_piecewise,False,9,piecewise_lags_3_sinusoidal_yes,0.183,0.0,723.403,732.963,False,True,False,1.145,-0.167,0,5.493,5.883,0.0,500.913,,,,,1.328,0.006,,,,,1.024,1.038,0.432,0.205
Croplands_cluster_0_yearly_False_window_9_lags_4_sinusoidal_yes_piecewise,False,9,piecewise_lags_4_sinusoidal_yes,0.234,0.0,706.914,716.373,True,True,False,0.887,0.057,0,6.025,6.61,0.0,500.913,,,,,,,1.537,0.004,,,1.021,1.026,0.227,0.224
Croplands_cluster_0_yearly_False_window_9_lags_7_sinusoidal_yes_piecewise,False,9,piecewise_lags_7_sinusoidal_yes,0.349,0.0,653.654,662.797,False,True,False,1.4,0.065,0,6.975,8.044,0.004,500.913,,,,,,,,,2.05,0.0,1.014,1.001,0.256,0.753
Croplands_cluster_0_yearly_True_window_9_lags_none_sinusoidal_no_piecewise,True,9,piecewise_lags_none_sinusoidal_no,0.614,0.0,416.99,420.987,True,True,False,1.159,0.541,0,1.606,1.606,0.0,563.3889156565656,,,,,,,,,,,,,,
Croplands_cluster_0_yearly_True_window_9_lags_1_sinusoidal_no_piecewise,True,9,piecewise_lags_1_sinusoidal_no,0.584,0.0,404.809,409.993,True,True,False,0.9,0.341,0,1.732,2.088,0.003,565.5464515151515,1.356,0.017,,,,,,,,,,,,
Croplands_cluster_0_yearly_True_window_9_lags_2_sinusoidal_no_piecewise,True,9,piecewise_lags_2_sinusoidal_no,0.444,0.142,394.766,399.798,True,True,False,1.174,-0.738,0,2.167,2.186,0.15,555.9286338383838,,,1.019,0.003,,,,,,,,,,
Croplands_cluster_0_yearly_True_window_9_lags_3_sinusoidal_no_piecewise,True,9,piecewise_lags_3_sinusoidal_no,0.426,0.002,373.089,377.965,True,True,False,1.006,-0.481,0,1.649,1.75,0.007,565.8548727272728,,,,,1.101,0.029,,,,,,,,
Croplands_cluster_0_yearly_True_window_9_lags_4_sinusoidal_no_piecewise,True,9,piecewise_lags_4_sinusoidal_no,0.394,0.239,362.11,366.823,True,True,False,0.95,0.244,0,2.717,3.008,0.247,555.5,,,,,,,1.291,0.008,,,,,,
Croplands_cluster_0_yearly_True_window_9_lags_7_sinusoidal_no_piecewise,True,9,piecewise_lags_7_sinusoidal_no,0.192,0.082,316.147,320.325,True,True,False,1.135,-0.415,0,2.513,3.433,0.07,565.5522222222222,,,,,,,,,1.92,0.566,,,,
Croplands_cluster_0_yearly_True_window_9_lags_none_sinusoidal_yes_piecewise,True,9,piecewise_lags_none_sinusoidal_yes,0.636,0.0,419.344,426.005,True,True,False,1.026,0.485,0,1.61,1.616,0.0,563.3889156565656,,,,,,,,,,,1.006,1.0,0.377,0.454
Croplands_cluster_0_yearly_True_window_9_lags_1_sinusoidal_yes_piecewise,True,9,piecewise_lags_1_sinusoidal_yes,0.599,0.0,407.822,415.597,True,True,False,0.774,0.346,0,1.736,2.099,0.004,565.5464515151515,1.358,0.02,,,,,,,,,1.005,1.001,0.391,0.909
Croplands_cluster_0_yearly_True_window_9_lags_2_sinusoidal_yes_piecewise,True,9,piecewise_lags_2_sinusoidal_yes,0.446,0.183,398.631,406.18,True,True,False,1.164,-1.221,0,2.179,2.208,0.192,555.9286338383838,,,1.019,0.005,,,,,,,1.01,1.0,0.98,0.751
Croplands_cluster_0_yearly_True_window_9_lags_3_sinusoidal_yes_piecewise,True,9,piecewise_lags_3_sinusoidal_yes,0.472,0.002,374.991,382.304,True,True,False,0.724,-0.678,0,1.654,1.764,0.008,565.8548727272728,,,,,1.102,0.028,,,,,1.006,1.002,0.262,0.577
Croplands_cluster_0_yearly_True_window_9_lags_4_sinusoidal_yes_piecewise,True,9,piecewise_lags_4_sinusoidal_yes,0.425,0.176,364.849,371.917,True,True,False,0.866,0.174,0,2.731,3.032,0.182,555.5,,,,,,,1.294,0.01,,,1.005,1.003,0.347,0.816
Croplands_cluster_0_yearly_True_window_9_lags_7_sinusoidal_yes_piecewise,True,9,piecewise_lags_7_sinusoidal_yes,0.309,0.05,316.848,323.115,True,True,False,1.061,-1.388,0,2.685,3.822,0.037,565.5522222222222,,,,,,,,,2.024,0.436,1.0,1.113,0.256,0.291
Croplands_cluster_0_yearly_False_window_10_lags_none_sinusoidal_no_piecewise,False,10,piecewise_lags_none_sinusoidal_no,0.041,0.186,856.442,862.353,False,True,False,0.722,-0.082,0,1.677,1.677,0.15,542.8272222222222,,,,,,,,,,,,,,
Croplands_cluster_0_yearly_False_window_10_lags_1_sinusoidal_no_piecewise,False,10,piecewise_lags_1_sinusoidal_no,0.028,0.562,794.17,801.975,False,True,False,1.312,-0.197,0,1.819,1.921,0.356,542.8272222222222,1.101,0.921,,,,,,,,,,,,
Croplands_cluster_0_yearly_False_window_10_lags_2_sinusoidal_no_piecewise,False,10,piecewise_lags_2_sinusoidal_no,0.133,0.05,762.339,770.066,True,False,False,1.236,-0.436,0,1.183,1.193,0.189,583.3469444444445,,,1.011,0.016,,,,,,,,,,
Croplands_cluster_0_yearly_False_window_10_lags_3_sinusoidal_no_piecewise,False,10,piecewise_lags_3_sinusoidal_no,0.187,0.027,743.671,751.319,True,True,True,1.641,0.002,0,1.228,1.243,0.155,583.1749363636363,,,,,1.015,0.003,,,,,,,,
Croplands_cluster_0_yearly_False_window_10_lags_4_sinusoidal_no_piecewise,False,10,piecewise_lags_4_sinusoidal_no,0.091,0.608,734.551,742.118,False,True,True,1.531,-0.154,0,2.359,2.72,0.764,544.3335434343434,,,,,,,1.361,0.094,,,,,,
Croplands_cluster_0_yearly_False_window_10_lags_7_sinusoidal_no_piecewise,False,10,piecewise_lags_7_sinusoidal_no,0.141,0.231,686.664,693.978,False,True,True,1.631,-0.064,0,2.186,2.684,0.817,544.5441161616161,,,,,,,,,1.498,0.017,,,,
Croplands_cluster_0_yearly_False_window_10_lags_none_sinusoidal_yes_piecewise,False,10,piecewise_lags_none_sinusoidal_yes,0.097,0.174,857.252,867.103,False,True,False,0.791,-0.259,0,1.697,1.726,0.145,542.8272222222222,,,,,,,,,,,1.025,1.005,0.717,0.099
Croplands_cluster_0_yearly_False_window_10_lags_1_sinusoidal_yes_piecewise,False,10,piecewise_lags_1_sinusoidal_yes,0.032,0.547,797.946,809.654,False,True,False,1.31,-0.227,0,1.851,1.994,0.359,542.8272222222222,1.105,0.947,,,,,,,,,1.031,1.007,0.687,0.864
Croplands_cluster_0_yearly_False_window_10_lags_2_sinusoidal_yes_piecewise,False,10,piecewise_lags_2_sinusoidal_yes,0.172,0.026,763.978,775.569,True,False,False,1.149,-0.368,0,1.183,1.194,0.114,583.3469444444445,,,1.011,0.01,,,,,,,1.001,1.0,0.847,0.152
Croplands_cluster_0_yearly_False_window_10_lags_3_sinusoidal_yes_piecewise,False,10,piecewise_lags_3_sinusoidal_yes,0.238,0.015,744.452,755.924,True,True,True,1.696,-0.132,0,1.229,1.244,0.106,583.1749363636363,,,,,1.015,0.002,,,,,1.0,1.0,0.791,0.101
Croplands_cluster_0_yearly_False_window_10_lags_4_sinusoidal_yes_piecewise,False,10,piecewise_lags_4_sinusoidal_yes,0.112,0.554,737.43,748.781,False,True,True,1.531,-0.326,0,2.388,2.778,0.803,544.3335434343434,,,,,,,1.369,0.086,,,1.011,1.01,0.867,0.332
Croplands_cluster_0_yearly_False_window_10_lags_7_sinusoidal_yes_piecewise,False,10,piecewise_lags_7_sinusoidal_yes,0.145,0.251,690.464,701.436,False,True,True,1.625,-0.094,0,2.216,2.752,0.815,544.5441161616161,,,,,,,,,1.51,0.023,1.02,1.006,0.727,0.82
Croplands_cluster_0_yearly_True_window_10_lags_none_sinusoidal_no_piecewise,True,10,piecewise_lags_none_sinusoidal_no,0.677,0.0,410.276,414.273,True,True,False,1.282,0.515,0,1.542,1.542,0.0,565.0687954545455,,,,,,,,,,,,,,
Croplands_cluster_0_yearly_True_window_10_lags_1_sinusoidal_no_piecewise,True,10,piecewise_lags_1_sinusoidal_no,0.676,0.0,396.24,401.423,True,True,False,1.128,0.492,0,1.583,1.731,0.001,566.9590888888889,1.148,0.004,,,,,,,,,,,,
Croplands_cluster_0_yearly_True_window_10_lags_2_sinusoidal_no_piecewise,True,10,piecewise_lags_2_sinusoidal_no,0.597,0.018,384.395,389.428,True,True,False,1.104,0.193,0,1.839,1.84,0.044,560.451952020202,,,1.001,0.0,,,,,,,,,,
Croplands_cluster_0_yearly_True_window_10_lags_3_sinusoidal_no_piecewise,True,10,piecewise_lags_3_sinusoidal_no,0.406,0.002,370.227,375.102,True,True,False,1.281,-0.554,0,1.629,1.711,0.011,566.5977545454546,,,,,1.082,0.192,,,,,,,,
Croplands_cluster_0_yearly_True_window_10_lags_4_sinusoidal_no_piecewise,True,10,piecewise_lags_4_sinusoidal_no,0.488,0.039,354.693,359.405,True,True,False,0.909,0.311,0,2.408,2.509,0.049,557.4127712121211,,,,,,,1.101,0.009,,,,,,
Croplands_cluster_0_yearly_True_window_10_lags_7_sinusoidal_no_piecewise,True,10,piecewise_lags_7_sinusoidal_no,0.269,0.031,310.268,314.446,True,True,False,1.396,-1.193,0,2.923,3.697,0.031,560.7045303030303,,,,,,,,,1.774,0.474,,,,
Croplands_cluster_0_yearly_True_window_10_lags_none_sinusoidal_yes_piecewise,True,10,piecewise_lags_none_sinusoidal_yes,0.72,0.0,410.315,416.976,True,True,False,0.963,0.384,0,1.545,1.551,0.0,565.0687954545455,,,,,,,,,,,1.006,1.0,0.078,0.757
Croplands_cluster_0_yearly_True_window_10_lags_1_sinusoidal_yes_piecewise,True,10,piecewise_lags_1_sinusoidal_yes,0.717,0.0,396.591,404.367,True,True,False,0.819,0.329,0,1.583,1.733,0.0,566.9590888888889,1.149,0.004,,,,,,,,,1.0,1.001,0.252,0.212
Croplands_cluster_0_yearly_True_window_10_lags_2_sinusoidal_yes_piecewise,True,10,piecewise_lags_2_sinusoidal_yes,0.604,0.021,387.896,395.444,True,True,False,1.12,-0.098,0,1.85,1.864,0.045,560.451952020202,,,1.001,0.0,,,,,,,1.013,1.0,0.544,0.943
Croplands_cluster_0_yearly_True_window_10_lags_3_sinusoidal_yes_piecewise,True,10,piecewise_lags_3_sinusoidal_yes,0.484,0.001,370.69,378.004,True,True,False,0.963,-0.313,0,1.633,1.721,0.007,566.5977545454546,,,,,1.083,0.165,,,,,1.006,1.0,0.127,0.551
Croplands_cluster_0_yearly_True_window_10_lags_4_sinusoidal_yes_piecewise,True,10,piecewise_lags_4_sinusoidal_yes,0.537,0.023,356.27,363.338,True,True,False,0.812,-0.48,0,2.409,2.511,0.029,557.4127712121211,,,,,,,1.101,0.013,,,1.001,1.0,0.236,0.543
Croplands_cluster_0_yearly_True_window_10_lags_7_sinusoidal_yes_piecewise,True,10,piecewise_lags_7_sinusoidal_yes,0.464,0.008,307.751,314.018,True,True,True,1.615,-0.401,0,3.007,3.86,0.006,560.7045303030303,,,,,,,,,1.808,0.299,1.039,1.005,0.034,0.967
