analysis_name,yearly_aggregate,window_size,config_type,r_squared,p_value,aic,bic,is_normal,is_homoscedastic,no_autocorrelation,durbin_watson,cv_r2_score,cv_r2_std,vif_PPT,vif_spline_0,vif_spline_1,vif_spline_2,p_value_spline_0,p_value_spline_1,p_value_spline_2,knots,vif_ortho_PPT_lag0,p_value_lag0,vif_ortho_PPT_lag1,p_value_lag1,vif_ortho_sin_cycle,vif_ortho_cos_cycle,p_value_sin,p_value_cos
Maize_yearly_False_window_1_lags_none_sinusoidal_no_spline,False,1,spline_lags_none_sinusoidal_no,0.14,0.105,1350.15,1361.32,False,True,True,1.967,0.02,0,1.0,1.0,1.0,1.0,0.09,0.944,0.923,"[np.float64(409.957), np.float64(665.785), np.float64(790.195001), np.float64(963.35), np.float64(1259.824995)]",,,,,,,,
Maize_yearly_False_window_1_lags_0_sinusoidal_no_spline,False,1,spline_lags_0_sinusoidal_no,0.145,0.087,1351.775,1365.18,False,True,True,1.989,-0.014,0,1.0,1.004,1.003,1.007,0.128,0.993,0.964,"[np.float64(409.957), np.float64(665.785), np.float64(790.195001), np.float64(963.35), np.float64(1259.824995)]",1.014,0.56,,,,,,
Maize_yearly_False_window_1_lags_1_sinusoidal_no_spline,False,1,spline_lags_1_sinusoidal_no,0.163,0.332,1329.777,1343.094,False,True,True,2.0,-0.194,0,1.0,1.01,1.048,1.032,0.058,0.802,0.351,"[np.float64(409.957), np.float64(664.496), np.float64(782.8445), np.float64(925.62542), np.float64(1259.824995)]",,,1.089,0.741,,,,
Maize_yearly_False_window_1_lags_none_sinusoidal_yes_spline,False,1,spline_lags_none_sinusoidal_yes,0.146,0.11,1353.685,1369.324,False,True,True,1.98,-0.071,0,1.0,1.056,1.009,1.024,0.095,0.985,0.997,"[np.float64(409.957), np.float64(665.785), np.float64(790.195001), np.float64(963.35), np.float64(1259.824995)]",,,,,1.049,1.04,0.546,0.832
Maize_yearly_False_window_1_lags_0_sinusoidal_yes_spline,False,1,spline_lags_0_sinusoidal_yes,0.182,0.08,1352.671,1370.544,False,True,True,2.036,-0.128,0,1.0,1.064,1.013,1.242,0.078,0.886,0.489,"[np.float64(409.957), np.float64(665.785), np.float64(790.195001), np.float64(963.35), np.float64(1259.824995)]",1.22,0.104,,,1.06,1.039,0.436,0.951
Maize_yearly_False_window_1_lags_1_sinusoidal_yes_spline,False,1,spline_lags_1_sinusoidal_yes,0.17,0.344,1333.149,1350.905,False,True,True,2.009,-0.273,0,1.0,1.079,1.054,1.038,0.052,0.837,0.33,"[np.float64(409.957), np.float64(664.496), np.float64(782.8445), np.float64(925.62542), np.float64(1259.824995)]",,,1.09,0.734,1.036,1.044,0.465,0.886
Maize_yearly_True_window_1_lags_none_sinusoidal_no_spline,True,1,spline_lags_none_sinusoidal_no,0.369,0.073,694.234,702.288,True,True,True,2.208,0.09,0,1.0,1.0,1.0,1.0,0.055,0.043,0.29,"[np.float64(464.8865), np.float64(642.8232), np.float64(764.220997), np.float64(870.097333), np.float64(1043.0)]",,,,,,,,
Maize_yearly_True_window_1_lags_0_sinusoidal_no_spline,True,1,spline_lags_0_sinusoidal_no,0.478,0.063,689.189,698.855,True,True,True,2.396,-1.216,0,1.0,1.047,1.002,1.066,0.013,0.022,0.624,"[np.float64(464.8865), np.float64(642.8232), np.float64(764.220997), np.float64(870.097333), np.float64(1043.0)]",1.114,0.016,,,,,,
Maize_yearly_True_window_1_lags_1_sinusoidal_no_spline,True,1,spline_lags_1_sinusoidal_no,0.465,0.013,669.579,679.08,True,True,True,2.411,0.364,0,1.0,1.047,1.033,1.005,0.018,0.148,0.93,"[np.float64(464.8865), np.float64(642.48665), np.float64(783.8295), np.float64(881.925833), np.float64(1043.0)]",,,1.084,0.167,,,,
Maize_yearly_True_window_1_lags_none_sinusoidal_yes_spline,True,1,spline_lags_none_sinusoidal_yes,0.392,0.07,696.861,708.137,True,True,True,2.321,-0.079,0,1.0,1.032,1.005,1.083,0.042,0.042,0.27,"[np.float64(464.8865), np.float64(642.8232), np.float64(764.220997), np.float64(870.097333), np.float64(1043.0)]",,,,,1.053,1.066,0.3,0.902
Maize_yearly_True_window_1_lags_0_sinusoidal_yes_spline,True,1,spline_lags_0_sinusoidal_yes,0.505,0.058,691.211,704.099,True,True,False,2.512,-1.396,0,1.0,1.081,1.006,1.128,0.009,0.022,0.499,"[np.float64(464.8865), np.float64(642.8232), np.float64(764.220997), np.float64(870.097333), np.float64(1043.0)]",1.116,0.017,,,1.054,1.045,0.227,0.766
Maize_yearly_True_window_1_lags_1_sinusoidal_yes_spline,True,1,spline_lags_1_sinusoidal_yes,0.498,0.01,671.33,683.998,True,True,False,2.566,0.137,0,1.0,1.078,1.035,1.013,0.013,0.162,0.863,"[np.float64(464.8865), np.float64(642.48665), np.float64(783.8295), np.float64(881.925833), np.float64(1043.0)]",,,1.086,0.146,1.038,1.002,0.208,0.707
Maize_yearly_False_window_2_lags_none_sinusoidal_no_spline,False,2,spline_lags_none_sinusoidal_no,0.176,0.018,1302.825,1313.995,True,True,False,1.024,-0.213,0,1.0,1.0,1.0,1.0,0.402,0.527,0.784,"[np.float64(464.8865), np.float64(715.2075), np.float64(819.103), np.float64(905.505002), np.float64(1184.5624975)]",,,,,,,,
Maize_yearly_False_window_2_lags_0_sinusoidal_no_spline,False,2,spline_lags_0_sinusoidal_no,0.229,0.009,1300.247,1313.651,False,True,False,1.094,-0.31,0,1.0,1.002,1.003,1.039,0.377,0.672,0.497,"[np.float64(464.8865), np.float64(715.2075), np.float64(819.103), np.float64(905.505002), np.float64(1184.5624975)]",1.044,0.042,,,,,,
Maize_yearly_False_window_2_lags_1_sinusoidal_no_spline,False,2,spline_lags_1_sinusoidal_no,0.221,0.017,1278.293,1291.61,True,True,False,1.148,-0.276,0,1.0,1.003,1.041,1.003,0.284,0.675,0.105,"[np.float64(464.8865), np.float64(747.87077), np.float64(819.184), np.float64(905.665253), np.float64(1184.5624975)]",,,1.048,0.798,,,,
Maize_yearly_False_window_2_lags_none_sinusoidal_yes_spline,False,2,spline_lags_none_sinusoidal_yes,0.185,0.017,1306.104,1321.742,True,True,False,1.03,-0.319,0,1.0,1.019,1.012,1.018,0.437,0.597,0.869,"[np.float64(464.8865), np.float64(715.2075), np.float64(819.103), np.float64(905.505002), np.float64(1184.5624975)]",,,,,1.013,1.037,0.515,0.635
Maize_yearly_False_window_2_lags_0_sinusoidal_yes_spline,False,2,spline_lags_0_sinusoidal_yes,0.239,0.013,1303.355,1321.228,True,True,False,1.078,-0.896,0,1.0,1.028,1.015,1.055,0.335,0.679,0.581,"[np.float64(464.8865), np.float64(715.2075), np.float64(819.103), np.float64(905.505002), np.float64(1184.5624975)]",1.039,0.036,,,1.013,1.046,0.526,0.925
Maize_yearly_False_window_2_lags_1_sinusoidal_yes_spline,False,2,spline_lags_1_sinusoidal_yes,0.223,0.018,1282.135,1299.891,True,True,False,1.15,-0.27,0,1.0,1.029,1.055,1.038,0.293,0.707,0.132,"[np.float64(464.8865), np.float64(747.87077), np.float64(819.184), np.float64(905.665253), np.float64(1184.5624975)]",,,1.049,0.79,1.034,1.039,0.71,1.0
Maize_yearly_True_window_2_lags_none_sinusoidal_no_spline,True,2,spline_lags_none_sinusoidal_no,0.486,0.0,671.648,679.703,True,True,False,1.396,0.23,0,1.0,1.0,1.0,1.0,0.564,0.925,0.104,"[np.float64(512.6990000000001), np.float64(683.081233), np.float64(762.360666), np.float64(837.002923), np.float64(970.80165)]",,,,,,,,
Maize_yearly_True_window_2_lags_0_sinusoidal_no_spline,True,2,spline_lags_0_sinusoidal_no,0.638,0.0,660.644,670.309,True,True,True,1.683,-0.003,0,1.0,1.007,1.009,1.001,0.336,0.852,0.072,"[np.float64(512.6990000000001), np.float64(683.081233), np.float64(762.360666), np.float64(837.002923), np.float64(970.80165)]",1.017,0.001,,,,,,
Maize_yearly_True_window_2_lags_1_sinusoidal_no_spline,True,2,spline_lags_1_sinusoidal_no,0.608,0.0,641.557,651.059,True,True,False,1.391,-0.314,0,1.0,1.045,1.13,1.002,0.061,0.992,0.941,"[np.float64(512.6990000000001), np.float64(672.61905), np.float64(773.862915), np.float64(846.457333), np.float64(970.80165)]",,,1.177,0.075,,,,
Maize_yearly_True_window_2_lags_none_sinusoidal_yes_spline,True,2,spline_lags_none_sinusoidal_yes,0.507,0.0,674.1,685.376,True,True,False,1.47,0.221,0,1.0,1.071,1.049,1.058,0.614,0.992,0.148,"[np.float64(512.6990000000001), np.float64(683.081233), np.float64(762.360666), np.float64(837.002923), np.float64(970.80165)]",,,,,1.011,1.166,0.268,0.928
Maize_yearly_True_window_2_lags_0_sinusoidal_yes_spline,True,2,spline_lags_0_sinusoidal_yes,0.654,0.0,663.008,675.896,True,True,True,1.791,0.39,0,1.0,1.074,1.053,1.058,0.442,0.872,0.088,"[np.float64(512.6990000000001), np.float64(683.081233), np.float64(762.360666), np.float64(837.002923), np.float64(970.80165)]",1.019,0.001,,,1.012,1.154,0.287,0.728
Maize_yearly_True_window_2_lags_1_sinusoidal_yes_spline,True,2,spline_lags_1_sinusoidal_yes,0.642,0.0,642.241,654.909,True,True,True,1.515,-0.678,0,1.0,1.07,1.231,1.022,0.095,0.831,0.923,"[np.float64(512.6990000000001), np.float64(672.61905), np.float64(773.862915), np.float64(846.457333), np.float64(970.80165)]",,,1.183,0.055,1.025,1.116,0.19,0.345
Maize_yearly_False_window_3_lags_none_sinusoidal_no_spline,False,3,spline_lags_none_sinusoidal_no,0.277,0.0,1269.83,1281.0,False,True,False,0.88,0.052,0,1.0,1.0,1.0,1.0,0.082,0.582,0.626,"[np.float64(539.6333331333334), np.float64(705.04317), np.float64(824.33644), np.float64(891.024664), np.float64(1040.7584650000001)]",,,,,,,,
Maize_yearly_False_window_3_lags_0_sinusoidal_no_spline,False,3,spline_lags_0_sinusoidal_no,0.302,0.0,1269.428,1282.832,False,True,False,0.992,0.102,0,1.0,1.0,1.062,1.178,0.078,0.8,0.901,"[np.float64(539.6333331333334), np.float64(705.04317), np.float64(824.33644), np.float64(891.024664), np.float64(1040.7584650000001)]",1.239,0.14,,,,,,
Maize_yearly_False_window_3_lags_1_sinusoidal_no_spline,False,3,spline_lags_1_sinusoidal_no,0.29,0.002,1251.539,1264.856,False,True,False,0.927,0.133,0,1.0,1.009,1.005,1.027,0.082,0.307,0.772,"[np.float64(539.6333331333334), np.float64(704.862744), np.float64(799.413983), np.float64(861.796134), np.float64(1040.7584650000001)]",,,1.041,0.884,,,,
Maize_yearly_False_window_3_lags_none_sinusoidal_yes_spline,False,3,spline_lags_none_sinusoidal_yes,0.289,0.0,1272.682,1288.321,False,True,False,0.891,-0.021,0,1.0,1.003,1.012,1.001,0.093,0.661,0.648,"[np.float64(539.6333331333334), np.float64(705.04317), np.float64(824.33644), np.float64(891.024664), np.float64(1040.7584650000001)]",,,,,1.007,1.009,0.433,0.518
Maize_yearly_False_window_3_lags_0_sinusoidal_yes_spline,False,3,spline_lags_0_sinusoidal_yes,0.303,0.0,1273.335,1291.208,False,True,False,0.956,-0.015,0,1.0,1.004,1.045,1.164,0.085,0.787,0.988,"[np.float64(539.6333331333334), np.float64(705.04317), np.float64(824.33644), np.float64(891.024664), np.float64(1040.7584650000001)]",1.2,0.238,,,1.006,1.007,0.442,0.618
Maize_yearly_False_window_3_lags_1_sinusoidal_yes_spline,False,3,spline_lags_1_sinusoidal_yes,0.297,0.002,1254.824,1272.58,False,True,False,0.937,0.052,0,1.0,1.009,1.015,1.097,0.09,0.355,0.821,"[np.float64(539.6333331333334), np.float64(704.862744), np.float64(799.413983), np.float64(861.796134), np.float64(1040.7584650000001)]",,,1.042,0.869,1.004,1.075,0.454,0.804
Maize_yearly_True_window_3_lags_none_sinusoidal_no_spline,True,3,spline_lags_none_sinusoidal_no,0.627,0.0,646.058,654.113,True,True,False,0.823,0.5,0,1.0,1.0,1.0,1.0,0.476,0.76,0.473,"[np.float64(539.6333331333334), np.float64(702.767333), np.float64(776.035998), np.float64(828.835382), np.float64(952.1441000333334)]",,,,,,,,
Maize_yearly_True_window_3_lags_0_sinusoidal_no_spline,True,3,spline_lags_0_sinusoidal_no,0.697,0.0,640.333,649.998,True,True,False,1.241,0.622,0,1.0,1.09,1.023,1.206,0.136,0.954,0.077,"[np.float64(539.6333331333334), np.float64(702.767333), np.float64(776.035998), np.float64(828.835382), np.float64(952.1441000333334)]",1.319,0.012,,,,,,
Maize_yearly_True_window_3_lags_1_sinusoidal_no_spline,True,3,spline_lags_1_sinusoidal_no,0.699,0.0,622.64,632.141,True,True,False,0.792,0.518,0,1.0,1.008,1.038,1.001,0.172,0.798,0.898,"[np.float64(539.6333331333334), np.float64(699.956983), np.float64(776.458604), np.float64(841.809711), np.float64(952.1441000333334)]",,,1.047,0.346,,,,
Maize_yearly_True_window_3_lags_none_sinusoidal_yes_spline,True,3,spline_lags_none_sinusoidal_yes,0.653,0.0,647.333,658.609,True,True,False,0.859,0.481,0,1.0,1.124,1.041,1.091,0.589,0.883,0.803,"[np.float64(539.6333331333334), np.float64(702.767333), np.float64(776.035998), np.float64(828.835382), np.float64(952.1441000333334)]",,,,,1.118,1.138,0.156,0.695
Maize_yearly_True_window_3_lags_0_sinusoidal_yes_spline,True,3,spline_lags_0_sinusoidal_yes,0.715,0.0,642.095,654.982,True,True,False,1.3,0.588,0,1.0,1.18,1.052,1.376,0.264,0.925,0.173,"[np.float64(539.6333331333334), np.float64(702.767333), np.float64(776.035998), np.float64(828.835382), np.float64(952.1441000333334)]",1.357,0.023,,,1.124,1.127,0.213,0.71
Maize_yearly_True_window_3_lags_1_sinusoidal_yes_spline,True,3,spline_lags_1_sinusoidal_yes,0.728,0.0,622.98,635.648,True,True,False,0.856,0.407,0,1.0,1.089,1.103,1.009,0.337,0.778,0.78,"[np.float64(539.6333331333334), np.float64(699.956983), np.float64(776.458604), np.float64(841.809711), np.float64(952.1441000333334)]",,,1.048,0.287,1.045,1.107,0.1,0.706
Maize_yearly_False_window_4_lags_none_sinusoidal_no_spline,False,4,spline_lags_none_sinusoidal_no,0.422,0.0,1238.919,1250.089,False,True,False,0.834,0.346,0,1.0,1.0,1.0,1.0,0.032,0.742,0.069,"[np.float64(604.7547503000001), np.float64(734.90915), np.float64(805.5661), np.float64(877.313249), np.float64(1009.63615005)]",,,,,,,,
Maize_yearly_False_window_4_lags_0_sinusoidal_no_spline,False,4,spline_lags_0_sinusoidal_no,0.435,0.0,1239.355,1252.759,False,True,False,0.908,0.236,0,1.0,1.006,1.0,1.009,0.025,0.765,0.054,"[np.float64(604.7547503000001), np.float64(734.90915), np.float64(805.5661), np.float64(877.313249), np.float64(1009.63615005)]",1.015,0.234,,,,,,
Maize_yearly_False_window_4_lags_1_sinusoidal_no_spline,False,4,spline_lags_1_sinusoidal_no,0.429,0.0,1220.263,1233.58,False,True,False,0.791,0.03,0,1.0,1.002,1.001,1.0,0.015,0.548,0.758,"[np.float64(604.7547503000001), np.float64(740.1705), np.float64(809.40955), np.float64(887.509753), np.float64(1009.63615005)]",,,1.003,0.689,,,,
Maize_yearly_False_window_4_lags_none_sinusoidal_yes_spline,False,4,spline_lags_none_sinusoidal_yes,0.444,0.0,1240.231,1255.87,False,True,False,0.855,0.338,0,1.0,1.022,1.003,1.029,0.021,0.818,0.121,"[np.float64(604.7547503000001), np.float64(734.90915), np.float64(805.5661), np.float64(877.313249), np.float64(1009.63615005)]",,,,,1.038,1.016,0.144,0.591
Maize_yearly_False_window_4_lags_0_sinusoidal_yes_spline,False,4,spline_lags_0_sinusoidal_yes,0.452,0.0,1241.202,1259.075,False,True,False,0.913,0.155,0,1.0,1.024,1.003,1.043,0.019,0.818,0.099,"[np.float64(604.7547503000001), np.float64(734.90915), np.float64(805.5661), np.float64(877.313249), np.float64(1009.63615005)]",1.015,0.24,,,1.04,1.015,0.179,0.755
Maize_yearly_False_window_4_lags_1_sinusoidal_yes_spline,False,4,spline_lags_1_sinusoidal_yes,0.452,0.0,1221.514,1239.27,False,True,False,0.834,0.178,0,1.0,1.022,1.006,1.013,0.011,0.597,0.895,"[np.float64(604.7547503000001), np.float64(740.1705), np.float64(809.40955), np.float64(887.509753), np.float64(1009.63615005)]",,,1.003,0.699,1.023,1.015,0.124,0.841
Maize_yearly_True_window_4_lags_none_sinusoidal_no_spline,True,4,spline_lags_none_sinusoidal_no,0.656,0.0,636.719,644.774,True,True,False,1.136,0.304,0,1.0,1.0,1.0,1.0,0.617,0.693,0.022,"[np.float64(597.3186166666667), np.float64(718.693727), np.float64(774.794854), np.float64(841.091002), np.float64(929.6609916916667)]",,,,,,,,
Maize_yearly_True_window_4_lags_0_sinusoidal_no_spline,True,4,spline_lags_0_sinusoidal_no,0.693,0.0,634.468,644.134,True,True,False,1.046,-0.165,0,1.0,1.034,1.001,1.012,0.387,0.686,0.029,"[np.float64(597.3186166666667), np.float64(718.693727), np.float64(774.794854), np.float64(841.091002), np.float64(929.6609916916667)]",1.047,0.061,,,,,,
Maize_yearly_True_window_4_lags_1_sinusoidal_no_spline,True,4,spline_lags_1_sinusoidal_no,0.721,0.0,613.118,622.619,True,True,False,0.854,0.541,0,1.0,1.0,1.011,1.052,0.166,0.536,0.491,"[np.float64(597.3186166666667), np.float64(715.217018), np.float64(774.983356), np.float64(844.862486), np.float64(929.6609916916667)]",,,1.064,0.366,,,,
Maize_yearly_True_window_4_lags_none_sinusoidal_yes_spline,True,4,spline_lags_none_sinusoidal_yes,0.683,0.0,637.696,648.973,True,True,False,1.192,0.013,0,1.0,1.198,1.034,1.097,0.745,0.99,0.046,"[np.float64(597.3186166666667), np.float64(718.693727), np.float64(774.794854), np.float64(841.091002), np.float64(929.6609916916667)]",,,,,1.078,1.251,0.139,0.698
Maize_yearly_True_window_4_lags_0_sinusoidal_yes_spline,True,4,spline_lags_0_sinusoidal_yes,0.723,0.0,634.67,647.557,True,True,False,1.133,-0.528,0,1.0,1.208,1.034,1.101,0.593,0.964,0.048,"[np.float64(597.3186166666667), np.float64(718.693727), np.float64(774.794854), np.float64(841.091002), np.float64(929.6609916916667)]",1.058,0.064,,,1.074,1.21,0.137,0.431
Maize_yearly_True_window_4_lags_1_sinusoidal_yes_spline,True,4,spline_lags_1_sinusoidal_yes,0.755,0.0,612.372,625.041,True,True,False,0.911,0.63,0,1.0,1.132,1.046,1.096,0.31,0.873,0.728,"[np.float64(597.3186166666667), np.float64(715.217018), np.float64(774.983356), np.float64(844.862486), np.float64(929.6609916916667)]",,,1.068,0.295,1.063,1.143,0.081,0.396
Maize_yearly_False_window_5_lags_none_sinusoidal_no_spline,False,5,spline_lags_none_sinusoidal_no,0.499,0.0,1215.023,1226.193,True,True,False,0.603,0.436,0,1.0,1.0,1.0,1.0,0.071,0.358,0.492,"[np.float64(637.61408), np.float64(720.569399), np.float64(804.86936), np.float64(883.2586), np.float64(977.11692004)]",,,,,,,,
Maize_yearly_False_window_5_lags_0_sinusoidal_no_spline,False,5,spline_lags_0_sinusoidal_no,0.523,0.0,1213.64,1227.045,True,True,False,0.667,0.362,0,1.0,1.02,1.003,1.003,0.04,0.4,0.547,"[np.float64(637.61408), np.float64(720.569399), np.float64(804.86936), np.float64(883.2586), np.float64(977.11692004)]",1.025,0.08,,,,,,
Maize_yearly_False_window_5_lags_1_sinusoidal_no_spline,False,5,spline_lags_1_sinusoidal_no,0.544,0.0,1191.466,1204.783,True,True,False,0.701,0.434,0,1.0,1.01,1.025,1.004,0.023,0.35,0.93,"[np.float64(637.61408), np.float64(720.405399), np.float64(802.60514), np.float64(883.30299), np.float64(977.11692004)]",,,1.039,0.431,,,,
Maize_yearly_False_window_5_lags_none_sinusoidal_yes_spline,False,5,spline_lags_none_sinusoidal_yes,0.542,0.0,1212.763,1228.402,True,True,False,0.649,0.454,0,1.0,1.029,1.016,1.002,0.039,0.218,0.542,"[np.float64(637.61408), np.float64(720.569399), np.float64(804.86936), np.float64(883.2586), np.float64(977.11692004)]",,,,,1.024,1.024,0.024,0.475
Maize_yearly_False_window_5_lags_0_sinusoidal_yes_spline,False,5,spline_lags_0_sinusoidal_yes,0.563,0.0,1211.535,1229.408,True,True,False,0.705,0.217,0,1.0,1.041,1.019,1.005,0.025,0.236,0.602,"[np.float64(637.61408), np.float64(720.569399), np.float64(804.86936), np.float64(883.2586), np.float64(977.11692004)]",1.026,0.069,,,1.024,1.016,0.022,0.733
Maize_yearly_False_window_5_lags_1_sinusoidal_yes_spline,False,5,spline_lags_1_sinusoidal_yes,0.58,0.0,1189.916,1207.672,True,True,False,0.746,0.291,0,1.0,1.032,1.039,1.01,0.014,0.216,0.978,"[np.float64(637.61408), np.float64(720.405399), np.float64(802.60514), np.float64(883.30299), np.float64(977.11692004)]",,,1.039,0.432,1.022,1.02,0.029,0.756
Maize_yearly_True_window_5_lags_none_sinusoidal_no_spline,True,5,spline_lags_none_sinusoidal_no,0.711,0.0,624.604,632.658,True,True,False,0.851,0.545,0,1.0,1.0,1.0,1.0,0.129,0.27,0.003,"[np.float64(622.7538533333333), np.float64(719.465425), np.float64(775.395573), np.float64(841.091002), np.float64(910.9888466866666)]",,,,,,,,
Maize_yearly_True_window_5_lags_0_sinusoidal_no_spline,True,5,spline_lags_0_sinusoidal_no,0.711,0.0,626.601,636.266,True,True,False,0.847,0.529,0,1.0,1.137,1.108,1.083,0.155,0.293,0.005,"[np.float64(622.7538533333333), np.float64(719.465425), np.float64(775.395573), np.float64(841.091002), np.float64(910.9888466866666)]",1.328,0.961,,,,,,
Maize_yearly_True_window_5_lags_1_sinusoidal_no_spline,True,5,spline_lags_1_sinusoidal_no,0.771,0.0,600.751,610.252,True,True,False,0.867,0.475,0,1.0,1.004,1.0,1.086,0.029,0.052,0.509,"[np.float64(622.7538533333333), np.float64(718.793461), np.float64(769.762163), np.float64(842.744931), np.float64(910.9888466866666)]",,,1.09,0.909,,,,
Maize_yearly_True_window_5_lags_none_sinusoidal_yes_spline,True,5,spline_lags_none_sinusoidal_yes,0.736,0.0,625.307,636.584,True,True,False,0.855,0.474,0,1.0,1.316,1.128,1.024,0.079,0.68,0.004,"[np.float64(622.7538533333333), np.float64(719.465425), np.float64(775.395573), np.float64(841.091002), np.float64(910.9888466866666)]",,,,,1.129,1.338,0.281,0.22
Maize_yearly_True_window_5_lags_0_sinusoidal_yes_spline,True,5,spline_lags_0_sinusoidal_yes,0.736,0.0,627.307,640.194,True,True,False,0.857,0.437,0,1.0,1.508,1.261,1.095,0.107,0.704,0.006,"[np.float64(622.7538533333333), np.float64(719.465425), np.float64(775.395573), np.float64(841.091002), np.float64(910.9888466866666)]",1.365,0.955,,,1.152,1.347,0.295,0.23
Maize_yearly_True_window_5_lags_1_sinusoidal_yes_spline,True,5,spline_lags_1_sinusoidal_yes,0.779,0.0,603.506,616.174,True,True,False,0.843,0.333,0,1.0,1.339,1.153,1.181,0.104,0.195,0.553,"[np.float64(622.7538533333333), np.float64(718.793461), np.float64(769.762163), np.float64(842.744931), np.float64(910.9888466866666)]",,,1.092,0.951,1.124,1.457,0.336,0.858
Maize_yearly_False_window_6_lags_none_sinusoidal_no_spline,False,6,spline_lags_none_sinusoidal_no,0.57,0.0,1196.64,1207.81,True,True,False,0.693,0.466,0,1.0,1.0,1.0,1.0,0.127,0.967,0.156,"[np.float64(625.7615666666667), np.float64(738.959233), np.float64(795.382633), np.float64(863.513439), np.float64(965.9827333666667)]",,,,,,,,
Maize_yearly_False_window_6_lags_0_sinusoidal_no_spline,False,6,spline_lags_0_sinusoidal_no,0.599,0.0,1193.837,1207.242,True,True,False,0.738,0.143,0,1.0,1.008,1.009,1.0,0.081,0.882,0.137,"[np.float64(625.7615666666667), np.float64(738.959233), np.float64(795.382633), np.float64(863.513439), np.float64(965.9827333666667)]",1.018,0.037,,,,,,
Maize_yearly_False_window_6_lags_1_sinusoidal_no_spline,False,6,spline_lags_1_sinusoidal_no,0.611,0.0,1171.845,1185.162,True,True,False,0.737,0.47,0,1.0,1.01,1.004,1.026,0.039,0.925,0.484,"[np.float64(625.7615666666667), np.float64(735.649738), np.float64(790.403159), np.float64(864.369659), np.float64(965.9827333666667)]",,,1.04,0.965,,,,
Maize_yearly_False_window_6_lags_none_sinusoidal_yes_spline,False,6,spline_lags_none_sinusoidal_yes,0.605,0.0,1194.817,1210.455,True,True,False,0.73,0.468,0,1.0,1.057,1.052,1.015,0.082,0.565,0.19,"[np.float64(625.7615666666667), np.float64(738.959233), np.float64(795.382633), np.float64(863.513439), np.float64(965.9827333666667)]",,,,,1.059,1.065,0.023,0.872
Maize_yearly_False_window_6_lags_0_sinusoidal_yes_spline,False,6,spline_lags_0_sinusoidal_yes,0.635,0.0,1191.265,1209.138,True,True,False,0.776,0.378,0,1.0,1.061,1.065,1.016,0.058,0.691,0.155,"[np.float64(625.7615666666667), np.float64(738.959233), np.float64(795.382633), np.float64(863.513439), np.float64(965.9827333666667)]",1.018,0.033,,,1.059,1.064,0.017,0.83
Maize_yearly_False_window_6_lags_1_sinusoidal_yes_spline,False,6,spline_lags_1_sinusoidal_yes,0.64,0.0,1170.573,1188.329,True,True,False,0.779,0.41,0,1.0,1.056,1.055,1.035,0.029,0.699,0.601,"[np.float64(625.7615666666667), np.float64(735.649738), np.float64(790.403159), np.float64(864.369659), np.float64(965.9827333666667)]",,,1.04,0.994,1.065,1.041,0.033,0.851
Maize_yearly_True_window_6_lags_none_sinusoidal_no_spline,True,6,spline_lags_none_sinusoidal_no,0.636,0.0,630.032,638.086,False,True,False,0.42,0.473,0,1.0,1.0,1.0,1.0,0.142,0.417,0.904,"[np.float64(653.9633), np.float64(729.773841), np.float64(785.760338), np.float64(825.19539), np.float64(896.4259611277777)]",,,,,,,,
Maize_yearly_True_window_6_lags_0_sinusoidal_no_spline,True,6,spline_lags_0_sinusoidal_no,0.766,0.0,615.618,625.283,False,True,False,0.903,0.477,0,1.0,1.003,1.041,1.373,0.048,0.129,0.048,"[np.float64(653.9633), np.float64(729.773841), np.float64(785.760338), np.float64(825.19539), np.float64(896.4259611277777)]",1.418,0.0,,,,,,
Maize_yearly_True_window_6_lags_1_sinusoidal_no_spline,True,6,spline_lags_1_sinusoidal_no,0.808,0.0,590.518,600.019,True,True,False,1.008,0.612,0,1.0,1.03,1.001,1.012,0.003,0.434,0.93,"[np.float64(653.9633), np.float64(746.091711), np.float64(797.74255), np.float64(830.19787), np.float64(896.4259611277777)]",,,1.043,0.53,,,,
Maize_yearly_True_window_6_lags_none_sinusoidal_yes_spline,True,6,spline_lags_none_sinusoidal_yes,0.673,0.0,630.084,641.361,True,False,False,0.517,0.434,0,1.0,1.322,1.107,1.001,0.049,0.879,0.924,"[np.float64(653.9633), np.float64(729.773841), np.float64(785.760338), np.float64(825.19539), np.float64(896.4259611277777)]",,,,,1.134,1.296,0.089,0.414
Maize_yearly_True_window_6_lags_0_sinusoidal_yes_spline,True,6,spline_lags_0_sinusoidal_yes,0.781,0.0,617.196,630.084,False,True,False,0.983,-0.14,0,1.0,1.368,1.189,1.398,0.093,0.39,0.063,"[np.float64(653.9633), np.float64(729.773841), np.float64(785.760338), np.float64(825.19539), np.float64(896.4259611277777)]",1.412,0.0,,,1.157,1.386,0.127,0.767
Maize_yearly_True_window_6_lags_1_sinusoidal_yes_spline,True,6,spline_lags_1_sinusoidal_yes,0.822,0.0,591.758,604.426,True,True,False,1.035,0.64,0,1.0,1.236,1.222,1.022,0.005,0.784,0.923,"[np.float64(653.9633), np.float64(746.091711), np.float64(797.74255), np.float64(830.19787), np.float64(896.4259611277777)]",,,1.053,0.614,1.094,1.333,0.158,0.901
Maize_yearly_False_window_7_lags_none_sinusoidal_no_spline,False,7,spline_lags_none_sinusoidal_no,0.668,0.0,1172.237,1183.408,True,False,False,0.564,0.563,0,1.0,1.0,1.0,1.0,0.066,0.195,0.168,"[np.float64(624.6426285714286), np.float64(750.454487), np.float64(803.173914), np.float64(861.128863), np.float64(948.9909143142858)]",,,,,,,,
Maize_yearly_False_window_7_lags_0_sinusoidal_no_spline,False,7,spline_lags_0_sinusoidal_no,0.676,0.0,1172.485,1185.889,True,True,False,0.535,0.626,0,1.0,1.004,1.025,1.016,0.079,0.151,0.126,"[np.float64(624.6426285714286), np.float64(750.454487), np.float64(803.173914), np.float64(861.128863), np.float64(948.9909143142858)]",1.045,0.208,,,,,,
Maize_yearly_False_window_7_lags_1_sinusoidal_no_spline,False,7,spline_lags_1_sinusoidal_no,0.695,0.0,1148.822,1162.139,True,True,False,0.512,0.628,0,1.0,1.003,1.008,1.001,0.024,0.238,0.948,"[np.float64(624.6426285714286), np.float64(748.82673), np.float64(802.819485), np.float64(861.952894), np.float64(948.9909143142858)]",,,1.012,0.446,,,,
Maize_yearly_False_window_7_lags_none_sinusoidal_yes_spline,False,7,spline_lags_none_sinusoidal_yes,0.689,0.0,1171.839,1187.478,True,False,False,0.594,0.579,0,1.0,1.06,1.11,1.009,0.102,0.428,0.207,"[np.float64(624.6426285714286), np.float64(750.454487), np.float64(803.173914), np.float64(861.128863), np.float64(948.9909143142858)]",,,,,1.051,1.129,0.05,0.828
Maize_yearly_False_window_7_lags_0_sinusoidal_yes_spline,False,7,spline_lags_0_sinusoidal_yes,0.696,0.0,1172.301,1190.174,True,False,False,0.566,0.625,0,1.0,1.068,1.152,1.029,0.127,0.338,0.158,"[np.float64(624.6426285714286), np.float64(750.454487), np.float64(803.173914), np.float64(861.128863), np.float64(948.9909143142858)]",1.052,0.216,,,1.057,1.141,0.061,0.723
Maize_yearly_False_window_7_lags_1_sinusoidal_yes_spline,False,7,spline_lags_1_sinusoidal_yes,0.715,0.0,1148.24,1165.996,True,True,False,0.532,0.615,0,1.0,1.055,1.125,1.006,0.052,0.426,0.93,"[np.float64(624.6426285714286), np.float64(748.82673), np.float64(802.819485), np.float64(861.952894), np.float64(948.9909143142858)]",,,1.012,0.4,1.049,1.125,0.061,0.488
Maize_yearly_True_window_7_lags_none_sinusoidal_no_spline,True,7,spline_lags_none_sinusoidal_no,0.74,0.0,616.184,624.239,True,True,False,0.573,0.622,0,1.0,1.0,1.0,1.0,0.023,0.118,0.809,"[np.float64(657.7737523809523), np.float64(725.3012), np.float64(778.908716), np.float64(821.270161), np.float64(896.4259611277777)]",,,,,,,,
Maize_yearly_True_window_7_lags_0_sinusoidal_no_spline,True,7,spline_lags_0_sinusoidal_no,0.811,0.0,606.326,615.992,True,True,False,1.049,-0.375,0,1.0,1.016,1.039,1.002,0.004,0.028,0.889,"[np.float64(657.7737523809523), np.float64(725.3012), np.float64(778.908716), np.float64(821.270161), np.float64(896.4259611277777)]",1.057,0.002,,,,,,
Maize_yearly_True_window_7_lags_1_sinusoidal_no_spline,True,7,spline_lags_1_sinusoidal_no,0.864,0.0,576.504,586.005,True,True,False,1.27,0.772,0,1.0,1.0,1.001,1.013,0.001,0.003,0.684,"[np.float64(657.7737523809523), np.float64(727.559072), np.float64(768.421663), np.float64(814.240933), np.float64(896.4259611277777)]",,,1.014,0.658,,,,
Maize_yearly_True_window_7_lags_none_sinusoidal_yes_spline,True,7,spline_lags_none_sinusoidal_yes,0.775,0.0,614.833,626.109,True,True,False,0.663,0.616,0,1.0,1.347,1.051,1.013,0.005,0.207,0.997,"[np.float64(657.7737523809523), np.float64(725.3012), np.float64(778.908716), np.float64(821.270161), np.float64(896.4259611277777)]",,,,,1.085,1.327,0.063,0.231
Maize_yearly_True_window_7_lags_0_sinusoidal_yes_spline,True,7,spline_lags_0_sinusoidal_yes,0.862,0.0,598.792,611.68,True,True,False,1.097,0.787,0,1.0,1.357,1.075,1.034,0.0,0.03,0.551,"[np.float64(657.7737523809523), np.float64(725.3012), np.float64(778.908716), np.float64(821.270161), np.float64(896.4259611277777)]",1.053,0.0,,,1.085,1.327,0.026,0.121
Maize_yearly_True_window_7_lags_1_sinusoidal_yes_spline,True,7,spline_lags_1_sinusoidal_yes,0.878,0.0,576.698,589.366,True,True,False,1.346,0.753,0,1.0,1.34,1.046,1.017,0.001,0.004,0.62,"[np.float64(657.7737523809523), np.float64(727.559072), np.float64(768.421663), np.float64(814.240933), np.float64(896.4259611277777)]",,,1.014,0.667,1.062,1.328,0.088,0.841
Maize_yearly_False_window_8_lags_none_sinusoidal_no_spline,False,8,spline_lags_none_sinusoidal_no,0.692,0.0,1166.149,1177.32,True,True,False,0.725,0.301,0,1.0,1.0,1.0,1.0,0.3,0.265,0.437,"[np.float64(648.155925), np.float64(759.131655), np.float64(798.803), np.float64(867.771867), np.float64(936.824300025)]",,,,,,,,
Maize_yearly_False_window_8_lags_0_sinusoidal_no_spline,False,8,spline_lags_0_sinusoidal_no,0.694,0.0,1167.703,1181.108,True,True,False,0.76,0.283,0,1.0,1.003,1.01,1.022,0.294,0.264,0.391,"[np.float64(648.155925), np.float64(759.131655), np.float64(798.803), np.float64(867.771867), np.float64(936.824300025)]",1.034,0.525,,,,,,
Maize_yearly_False_window_8_lags_1_sinusoidal_no_spline,False,8,spline_lags_1_sinusoidal_no,0.73,0.0,1138.978,1152.295,True,True,False,0.781,0.6,0,1.0,1.004,1.019,1.047,0.079,0.775,0.386,"[np.float64(648.155925), np.float64(759.015795), np.float64(816.886547), np.float64(876.972792), np.float64(936.8243000250001)]",,,1.07,0.385,,,,
Maize_yearly_False_window_8_lags_none_sinusoidal_yes_spline,False,8,spline_lags_none_sinusoidal_yes,0.712,0.0,1165.378,1181.016,True,False,False,0.766,0.262,0,1.0,1.092,1.212,1.006,0.527,0.485,0.398,"[np.float64(648.155925), np.float64(759.131655), np.float64(798.803), np.float64(867.771867), np.float64(936.824300025)]",,,,,1.094,1.216,0.082,0.31
Maize_yearly_False_window_8_lags_0_sinusoidal_yes_spline,False,8,spline_lags_0_sinusoidal_yes,0.75,0.0,1157.759,1175.631,True,True,False,0.817,0.379,0,1.0,1.101,1.236,1.037,0.353,0.268,0.162,"[np.float64(648.155925), np.float64(759.131655), np.float64(798.803), np.float64(867.771867), np.float64(936.824300025)]",1.056,0.01,,,1.094,1.224,0.066,0.1
Maize_yearly_False_window_8_lags_1_sinusoidal_yes_spline,False,8,spline_lags_1_sinusoidal_yes,0.749,0.0,1137.869,1155.625,True,True,False,0.814,0.605,0,1.0,1.052,1.31,1.082,0.206,0.681,0.537,"[np.float64(648.155925), np.float64(759.015795), np.float64(816.886547), np.float64(876.972792), np.float64(936.8243000250001)]",,,1.08,0.355,1.122,1.243,0.172,0.122
Maize_yearly_True_window_8_lags_none_sinusoidal_no_spline,True,8,spline_lags_none_sinusoidal_no,0.771,0.0,610.778,618.832,False,True,False,0.867,0.691,0,1.0,1.0,1.0,1.0,0.017,0.044,0.136,"[np.float64(652.7589083333332), np.float64(720.565151), np.float64(769.289046), np.float64(830.185229), np.float64(896.4259611277777)]",,,,,,,,
Maize_yearly_True_window_8_lags_0_sinusoidal_no_spline,True,8,spline_lags_0_sinusoidal_no,0.773,0.0,612.551,622.217,False,True,False,0.862,0.658,0,1.0,1.002,1.032,1.072,0.019,0.044,0.126,"[np.float64(652.7589083333332), np.float64(720.565151), np.float64(769.289046), np.float64(830.185229), np.float64(896.4259611277777)]",1.105,0.665,,,,,,
Maize_yearly_True_window_8_lags_1_sinusoidal_no_spline,True,8,spline_lags_1_sinusoidal_no,0.904,0.0,562.906,572.407,True,True,False,1.408,0.847,0,1.0,1.01,1.017,1.055,0.0,0.001,0.22,"[np.float64(652.7589083333334), np.float64(722.474594), np.float64(773.038783), np.float64(819.71906), np.float64(896.4259611277777)]",,,1.082,0.294,,,,
Maize_yearly_True_window_8_lags_none_sinusoidal_yes_spline,True,8,spline_lags_none_sinusoidal_yes,0.792,0.0,611.307,622.583,False,True,False,0.928,0.596,0,1.0,1.238,1.035,1.01,0.005,0.067,0.174,"[np.float64(652.7589083333332), np.float64(720.565151), np.float64(769.289046), np.float64(830.185229), np.float64(896.4259611277777)]",,,,,1.184,1.099,0.102,0.603
Maize_yearly_True_window_8_lags_0_sinusoidal_yes_spline,True,8,spline_lags_0_sinusoidal_yes,0.794,0.0,612.861,625.748,False,True,False,0.929,0.533,0,1.0,1.239,1.072,1.089,0.006,0.065,0.147,"[np.float64(652.7589083333332), np.float64(720.565151), np.float64(769.289046), np.float64(830.185229), np.float64(896.4259611277777)]",1.108,0.695,,,1.181,1.112,0.093,0.726
Maize_yearly_True_window_8_lags_1_sinusoidal_yes_spline,True,8,spline_lags_1_sinusoidal_yes,0.916,0.0,562.065,574.733,True,True,True,1.583,0.829,0,1.0,1.226,1.072,1.094,0.0,0.002,0.222,"[np.float64(652.7589083333334), np.float64(722.474594), np.float64(773.038783), np.float64(819.71906), np.float64(896.4259611277777)]",,,1.095,0.281,1.154,1.144,0.097,0.415
Maize_yearly_False_window_9_lags_none_sinusoidal_no_spline,False,9,spline_lags_none_sinusoidal_no,0.772,0.0,1143.291,1154.462,True,True,False,0.731,0.746,0,1.0,1.0,1.0,1.0,0.059,0.025,0.533,"[np.float64(646.8319999999999), np.float64(754.060445), np.float64(797.901933), np.float64(864.534644), np.float64(922.1666222444443)]",,,,,,,,
Maize_yearly_False_window_9_lags_0_sinusoidal_no_spline,False,9,spline_lags_0_sinusoidal_no,0.788,0.0,1140.166,1153.57,True,True,False,0.717,0.37,0,1.0,1.011,1.024,1.01,0.032,0.042,0.395,"[np.float64(646.8319999999999), np.float64(754.060445), np.float64(797.901933), np.float64(864.534644), np.float64(922.1666222444443)]",1.044,0.031,,,,,,
Maize_yearly_False_window_9_lags_1_sinusoidal_no_spline,False,9,spline_lags_1_sinusoidal_no,0.783,0.0,1121.85,1135.167,True,True,False,0.637,0.749,0,1.0,1.007,1.001,1.004,0.033,0.116,0.741,"[np.float64(646.832), np.float64(763.655356), np.float64(799.710211), np.float64(865.710911), np.float64(922.1666222444445)]",,,1.013,0.19,,,,
Maize_yearly_False_window_9_lags_none_sinusoidal_yes_spline,False,9,spline_lags_none_sinusoidal_yes,0.791,0.0,1141.232,1156.87,False,True,False,0.826,0.733,0,1.0,1.155,1.257,1.008,0.255,0.025,0.551,"[np.float64(646.8319999999999), np.float64(754.060445), np.float64(797.901933), np.float64(864.534644), np.float64(922.1666222444443)]",,,,,1.05,1.37,0.091,0.122
Maize_yearly_False_window_9_lags_0_sinusoidal_yes_spline,False,9,spline_lags_0_sinusoidal_yes,0.809,0.0,1137.224,1155.097,False,True,False,0.836,0.154,0,1.0,1.156,1.262,1.019,0.219,0.029,0.389,"[np.float64(646.8319999999999), np.float64(754.060445), np.float64(797.901933), np.float64(864.534644), np.float64(922.1666222444443)]",1.043,0.062,,,1.051,1.344,0.078,0.054
Maize_yearly_False_window_9_lags_1_sinusoidal_yes_spline,False,9,spline_lags_1_sinusoidal_yes,0.802,0.0,1119.692,1137.448,False,True,False,0.723,0.772,0,1.0,1.147,1.253,1.01,0.177,0.085,0.816,"[np.float64(646.832), np.float64(763.655356), np.float64(799.710211), np.float64(865.710911), np.float64(922.1666222444445)]",,,1.013,0.158,1.045,1.351,0.131,0.083
Maize_yearly_True_window_9_lags_none_sinusoidal_no_spline,True,9,spline_lags_none_sinusoidal_no,0.883,0.0,585.281,593.336,True,True,False,0.941,0.774,0,1.0,1.0,1.0,1.0,0.002,0.0,0.191,"[np.float64(645.7934740740741), np.float64(730.903046), np.float64(761.515202), np.float64(822.321101), np.float64(896.4259611277777)]",,,,,,,,
Maize_yearly_True_window_9_lags_0_sinusoidal_no_spline,True,9,spline_lags_0_sinusoidal_no,0.917,0.0,574.523,584.189,True,True,False,1.188,0.848,0,1.0,1.029,1.005,1.015,0.0,0.0,0.274,"[np.float64(645.7934740740741), np.float64(730.903046), np.float64(761.515202), np.float64(822.321101), np.float64(896.4259611277777)]",1.048,0.001,,,,,,
Maize_yearly_True_window_9_lags_1_sinusoidal_no_spline,True,9,spline_lags_1_sinusoidal_no,0.932,0.0,549.309,558.81,True,True,False,1.306,0.862,0,1.0,1.043,1.0,1.0,0.0,0.0,0.344,"[np.float64(645.7934740740741), np.float64(720.50252), np.float64(752.958656), np.float64(818.793978), np.float64(896.4259611277777)]",,,1.043,0.293,,,,
Maize_yearly_True_window_9_lags_none_sinusoidal_yes_spline,True,9,spline_lags_none_sinusoidal_yes,0.895,0.0,585.245,596.522,True,True,False,1.039,0.754,0,1.0,1.173,1.049,1.036,0.001,0.0,0.327,"[np.float64(645.7934740740741), np.float64(730.903046), np.float64(761.515202), np.float64(822.321101), np.float64(896.4259611277777)]",,,,,1.159,1.099,0.075,0.925
Maize_yearly_True_window_9_lags_0_sinusoidal_yes_spline,True,9,spline_lags_0_sinusoidal_yes,0.935,0.0,569.383,582.27,True,True,True,1.545,0.806,0,1.0,1.192,1.05,1.056,0.0,0.0,0.54,"[np.float64(645.7934740740741), np.float64(730.903046), np.float64(761.515202), np.float64(822.321101), np.float64(896.4259611277777)]",1.057,0.0,,,1.16,1.082,0.015,0.298
Maize_yearly_True_window_9_lags_1_sinusoidal_yes_spline,True,9,spline_lags_1_sinusoidal_yes,0.944,0.0,546.728,559.396,True,True,True,1.54,0.859,0,1.0,1.204,1.04,1.029,0.0,0.0,0.213,"[np.float64(645.7934740740741), np.float64(720.50252), np.float64(752.958656), np.float64(818.793978), np.float64(896.4259611277777)]",,,1.05,0.256,1.137,1.085,0.044,0.375
Maize_yearly_False_window_10_lags_none_sinusoidal_no_spline,False,10,spline_lags_none_sinusoidal_no,0.814,0.0,1127.879,1139.049,True,True,False,0.891,0.746,0,1.0,1.0,1.0,1.0,0.0,0.857,0.89,"[np.float64(667.0658), np.float64(763.177928), np.float64(831.396255), np.float64(868.5303), np.float64(935.9635840000001)]",,,,,,,,
Maize_yearly_False_window_10_lags_0_sinusoidal_no_spline,False,10,spline_lags_0_sinusoidal_no,0.82,0.0,1127.605,1141.009,True,True,False,0.911,0.759,0,1.0,1.003,1.004,1.042,0.0,0.946,0.877,"[np.float64(667.0658), np.float64(763.177928), np.float64(831.396255), np.float64(868.5303), np.float64(935.9635840000001)]",1.05,0.151,,,,,,
Maize_yearly_False_window_10_lags_1_sinusoidal_no_spline,False,10,spline_lags_1_sinusoidal_no,0.826,0.0,1105.222,1118.539,True,True,False,0.787,0.793,0,1.0,1.003,1.024,1.021,0.002,0.647,0.429,"[np.float64(667.0658000000001), np.float64(762.970442), np.float64(833.51916), np.float64(868.930825), np.float64(935.9635839999999)]",,,1.049,0.158,,,,
Maize_yearly_False_window_10_lags_none_sinusoidal_yes_spline,False,10,spline_lags_none_sinusoidal_yes,0.84,0.0,1121.497,1137.135,True,True,False,1.166,0.765,0,1.0,1.025,1.589,1.002,0.0,0.202,0.857,"[np.float64(667.0658), np.float64(763.177928), np.float64(831.396255), np.float64(868.5303), np.float64(935.9635840000001)]",,,,,1.079,1.536,0.274,0.007
Maize_yearly_False_window_10_lags_0_sinusoidal_yes_spline,False,10,spline_lags_0_sinusoidal_yes,0.846,0.0,1120.779,1138.652,True,True,False,1.23,0.772,0,1.0,1.028,1.601,1.047,0.0,0.177,0.885,"[np.float64(667.0658), np.float64(763.177928), np.float64(831.396255), np.float64(868.5303), np.float64(935.9635840000001)]",1.049,0.235,,,1.079,1.547,0.268,0.004
Maize_yearly_False_window_10_lags_1_sinusoidal_yes_spline,False,10,spline_lags_1_sinusoidal_yes,0.85,0.0,1099.026,1116.782,True,True,False,1.025,0.822,0,1.0,1.036,1.617,1.05,0.001,0.419,0.57,"[np.float64(667.0658000000001), np.float64(762.970442), np.float64(833.51916), np.float64(868.930825), np.float64(935.9635839999999)]",,,1.066,0.074,1.095,1.543,0.405,0.006
Maize_yearly_True_window_10_lags_none_sinusoidal_no_spline,True,10,spline_lags_none_sinusoidal_no,0.89,0.0,581.882,589.936,True,True,False,0.826,0.832,0,1.0,1.0,1.0,1.0,0.003,0.002,0.791,"[np.float64(660.6203266666666), np.float64(727.850525), np.float64(777.695733), np.float64(821.82687), np.float64(896.4259611277777)]",,,,,,,,
Maize_yearly_True_window_10_lags_0_sinusoidal_no_spline,True,10,spline_lags_0_sinusoidal_no,0.897,0.0,581.406,591.072,True,True,False,0.823,0.814,0,1.0,1.003,1.022,1.0,0.003,0.002,0.78,"[np.float64(660.6203266666666), np.float64(727.850525), np.float64(777.695733), np.float64(821.82687), np.float64(896.4259611277777)]",1.025,0.153,,,,,,
Maize_yearly_True_window_10_lags_1_sinusoidal_no_spline,True,10,spline_lags_1_sinusoidal_no,0.947,0.0,539.097,548.598,True,True,False,1.31,0.931,0,1.0,1.0,1.001,1.05,0.0,0.027,0.555,"[np.float64(660.6203266666666), np.float64(716.885536), np.float64(783.264888), np.float64(824.795449), np.float64(896.4259611277777)]",,,1.052,0.341,,,,
Maize_yearly_True_window_10_lags_none_sinusoidal_yes_spline,True,10,spline_lags_none_sinusoidal_yes,0.898,0.0,583.192,594.468,True,True,False,0.88,0.841,0,1.0,1.138,1.071,1.093,0.002,0.002,0.924,"[np.float64(660.6203266666666), np.float64(727.850525), np.float64(777.695733), np.float64(821.82687), np.float64(896.4259611277777)]",,,,,1.181,1.12,0.246,0.367
Maize_yearly_True_window_10_lags_0_sinusoidal_yes_spline,True,10,spline_lags_0_sinusoidal_yes,0.903,0.0,583.333,596.22,False,True,False,0.869,0.82,0,1.0,1.143,1.106,1.1,0.002,0.004,1.0,"[np.float64(660.6203266666666), np.float64(727.850525), np.float64(777.695733), np.float64(821.82687), np.float64(896.4259611277777)]",1.027,0.16,,,1.181,1.142,0.264,0.551
Maize_yearly_True_window_10_lags_1_sinusoidal_yes_spline,True,10,spline_lags_1_sinusoidal_yes,0.958,0.0,534.87,547.538,True,True,True,1.632,0.927,0,1.0,1.126,1.078,1.228,0.0,0.022,0.258,"[np.float64(660.6203266666666), np.float64(716.885536), np.float64(783.264888), np.float64(824.795449), np.float64(896.4259611277777)]",,,1.062,0.367,1.344,1.026,0.122,0.043
